517776.142281352;	cycle,it,executionDll, simulationDll, executionTrainLl, simulationTrainLl,realTrainLl, executionValidLl, realValidLl, executionTestLl, realTestLl
517776.14244430204;	0.0,0.0,0.0,0.0,-1.1009782743277542E7,-1.1009782743277542E7,-1.1009782743277542E7,-2754222.843094228,-2754222.843094228,0.0,0.0
524659.640504926;	0.0,1.0,15239.043945655409,15239.043945655409,-1.0994543699331887E7,-1.0994543699331887E7,-1.0994543699331887E7,-2750453.0601408137,-2750453.0601408137,0.0,0.0
524684.476632435;	0.0,2.0,15235.709958278632,15235.709958278632,-1.097930798937361E7,-1.097930798937361E7,-1.097930798937361E7,-2746691.4824887025,-2746691.4824887025,0.0,0.0
524710.317236939;	0.0,3.0,14676.88230903001,14676.88230903001,-1.096463110706458E7,-1.096463110706458E7,-1.096463110706458E7,-2743046.1000481187,-2743046.1000481187,0.0,0.0
524763.398000399;	0.0,4.0,14438.434532776511,14438.434532776511,-1.0950192672531804E7,-1.0950192672531804E7,-1.0950192672531804E7,-2739314.0317792874,-2739314.0317792874,0.0,0.0
524789.235150116;	0.0,5.0,14159.617178142678,14159.617178142678,-1.093603305535366E7,-1.093603305535366E7,-1.093603305535366E7,-2735723.323467544,-2735723.323467544,0.0,0.0
524816.0119069561;	0.0,6.0,14147.23461934203,14147.23461934203,-1.0921885820734316E7,-1.0921885820734316E7,-1.0921885820734316E7,-2732194.9389580484,-2732194.9389580484,0.0,0.0
524843.9909129441;	0.0,7.0,14142.265663886305,14142.265663886305,-1.090774355507043E7,-1.090774355507043E7,-1.090774355507043E7,-2728578.662546964,-2728578.662546964,0.0,0.0
524872.533433704;	0.0,8.0,13958.351171872593,13958.351171872593,-1.0893785203898558E7,-1.0893785203898558E7,-1.0893785203898558E7,-2725132.9986242456,-2725132.9986242456,0.0,0.0
524898.143011708;	0.0,9.0,13719.16351628278,13719.16351628278,-1.0880066040382275E7,-1.0880066040382275E7,-1.0880066040382275E7,-2721875.4806372398,-2721875.4806372398,0.0,0.0
524923.5732642061;	0.0,10.0,13405.90009024295,13405.90009024295,-1.0866660140292032E7,-1.0866660140292032E7,-1.0866660140292032E7,-2718335.8737617927,-2718335.8737617927,0.0,0.0
524948.991141209;	0.0,11.0,13299.926661752732,13299.926661752732,-1.0853360213630281E7,-1.0853360213630281E7,-1.0853360213630281E7,-2714945.002032051,-2714945.002032051,0.0,0.0
524973.195389422;	0.0,12.0,13282.344508568836,13282.344508568836,-1.0840077869121712E7,-1.0840077869121712E7,-1.0840077869121712E7,-2711651.8627541135,-2711651.8627541135,0.0,0.0
524997.5797558681;	0.0,13.0,13131.464024308785,13131.464024308785,-1.0826946405097404E7,-1.0826946405097404E7,-1.0826946405097404E7,-2708508.099901647,-2708508.099901647,0.0,0.0
525021.647597239;	0.0,14.0,13050.96597785219,13050.96597785219,-1.0813895439119551E7,-1.0813895439119551E7,-1.0813895439119551E7,-2705183.4759315993,-2705183.4759315993,0.0,0.0
525046.2551258251;	0.0,15.0,13002.490507463437,13002.490507463437,-1.0800892948612088E7,-1.0800892948612088E7,-1.0800892948612088E7,-2702093.99179917,-2702093.99179917,0.0,0.0
525072.2279884111;	0.0,16.0,12995.800605935525,12995.800605935525,-1.0787897148006154E7,-1.0787897148006154E7,-1.0787897148006154E7,-2698780.499446635,-2698780.499446635,0.0,0.0
525100.7473232991;	0.0,17.0,12938.034385248175,12938.034385248175,-1.0774959113620907E7,-1.0774959113620907E7,-1.0774959113620907E7,-2695466.428592997,-2695466.428592997,0.0,0.0
525128.363385807;	0.0,18.0,12915.572719331438,12915.572719331438,-1.0762043540901573E7,-1.0762043540901573E7,-1.0762043540901573E7,-2692364.1428568363,-2692364.1428568363,0.0,0.0
525156.5575763021;	0.0,19.0,12868.02353204264,12868.02353204264,-1.0749175517369531E7,-1.0749175517369531E7,-1.0749175517369531E7,-2689167.2943799444,-2689167.2943799444,0.0,0.0
525183.754557888;	0.0,20.0,12726.087467751135,12726.087467751135,-1.0736449429901782E7,-1.0736449429901782E7,-1.0736449429901782E7,-2685986.192171832,-2685986.192171832,0.0,0.0
525213.080784198;	0.0,21.0,12706.99151802047,12706.99151802047,-1.072374243838376E7,-1.072374243838376E7,-1.072374243838376E7,-2682940.148212918,-2682940.148212918,0.0,0.0
525486.2741515511;	0.0,22.0,12699.113407680885,12699.113407680885,-1.071104332497608E7,-1.071104332497608E7,-1.071104332497608E7,-2679707.4684354463,-2679707.4684354463,0.0,0.0
525512.484241049;	0.0,23.0,12681.199726315288,12681.199726315288,-1.0698362125249764E7,-1.0698362125249764E7,-1.0698362125249764E7,-2676451.1217697365,-2676451.1217697365,0.0,0.0
525541.96635253;	0.0,24.0,12658.00390134751,12658.00390134751,-1.0685704121348415E7,-1.0685704121348415E7,-1.0685704121348415E7,-2673192.0519776167,-2673192.0519776167,0.0,0.0
525568.93047897;	0.0,25.0,12584.295917231328,12584.295917231328,-1.0673119825431185E7,-1.0673119825431185E7,-1.0673119825431185E7,-2670033.0551559385,-2670033.0551559385,0.0,0.0
525595.9872174801;	0.0,26.0,12559.810155824842,12559.810155824842,-1.0660560015275361E7,-1.0660560015275361E7,-1.0660560015275361E7,-2666835.398385186,-2666835.398385186,0.0,0.0
525626.5659767081;	0.0,27.0,12514.027662566572,12514.027662566572,-1.0648045987612793E7,-1.0648045987612793E7,-1.0648045987612793E7,-2663650.3989406815,-2663650.3989406815,0.0,0.0
525651.94703864;	0.0,28.0,12462.295163661787,12462.295163661787,-1.063558369244913E7,-1.063558369244913E7,-1.063558369244913E7,-2660553.849302255,-2660553.849302255,0.0,0.0
525678.834868301;	0.0,29.0,12449.766468337879,12449.766468337879,-1.0623133925980793E7,-1.0623133925980793E7,-1.0623133925980793E7,-2657435.7122011078,-2657435.7122011078,0.0,0.0
525732.4249821501;	0.0,30.0,12343.011111684747,12343.011111684747,-1.0610790914869111E7,-1.0610790914869111E7,-1.0610790914869111E7,-2654370.1727538384,-2654370.1727538384,0.0,0.0
525760.6650613591;	0.0,31.0,36928.42585087993,36928.42585087992,-1.0573862489018232E7,-1.0573862489018232E7,-1.0573862489018232E7,-2645173.1480331435,-2645173.1480331435,0.0,0.0
525815.455853816;	0.0,32.0,12303.12061079537,12303.12061079537,-1.0561559368407438E7,-1.0561559368407438E7,-1.0561559368407438E7,-2641961.1296488275,-2641961.1296488275,0.0,0.0
525841.284640761;	0.0,33.0,12300.806488815499,12300.806488815499,-1.0549258561918624E7,-1.0549258561918624E7,-1.0549258561918624E7,-2638944.6363936253,-2638944.6363936253,0.0,0.0
525868.186952559;	0.0,34.0,36866.768849635584,36866.7688496356,-1.0512391793068992E7,-1.0512391793068992E7,-1.0512391793068992E7,-2629848.9843765902,-2629848.9843765902,0.0,0.0
525923.392590208;	0.0,35.0,12248.739196879698,12248.739196879698,-1.050014305387211E7,-1.050014305387211E7,-1.050014305387211E7,-2626686.689576649,-2626686.689576649,0.0,0.0
525951.569617314;	0.0,36.0,12243.90725277366,12243.90725277366,-1.0487899146619337E7,-1.0487899146619337E7,-1.0487899146619337E7,-2623579.9194060345,-2623579.9194060345,0.0,0.0
525979.023523316;	0.0,37.0,12178.924297397662,12178.924297397662,-1.0475720222321939E7,-1.0475720222321939E7,-1.0475720222321939E7,-2620565.9110837663,-2620565.9110837663,0.0,0.0
526004.2522344671;	0.0,38.0,12124.139767045319,12124.139767045319,-1.0463596082554895E7,-1.0463596082554895E7,-1.0463596082554895E7,-2617464.570676658,-2617464.570676658,0.0,0.0
526033.985361989;	0.0,39.0,12115.110858693912,12115.110858693912,-1.0451480971696202E7,-1.0451480971696202E7,-1.0451480971696202E7,-2614518.6181844654,-2614518.6181844654,0.0,0.0
526062.1341284451;	0.0,40.0,12098.66926318004,12098.66926318004,-1.0439382302433021E7,-1.0439382302433021E7,-1.0439382302433021E7,-2611364.3505382226,-2611364.3505382226,0.0,0.0
526118.610680519;	0.0,41.0,12070.657416366907,12070.657416366907,-1.042731164501665E7,-1.042731164501665E7,-1.042731164501665E7,-2608241.289044797,-2608241.289044797,0.0,0.0
526147.636466208;	0.0,42.0,12059.08889859173,12059.08889859173,-1.0415252556118058E7,-1.0415252556118058E7,-1.0415252556118058E7,-2605233.354505642,-2605233.354505642,0.0,0.0
526176.7268890691;	0.0,43.0,12047.340981441474,12047.340981441474,-1.0403205215136617E7,-1.0403205215136617E7,-1.0403205215136617E7,-2602016.621968111,-2602016.621968111,0.0,0.0
526229.579989969;	0.0,44.0,11979.670824635348,11979.670824635348,-1.0391225544311982E7,-1.0391225544311982E7,-1.0391225544311982E7,-2598991.4035346475,-2598991.4035346475,0.0,0.0
526255.947085279;	0.0,45.0,11973.40772977833,11973.40772977833,-1.0379252136582201E7,-1.0379252136582201E7,-1.0379252136582201E7,-2596095.014533368,-2596095.014533368,0.0,0.0
526283.592108297;	0.0,46.0,35762.725293053285,35762.725293053285,-1.0343489411289148E7,-1.0343489411289148E7,-1.0343489411289148E7,-2586997.2154622367,-2586997.2154622367,0.0,0.0
526338.4083173351;	0.0,47.0,11814.650603116268,11814.650603116268,-1.033167476068603E7,-1.033167476068603E7,-1.033167476068603E7,-2584160.4852948454,-2584160.4852948454,0.0,0.0
526365.812726603;	0.0,48.0,11764.914215710276,11764.914215710276,-1.0319909846470317E7,-1.0319909846470317E7,-1.0319909846470317E7,-2581371.7589780577,-2581371.7589780577,0.0,0.0
526393.598816097;	0.0,49.0,11738.040589094682,11738.040589094682,-1.0308171805881219E7,-1.0308171805881219E7,-1.0308171805881219E7,-2578478.842451812,-2578478.842451812,0.0,0.0
526420.598042645;	0.0,50.0,11722.889899965765,11722.889899965765,-1.0296448915981252E7,-1.0296448915981252E7,-1.0296448915981252E7,-2575613.8611225327,-2575613.8611225327,0.0,0.0
526447.782769882;	0.0,51.0,34945.67317707997,34945.67317707998,-1.0261503242804172E7,-1.0261503242804172E7,-1.0261503242804172E7,-2566838.8162054997,-2566838.8162054997,0.0,0.0
526501.117449971;	0.0,52.0,11613.157551362769,11613.157551362769,-1.0249890085252808E7,-1.0249890085252808E7,-1.0249890085252808E7,-2564022.2936261245,-2564022.2936261245,0.0,0.0
526531.0954254761;	0.0,53.0,34815.24033154802,34815.24033154802,-1.0215074844921257E7,-1.0215074844921257E7,-1.0215074844921257E7,-2555194.8688769317,-2555194.8688769317,0.0,0.0
526710.53560044;	0.0,54.0,34589.01380477365,34589.013804773655,-1.0180485831116486E7,-1.0180485831116486E7,-1.0180485831116486E7,-2546680.073815571,-2546680.073815571,0.0,0.0
526769.1249433251;	0.0,55.0,34532.23118487012,34532.23118487011,-1.0145953599931616E7,-1.0145953599931616E7,-1.0145953599931616E7,-2538057.2200003075,-2538057.2200003075,0.0,0.0
526831.362721157;	0.0,56.0,11467.163604358488,11467.163604358488,-1.0134486436327256E7,-1.0134486436327256E7,-1.0134486436327256E7,-2535171.311195013,-2535171.311195013,0.0,0.0
526863.268806992;	0.0,57.0,34372.19722069637,34372.197220696355,-1.0100114239106558E7,-1.0100114239106558E7,-1.0100114239106558E7,-2526504.6434513032,-2526504.6434513032,0.0,0.0
526919.570515961;	0.0,58.0,11426.735823274506,11426.735823274506,-1.0088687503283283E7,-1.0088687503283283E7,-1.0088687503283283E7,-2523587.026245518,-2523587.026245518,0.0,0.0
526946.3350046261;	0.0,59.0,11404.190179609752,11404.190179609752,-1.0077283313103672E7,-1.0077283313103672E7,-1.0077283313103672E7,-2520778.4876111494,-2520778.4876111494,0.0,0.0
526973.7587309481;	0.0,60.0,11400.452305075909,11400.452305075909,-1.0065882860798595E7,-1.0065882860798595E7,-1.0065882860798595E7,-2517844.133241284,-2517844.133241284,0.0,0.0
526999.55090267;	0.0,61.0,11368.866138399633,11368.866138399633,-1.0054513994660195E7,-1.0054513994660195E7,-1.0054513994660195E7,-2514902.4550525965,-2514902.4550525965,0.0,0.0
527028.2789816001;	0.0,62.0,11367.04977697874,11367.04977697874,-1.0043146944883218E7,-1.0043146944883218E7,-1.0043146944883218E7,-2511994.4296914903,-2511994.4296914903,0.0,0.0
527055.2000967821;	0.0,63.0,11340.13312489889,11340.13312489889,-1.0031806811758319E7,-1.0031806811758319E7,-1.0031806811758319E7,-2509003.9897476723,-2509003.9897476723,0.0,0.0
527085.4109769061;	0.0,64.0,11338.064725684548,11338.064725684548,-1.0020468747032637E7,-1.0020468747032637E7,-1.0020468747032637E7,-2506253.410450509,-2506253.410450509,0.0,0.0
527111.366851559;	0.0,65.0,11321.988220626838,11321.988220626838,-1.0009146758812008E7,-1.0009146758812008E7,-1.0009146758812008E7,-2503335.78759648,-2503335.78759648,0.0,0.0
527137.7554614941;	0.0,66.0,11280.64189481757,11280.64189481757,-9997866.11691719,-9997866.11691719,-9997866.11691719,-2500515.5473470967,-2500515.5473470967,0.0,0.0
527163.976540647;	0.0,67.0,11259.612160841963,11259.612160841963,-9986606.504756348,-9986606.504756348,-9986606.504756348,-2497611.643233523,-2497611.643233523,0.0,0.0
527245.518398322;	0.0,68.0,11233.443266593094,11233.443266593094,-9975373.061489755,-9975373.061489755,-9975373.061489755,-2494594.3133683833,-2494594.3133683833,0.0,0.0
527274.854528364;	0.0,69.0,33600.183116016815,33600.18311601681,-9941772.87837374,-9941772.87837374,-9941772.87837374,-2486018.7225425583,-2486018.7225425583,0.0,0.0
527331.472742631;	0.0,70.0,11193.957809078973,11193.957809078973,-9930578.920564657,-9930578.920564657,-9930578.920564657,-2483123.0957402126,-2483123.0957402126,0.0,0.0
527358.054440613;	0.0,71.0,11166.43570117349,11166.43570117349,-9919412.484863484,-9919412.484863484,-9919412.484863484,-2480378.291200548,-2480378.291200548,0.0,0.0
527385.0661721521;	0.0,72.0,11109.649518981452,11109.649518981452,-9908302.835344505,-9908302.835344505,-9908302.835344505,-2477538.773810804,-2477538.773810804,0.0,0.0
527408.384196492;	0.0,73.0,10991.983589308507,10991.983589308507,-9897310.851755196,-9897310.851755196,-9897310.851755196,-2474767.3864994417,-2474767.3864994417,0.0,0.0
527437.009119782;	0.0,74.0,10933.64866524735,10933.64866524735,-9886377.203089949,-9886377.203089949,-9886377.203089949,-2472033.118886287,-2472033.118886287,0.0,0.0
527467.526284517;	0.0,75.0,10919.765347770284,10919.765347770284,-9875457.437742177,-9875457.437742177,-9875457.437742177,-2469267.3178354315,-2469267.3178354315,0.0,0.0
527524.164971472;	0.0,76.0,10915.184215967514,10915.184215967514,-9864542.25352621,-9864542.25352621,-9864542.25352621,-2466581.0873588235,-2466581.0873588235,0.0,0.0
527582.8102876351;	0.0,77.0,10908.583409583596,10908.583409583596,-9853633.670116626,-9853633.670116626,-9853633.670116626,-2463895.6907676924,-2463895.6907676924,0.0,0.0
527608.926173673;	0.0,78.0,32681.97879429547,32681.97879429547,-9820951.691322329,-9820951.691322329,-9820951.691322329,-2455715.3147551585,-2455715.3147551585,0.0,0.0
527669.336965455;	0.0,79.0,32681.163012715864,32681.163012715864,-9788270.528309613,-9788270.528309613,-9788270.528309613,-2447417.3985470766,-2447417.3985470766,0.0,0.0
527732.008182582;	0.0,80.0,10879.158783446885,10879.158783446885,-9777391.369526166,-9777391.369526166,-9777391.369526166,-2444704.594249703,-2444704.594249703,0.0,0.0
527762.682428978;	0.0,81.0,32599.049495883264,32599.04949588325,-9744792.320030283,-9744792.320030283,-9744792.320030283,-2436567.6411233433,-2436567.6411233433,0.0,0.0
527819.8632000671;	0.0,82.0,10857.953562732357,10857.953562732357,-9733934.36646755,-9733934.36646755,-9733934.36646755,-2433870.0388565673,-2433870.0388565673,0.0,0.0
527851.517629741;	0.0,83.0,10830.165594889317,10830.165594889317,-9723104.200872662,-9723104.200872662,-9723104.200872662,-2431062.7028057473,-2431062.7028057473,0.0,0.0
527880.8890063111;	0.0,84.0,10746.953413541538,10746.953413541538,-9712357.24745912,-9712357.24745912,-9712357.24745912,-2428474.40324053,-2428474.40324053,0.0,0.0
527907.577906519;	0.0,85.0,10745.39038554309,10745.39038554309,-9701611.857073575,-9701611.857073575,-9701611.857073575,-2425743.4321035836,-2425743.4321035836,0.0,0.0
527991.2555281781;	0.0,86.0,10673.140833491503,10673.140833491503,-9690938.716240084,-9690938.716240084,-9690938.716240084,-2423067.7647250416,-2423067.7647250416,0.0,0.0
528017.672797109;	0.0,87.0,10624.134322578939,10624.134322578939,-9680314.581917504,-9680314.581917504,-9680314.581917504,-2420565.832034775,-2420565.832034775,0.0,0.0
528045.673602078;	0.0,88.0,10571.301506617856,10571.301506617856,-9669743.280410884,-9669743.280410884,-9669743.280410884,-2417939.340859563,-2417939.340859563,0.0,0.0
528072.6093703221;	0.0,89.0,31625.451765309022,31625.451765309022,-9638117.828645578,-9638117.828645578,-9638117.828645578,-2409828.1777409245,-2409828.1777409245,0.0,0.0
528126.442982659;	0.0,90.0,31590.41228212488,31590.412282124886,-9606527.416363453,-9606527.416363453,-9606527.416363453,-2401992.858832674,-2401992.858832674,0.0,0.0
528184.0775644591;	0.0,91.0,31574.86716089635,31574.867160896356,-9574952.549202556,-9574952.549202556,-9574952.549202556,-2394099.4602383724,-2394099.4602383724,0.0,0.0
528238.974870107;	0.0,92.0,10399.741844018696,10399.741844018696,-9564552.807358539,-9564552.807358539,-9564552.807358539,-2391550.74428757,-2391550.74428757,0.0,0.0
528269.560489202;	0.0,93.0,31187.140828709642,31187.140828709635,-9533365.666529832,-9533365.666529832,-9533365.666529832,-2383648.178686414,-2383648.178686414,0.0,0.0
528328.5460528231;	0.0,94.0,10329.846323848717,10329.846323848717,-9523035.820205985,-9523035.820205985,-9523035.820205985,-2381078.1550732045,-2381078.1550732045,0.0,0.0
528355.667433356;	0.0,95.0,10268.951427678614,10268.951427678614,-9512766.868778301,-9512766.868778301,-9512766.868778301,-2378450.643357607,-2378450.643357607,0.0,0.0
528383.283977465;	0.0,96.0,30793.755639025712,30793.755639025698,-9481973.113139277,-9481973.113139277,-9481973.113139277,-2370703.0120279617,-2370703.0120279617,0.0,0.0
528496.085773683;	0.0,97.0,10234.58323487149,10234.58323487149,-9471738.529904405,-9471738.529904405,-9471738.529904405,-2368073.6542319697,-2368073.6542319697,0.0,0.0
528525.486154314;	0.0,98.0,10188.326047057773,10188.326047057773,-9461550.203857346,-9461550.203857346,-9461550.203857346,-2365583.9955074294,-2365583.9955074294,0.0,0.0
528556.110888752;	0.0,99.0,30327.085851720236,30327.085851720236,-9431223.118005628,-9431223.118005628,-9431223.118005628,-2357942.9407902327,-2357942.9407902327,0.0,0.0
528614.979990909;	0.0,100.0,10079.500016053233,10079.500016053233,-9421143.617989575,-9421143.617989575,-9421143.617989575,-2355387.7892696243,-2355387.7892696243,0.0,0.0
528643.413366539;	0.0,101.0,9991.003571025336,9991.003571025336,-9411152.614418553,-9411152.614418553,-9411152.614418553,-2352938.5484285094,-2352938.5484285094,0.0,0.0
528672.720769215;	0.0,102.0,29905.3271881241,29905.3271881241,-9381247.287230426,-9381247.287230426,-9381247.287230426,-2345479.6979183434,-2345479.6979183434,0.0,0.0
528735.964854164;	0.0,103.0,29239.698363812327,29239.698363812335,-9352007.588866616,-9352007.588866616,-9352007.588866616,-2338190.902987071,-2338190.902987071,0.0,0.0
528853.106638107;	0.0,104.0,9724.663461140346,9724.663461140346,-9342282.925405474,-9342282.925405474,-9342282.925405474,-2335711.17877811,-2335711.17877811,0.0,0.0
528883.780835408;	0.0,105.0,29106.8449776456,29106.8449776456,-9313176.080427827,-9313176.080427827,-9313176.080427827,-2328504.9318736955,-2328504.9318736955,0.0,0.0
528942.661126766;	0.0,106.0,29011.559253726773,29011.55925372678,-9284164.521174101,-9284164.521174101,-9284164.521174101,-2321202.3660089374,-2321202.3660089374,0.0,0.0
529002.8367919431;	0.0,107.0,9592.909681830504,9592.909681830504,-9274571.61149227,-9274571.61149227,-9274571.61149227,-2318720.458643373,-2318720.458643373,0.0,0.0
529033.127661313;	0.0,108.0,28661.386541387015,28661.386541387023,-9245910.224950885,-9245910.224950885,-9245910.224950885,-2311633.784681449,-2311633.784681449,0.0,0.0
529096.223106862;	0.0,109.0,9519.56910591491,9519.56910591491,-9236390.65584497,-9236390.65584497,-9236390.65584497,-2309304.53108594,-2309304.53108594,0.0,0.0
529155.5934234681;	0.0,110.0,9501.186888323893,9501.186888323893,-9226889.468956644,-9226889.468956644,-9226889.468956644,-2306879.4399173292,-2306879.4399173292,0.0,0.0
529181.95732969;	0.0,111.0,9484.928265101218,9484.928265101218,-9217404.540691542,-9217404.540691542,-9217404.540691542,-2304589.3007784258,-2304589.3007784258,0.0,0.0
529211.709642921;	0.0,112.0,28423.869560199215,28423.869560199215,-9188980.67113134,-9188980.67113134,-9188980.67113134,-2297509.4901275407,-2297509.4901275407,0.0,0.0
529273.328596343;	0.0,113.0,28354.87825183961,28354.87825183962,-9160625.792879501,-9160625.792879501,-9160625.792879501,-2290194.9195961794,-2290194.9195961794,0.0,0.0
529339.0554829751;	0.0,114.0,27915.666574680894,27915.666574680894,-9132710.126304826,-9132710.126304826,-9132710.126304826,-2282872.4716352923,-2282872.4716352923,0.0,0.0
529400.349154292;	0.0,115.0,9266.979045180819,9266.979045180819,-9123443.147259643,-9123443.147259643,-9123443.147259643,-2280475.200159828,-2280475.200159828,0.0,0.0
529430.559259269;	0.0,116.0,27484.871711061314,27484.871711061314,-9095958.275548583,-9095958.275548583,-9095958.275548583,-2273574.0682153082,-2273574.0682153082,0.0,0.0
529493.25264027;	0.0,117.0,9151.082420288745,9151.082420288745,-9086807.193128293,-9086807.193128293,-9086807.193128293,-2271377.522175899,-2271377.522175899,0.0,0.0
529525.500616316;	0.0,118.0,9112.356667365719,9112.356667365719,-9077694.836460928,-9077694.836460928,-9077694.836460928,-2269176.8955489662,-2269176.8955489662,0.0,0.0
529554.114948719;	0.0,119.0,9110.08889228938,9110.08889228938,-9068584.747568643,-9068584.747568643,-9068584.747568643,-2267009.0756101133,-2267009.0756101133,0.0,0.0
529583.910587509;	0.0,120.0,9086.901750526089,9086.901750526089,-9059497.84581812,-9059497.84581812,-9059497.84581812,-2264628.9225401124,-2264628.9225401124,0.0,0.0
529613.277949983;	0.0,121.0,27122.87977329445,27122.87977329445,-9032374.966044823,-9032374.966044823,-9032374.966044823,-2257849.3643864812,-2257849.3643864812,0.0,0.0
529678.9825815241;	0.0,122.0,27062.82358502633,27062.82358502633,-9005312.142459797,-9005312.142459797,-9005312.142459797,-2251003.7833274286,-2251003.7833274286,0.0,0.0
529743.435523075;	0.0,123.0,8944.701556246708,8944.701556246708,-8996367.44090355,-8996367.44090355,-8996367.44090355,-2248815.6779066706,-2248815.6779066706,0.0,0.0
529778.057139019;	0.0,124.0,26627.922176609674,26627.92217660968,-8969739.518726943,-8969739.518726943,-8969739.518726943,-2242014.8263174845,-2242014.8263174845,0.0,0.0
529972.5611069581;	0.0,125.0,8863.539648469701,8863.539648469701,-8960875.97907847,-8960875.97907847,-8960875.97907847,-2239933.0151639935,-2239933.0151639935,0.0,0.0
530000.169492239;	0.0,126.0,8817.075612937875,8817.075612937875,-8952058.903465545,-8952058.903465545,-8952058.903465545,-2237757.5594945033,-2237757.5594945033,0.0,0.0
530030.293873009;	0.0,127.0,8812.196213875224,8812.196213875224,-8943246.70725167,-8943246.70725167,-8943246.70725167,-2235513.0920934486,-2235513.0920934486,0.0,0.0
530182.3714496781;	0.0,128.0,8669.114869731675,8669.114869731675,-8934577.592381937,-8934577.592381937,-8934577.592381937,-2233266.120530229,-2233266.120530229,0.0,0.0
530210.5203997181;	0.0,129.0,25794.108725910988,25794.108725910988,-8908783.483656028,-8908783.483656028,-8908783.483656028,-2226881.853371822,-2226881.853371822,0.0,0.0
530335.282944028;	0.0,130.0,8593.444741644249,8593.444741644249,-8900190.038914384,-8900190.038914384,-8900190.038914384,-2224857.690351034,-2224857.690351034,0.0,0.0
530365.313364601;	0.0,131.0,8573.233565611634,8573.233565611634,-8891616.805348767,-8891616.805348767,-8891616.805348767,-2222766.4185211477,-2222766.4185211477,0.0,0.0
530395.9204039341;	0.0,132.0,8491.772152468126,8491.772152468126,-8883125.033196295,-8883125.033196295,-8883125.033196295,-2220723.7923759976,-2220723.7923759976,0.0,0.0
530424.311535966;	0.0,133.0,8489.073572014284,8489.073572014284,-8874635.959624285,-8874635.959624285,-8874635.959624285,-2218639.992569814,-2218639.992569814,0.0,0.0
530454.8536738771;	0.0,134.0,24894.24384891892,24894.24384891891,-8849741.715775361,-8849741.715775361,-8849741.715775361,-2212339.801771964,-2212339.801771964,0.0,0.0
530525.275662267;	0.0,135.0,24853.154650332628,24853.154650332628,-8824888.56112503,-8824888.56112503,-8824888.56112503,-2206174.339300669,-2206174.339300669,0.0,0.0
530591.811830939;	0.0,136.0,8167.9730710807835,8167.9730710807835,-8816720.588053951,-8816720.588053951,-8816720.588053951,-2204128.351006998,-2204128.351006998,0.0,0.0
530619.2389556101;	0.0,137.0,7624.800512235102,7624.800512235102,-8809095.787541712,-8809095.787541712,-8809095.787541712,-2202337.900988318,-2202337.900988318,0.0,0.0
530646.694731461;	0.0,138.0,7555.293854245332,7555.293854245332,-8801540.493687468,-8801540.493687468,-8801540.493687468,-2200477.4397104513,-2200477.4397104513,0.0,0.0
530675.260136378;	0.0,139.0,7518.789825648688,7518.789825648688,-8794021.703861823,-8794021.703861823,-8794021.703861823,-2198493.468394842,-2198493.468394842,0.0,0.0
530704.937853198;	0.0,140.0,7490.298468109046,7490.298468109046,-8786531.405393714,-8786531.405393714,-8786531.405393714,-2196715.2245386643,-2196715.2245386643,0.0,0.0
530735.88307927;	0.0,141.0,7471.277074050229,7471.277074050229,-8779060.128319664,-8779060.128319664,-8779060.128319664,-2194675.201251395,-2194675.201251395,0.0,0.0
530764.9143221481;	0.0,142.0,7033.525898415684,7033.525898415684,-8772026.602421245,-8772026.602421245,-8772026.602421245,-2192793.3652952667,-2192793.3652952667,0.0,0.0
530795.392491195;	0.0,143.0,53502.991732093076,53502.991732093076,-8718523.61068915,-8718523.61068915,-8718523.61068915,-2179134.534655664,-2179134.534655664,0.0,0.0
531072.831082517;	0.0,144.0,6775.419049013704,6775.419049013704,-8711748.191640137,-8711748.191640137,-8711748.191640137,-2177388.384818184,-2177388.384818184,0.0,0.0
531101.9803763321;	0.0,145.0,6735.957679042673,6735.957679042673,-8705012.2339611,-8705012.2339611,-8705012.2339611,-2175725.834620506,-2175725.834620506,0.0,0.0
531192.756659763;	0.0,146.0,19871.630329453023,19871.630329453023,-8685140.603631644,-8685140.603631644,-8685140.603631644,-2170392.967557174,-2170392.967557174,0.0,0.0
531253.3291374351;	0.0,147.0,19459.387719519662,19459.38771951967,-8665681.215912124,-8665681.215912124,-8665681.215912124,-2165285.1156547274,-2165285.1156547274,0.0,0.0
531313.6571807021;	0.0,148.0,6303.005714040319,6303.005714040319,-8659378.210198084,-8659378.210198084,-8659378.210198084,-2163671.82371378,-2163671.82371378,0.0,0.0
531342.090322904;	0.0,149.0,6301.026542802487,6301.026542802487,-8653077.183655282,-8653077.183655282,-8653077.183655282,-2162001.201933951,-2162001.201933951,0.0,0.0
531377.530532744;	0.0,150.0,48306.609914882065,48306.609914882065,-8604770.573740395,-8604770.573740395,-8604770.573740395,-2149944.497189227,-2149944.497189227,0.0,0.0
531665.807244243;	0.0,151.0,6194.274030304303,6194.274030304303,-8598576.29971009,-8598576.29971009,-8598576.29971009,-2148446.6673975023,-2148446.6673975023,0.0,0.0
531697.858214047;	0.0,152.0,46750.121712752945,46750.121712752945,-8551826.177997334,-8551826.177997334,-8551826.177997334,-2136686.443855911,-2136686.443855911,0.0,0.0
531976.758646328;	0.0,153.0,5970.301476793102,5970.301476793102,-8545855.876520542,-8545855.876520542,-8545855.876520542,-2135156.241163953,-2135156.241163953,0.0,0.0
532006.605135918;	0.0,154.0,15792.386648160482,15792.386648160482,-8530063.489872383,-8530063.489872383,-8530063.489872383,-2131389.240899511,-2131389.240899511,0.0,0.0
532066.70661498;	0.0,155.0,15089.6106645426,15089.6106645426,-8514973.879207836,-8514973.879207836,-8514973.879207836,-2127683.4786074837,-2127683.4786074837,0.0,0.0
532135.125247098;	0.0,156.0,5636.245994349112,5636.245994349112,-8509337.63321349,-8509337.63321349,-8509337.63321349,-2126269.0228225486,-2126269.0228225486,0.0,0.0
532165.1347396;	0.0,157.0,5538.655445630315,5538.655445630315,-8503798.977767862,-8503798.977767862,-8503798.977767862,-2124823.2237492194,-2124823.2237492194,0.0,0.0
532196.8425287601;	0.0,158.0,38717.91594522944,38717.91594522944,-8465081.061822632,-8465081.061822632,-8465081.061822632,-2114923.6229043594,-2114923.6229043594,0.0,0.0
532496.6981503931;	0.0,159.0,9054.049476398892,9054.049476398892,-8456027.012346236,-8456027.012346236,-8456027.012346236,-2112601.503250349,-2112601.503250349,0.0,0.0
532592.233929364;	0.0,160.0,7099.1195523948445,7099.1195523948445,-8448927.892793838,-8448927.892793838,-8448927.892793838,-2110805.190272632,-2110805.190272632,0.0,0.0
532687.1628425231;	0.0,161.0,5520.373626036006,5520.373626036006,-8443407.519167803,-8443407.519167803,-8443407.519167803,-2109471.70583428,-2109471.70583428,0.0,0.0
532714.286299529;	0.0,162.0,3638.2742541753414,3638.2742541753414,-8439769.244913626,-8439769.244913626,-8439769.244913626,-2108519.5726791155,-2108519.5726791155,0.0,0.0
532779.411636056;	0.0,163.0,41416.94293902117,41416.94293902119,-8398352.301974604,-8398352.301974604,-8398352.301974604,-2098106.1363850827,-2098106.1363850827,0.0,0.0
533057.984755359;	0.0,164.0,14400.719222829783,14400.719222829783,-8383951.582751774,-8383951.582751774,-8383951.582751774,-2094504.4325940167,-2094504.4325940167,0.0,0.0
533266.757911802;	0.0,165.0,5394.394184450703,5394.394184450703,-8378557.188567324,-8378557.188567324,-8378557.188567324,-2093146.9565179031,-2093146.9565179031,0.0,0.0
533303.028281408;	0.0,166.0,41210.34911942292,41210.34911942292,-8337346.839447899,-8337346.839447899,-8337346.839447899,-2082747.2234506267,-2082747.2234506267,0.0,0.0
533573.5129395741;	0.0,167.0,5068.809477715933,5068.809477715933,-8332278.029970182,-8332278.029970182,-8332278.029970182,-2081501.1720784893,-2081501.1720784893,0.0,0.0
533602.445268708;	0.0,168.0,5321.8348107856755,5321.8348107856755,-8326956.195159396,-8326956.195159396,-8326956.195159396,-2080223.9683607975,-2080223.9683607975,0.0,0.0
533640.4196914961;	0.0,169.0,40396.939023095874,40396.93902309588,-8286559.256136298,-8286559.256136298,-8286559.256136298,-2070293.0985771879,-2070293.0985771879,0.0,0.0
533931.3896391031;	0.0,170.0,3487.6290954827655,3487.6290954827655,-8283071.6270408165,-8283071.6270408165,-8283071.6270408165,-2069399.497565227,-2069399.497565227,0.0,0.0
533964.404606417;	0.0,171.0,5214.1049487311575,5214.1049487311575,-8277857.522092085,-8277857.522092085,-8277857.522092085,-2068178.0693397122,-2068178.0693397122,0.0,0.0
533995.258135864;	0.0,172.0,13730.978791179092,13730.978791179092,-8264126.543300906,-8264126.543300906,-8264126.543300906,-2064773.4728296609,-2064773.4728296609,0.0,0.0
534062.030051126;	0.0,173.0,39346.917216137874,39346.91721613789,-8224779.626084768,-8224779.626084768,-8224779.626084768,-2054691.1611691462,-2054691.1611691462,0.0,0.0
534354.7645033681;	0.0,174.0,4702.404958107638,4702.404958107638,-8220077.221126661,-8220077.221126661,-8220077.221126661,-2053561.021855142,-2053561.021855142,0.0,0.0
534450.1907367391;	0.0,175.0,3399.879606145356,3399.879606145356,-8216677.341520515,-8216677.341520515,-8216677.341520515,-2052737.315617619,-2052737.315617619,0.0,0.0
534514.01002447;	0.0,176.0,5055.959363152815,5055.959363152815,-8211621.382157363,-8211621.382157363,-8211621.382157363,-2051489.7361922348,-2051489.7361922348,0.0,0.0
534544.5024591461;	0.0,177.0,15044.789472948061,15044.789472948061,-8196576.592684414,-8196576.592684414,-8196576.592684414,-2047780.0393078113,-2047780.0393078113,0.0,0.0
534606.137698655;	0.0,178.0,4806.930204156211,4806.930204156211,-8191769.662480258,-8191769.662480258,-8191769.662480258,-2046532.3180615073,-2046532.3180615073,0.0,0.0
534634.150459615;	0.0,179.0,14362.271475973394,14362.271475973394,-8177407.391004286,-8177407.391004286,-8177407.391004286,-2042996.6969637293,-2042996.6969637293,0.0,0.0
534693.206917327;	0.0,180.0,3188.585598164351,3188.585598164351,-8174218.805406123,-8174218.805406123,-8174218.805406123,-2042303.5273956326,-2042303.5273956326,0.0,0.0
534751.479901134;	0.0,181.0,14253.625654773587,14253.625654773587,-8159965.179751349,-8159965.179751349,-8159965.179751349,-2038834.8665154297,-2038834.8665154297,0.0,0.0
534814.417588172;	0.0,182.0,12484.446841549594,12484.446841549594,-8147480.732909798,-8147480.732909799,-8147480.732909798,-2035733.327500491,-2035733.327500491,0.0,0.0
534877.014909354;	0.0,183.0,13729.14488313409,13729.14488313409,-8133751.588026665,-8133751.588026665,-8133751.588026665,-2032262.5088282241,-2032262.5088282241,0.0,0.0
534938.5648189461;	0.0,184.0,3005.2563596559494,3005.2563596559494,-8130746.33166701,-8130746.33166701,-8130746.33166701,-2031539.8406476048,-2031539.8406476048,0.0,0.0
534968.8344429741;	0.0,185.0,13385.618943495007,13385.618943495007,-8117360.712723514,-8117360.712723514,-8117360.712723514,-2028147.1851444119,-2028147.1851444119,0.0,0.0
535031.557749249;	0.0,186.0,13352.715023439108,13352.715023439108,-8104007.997700076,-8104007.997700076,-8104007.997700076,-2024751.141422398,-2024751.141422398,0.0,0.0
535352.088494743;	0.0,187.0,13176.19529923406,13176.19529923406,-8090831.802400841,-8090831.802400841,-8090831.802400841,-2021412.6178163425,-2021412.6178163425,0.0,0.0
535417.090507495;	0.0,188.0,13168.815963371675,13168.815963371671,-8077662.986437471,-8077662.986437471,-8077662.986437471,-2017883.250586011,-2017883.250586011,0.0,0.0
535484.3436208171;	0.0,189.0,4343.1247592578675,4343.1247592578675,-8073319.861678214,-8073319.861678214,-8073319.861678214,-2016720.99770204,-2016720.99770204,0.0,0.0
535521.827652227;	0.0,190.0,28542.800475913085,28542.800475913085,-8044777.061202299,-8044777.061202299,-8044777.061202299,-2009316.21998976,-2009316.21998976,0.0,0.0
535824.9763512011;	0.0,191.0,3950.985475405805,3950.985475405805,-8040826.075726894,-8040826.075726894,-8040826.075726894,-2008271.2805360078,-2008271.2805360078,0.0,0.0
535857.754677707;	0.0,192.0,2888.1141502770333,2888.1141502770333,-8037937.961576617,-8037937.961576617,-8037937.961576617,-2007608.5949159681,-2007608.5949159681,0.0,0.0
536158.7550358;	0.0,193.0,11132.625689039713,11132.625689039713,-8026805.335887578,-8026805.335887578,-8026805.335887578,-2004758.589568185,-2004758.589568185,0.0,0.0
536223.201362089;	0.0,194.0,4147.19012317435,4147.19012317435,-8022658.145764403,-8022658.145764403,-8022658.145764403,-2003718.1290571953,-2003718.1290571953,0.0,0.0
536255.745181991;	0.0,195.0,4101.022089012304,4101.022089012304,-8018557.12367539,-8018557.12367539,-8018557.12367539,-2002741.1513916913,-2002741.1513916913,0.0,0.0
536285.7867943931;	0.0,196.0,2728.003914506995,2728.003914506995,-8015829.119760883,-8015829.119760883,-8015829.119760883,-2002025.7228479057,-2002025.7228479057,0.0,0.0
536313.7981441771;	0.0,197.0,4023.13965713399,4023.13965713399,-8011805.980103748,-8011805.980103748,-8011805.980103748,-2001056.9289118268,-2001056.9289118268,0.0,0.0
536342.7844753141;	0.0,198.0,12059.21354610129,12059.213546101293,-7999746.766557646,-7999746.766557646,-7999746.766557646,-1997683.613566878,-1997683.613566878,0.0,0.0
536410.1994577211;	0.0,199.0,10596.756141725506,10596.756141725506,-7989150.01041592,-7989150.01041592,-7989150.01041592,-1995025.9638732662,-1995025.9638732662,0.0,0.0
536478.194074878;	0.0,200.0,11878.169398634178,11878.169398634185,-7977271.841017285,-7977271.841017285,-7977271.841017285,-1991965.3806649973,-1991965.3806649973,0.0,0.0
536539.183830862;	0.0,201.0,3949.19151554375,3949.19151554375,-7973322.649501741,-7973322.649501741,-7973322.649501741,-1990866.135144346,-1990866.135144346,0.0,0.0
536571.1553391741;	0.0,202.0,3909.3144420984245,3909.3144420984245,-7969413.335059644,-7969413.335059644,-7969413.335059644,-1989915.1064361692,-1989915.1064361692,0.0,0.0
536604.3256912561;	0.0,203.0,11313.81823202454,11313.81823202454,-7958099.516827618,-7958099.516827618,-7958099.516827618,-1987000.1432098146,-1987000.1432098146,0.0,0.0
536676.127333687;	0.0,204.0,32423.572758363105,32423.572758363098,-7925675.944069256,-7925675.944069256,-7925675.944069256,-1978930.8917255816,-1978930.8917255816,0.0,0.0
536995.288820239;	0.0,205.0,10886.228429103721,10886.228429103721,-7914789.715640151,-7914789.715640151,-7914789.715640151,-1976083.521242479,-1976083.521242479,0.0,0.0
537059.741288621;	0.0,206.0,10761.597302309921,10761.597302309921,-7904028.118337842,-7904028.118337842,-7904028.118337842,-1973456.6543379738,-1973456.6543379738,0.0,0.0
537126.7433348381;	0.0,207.0,33330.662420734436,33330.662420734436,-7870697.45591711,-7870697.45591711,-7870697.45591711,-1965017.496309442,-1965017.496309442,0.0,0.0
537757.690134041;	0.0,208.0,3637.8426002006545,3637.8426002006545,-7867059.613316908,-7867059.613316908,-7867059.613316908,-1964095.737867307,-1964095.737867307,0.0,0.0
537981.231550024;	0.0,209.0,9369.578206919858,9369.578206919858,-7857690.035109988,-7857690.035109988,-7857690.035109988,-1961929.6790040815,-1961929.6790040815,0.0,0.0
538046.9416486961;	0.0,210.0,2288.3393777789643,2288.3393777789643,-7855401.69573221,-7855401.69573221,-7855401.69573221,-1961329.0636409605,-1961329.0636409605,0.0,0.0
538409.205126174;	0.0,211.0,3387.048477698644,3387.048477698644,-7852014.647254512,-7852014.647254512,-7852014.647254512,-1960481.0766370655,-1960481.0766370655,0.0,0.0
538441.8199687591;	0.0,212.0,2227.2481816281297,2227.2481816281297,-7849787.399072885,-7849787.399072885,-7849787.399072885,-1959880.1499883053,-1959880.1499883053,0.0,0.0
538474.464934306;	0.0,213.0,2225.656531054484,2225.656531054484,-7847561.742541829,-7847561.742541829,-7847561.742541829,-1959232.8025889497,-1959232.8025889497,0.0,0.0
538540.343452453;	0.0,214.0,4378.480064558251,4378.480064558251,-7843183.26247727,-7843183.26247727,-7843183.26247727,-1958090.279967272,-1958090.279967272,0.0,0.0
538604.910686369;	0.0,215.0,8710.66248129159,8710.66248129159,-7834472.599995979,-7834472.599995979,-7834472.599995979,-1955959.179591562,-1955959.179591562,0.0,0.0
538675.314746988;	0.0,216.0,31439.892128927844,31439.89212892785,-7803032.707867052,-7803032.707867052,-7803032.707867052,-1947993.9368628918,-1947993.9368628918,0.0,0.0
538976.5172860051;	0.0,217.0,3181.3256995037045,3181.3256995037045,-7799851.382167549,-7799851.382167549,-7799851.382167549,-1947125.0320602746,-1947125.0320602746,0.0,0.0
539205.6633210201;	0.0,218.0,2601.8802460902507,2601.8802460902507,-7797249.501921458,-7797249.501921458,-7797249.501921458,-1946469.7276913433,-1946469.7276913433,0.0,0.0
539236.302590606;	0.0,219.0,1266.65748321735,1266.65748321735,-7795982.844438241,-7795982.844438241,-7795982.844438241,-1946173.9205551732,-1946173.9205551732,0.0,0.0
539272.143721826;	0.0,220.0,2521.5877837686076,2521.5877837686076,-7793461.256654472,-7793461.256654472,-7793461.256654472,-1945477.937828744,-1945477.937828744,0.0,0.0
539301.765459768;	0.0,221.0,3156.617604050959,3156.617604050959,-7790304.63905042,-7790304.63905042,-7790304.63905042,-1944686.6922760445,-1944686.6922760445,0.0,0.0
539336.79348993;	0.0,222.0,28217.48228740846,28217.482287408475,-7762087.156763011,-7762087.156763011,-7762087.156763011,-1937363.9076032883,-1937363.9076032883,0.0,0.0
539653.8286144531;	0.0,223.0,2330.313600845684,2330.313600845684,-7759756.843162164,-7759756.843162164,-7759756.843162164,-1936764.9948340098,-1936764.9948340098,0.0,0.0
539683.651531497;	0.0,224.0,1357.9799985268592,1357.9799985268592,-7758398.863163636,-7758398.863163636,-7758398.863163636,-1936383.2521327848,-1936383.2521327848,0.0,0.0
539719.1481413711;	0.0,225.0,4004.929676376023,4004.9296763760212,-7754393.933487262,-7754393.933487262,-7754393.933487262,-1935319.3764916353,-1935319.3764916353,0.0,0.0
539792.0854305531;	0.0,226.0,2081.0413362403215,2081.0413362403215,-7752312.892151021,-7752312.892151021,-7752312.892151021,-1934812.7660772821,-1934812.7660772821,0.0,0.0
539823.634043823;	0.0,227.0,9303.084329121151,9303.084329121148,-7743009.8078219,-7743009.8078219,-7743009.8078219,-1932481.2051742545,-1932481.2051742545,0.0,0.0
539881.868510116;	0.0,228.0,2065.223063098707,2065.223063098707,-7740944.584758801,-7740944.584758801,-7740944.584758801,-1931979.8398683935,-1931979.8398683935,0.0,0.0
539916.074371467;	0.0,229.0,21623.561848515892,21623.561848515885,-7719321.022910286,-7719321.022910286,-7719321.022910286,-1926462.4050829334,-1926462.4050829334,0.0,0.0
540753.1483576751;	0.0,230.0,2033.158731640081,2033.158731640081,-7717287.8641786445,-7717287.8641786445,-7717287.8641786445,-1925983.8025220467,-1925983.8025220467,0.0,0.0
540914.391641452;	0.0,231.0,2027.5561940491134,2027.5561940491134,-7715260.307984596,-7715260.307984596,-7715260.307984596,-1925470.166434428,-1925470.166434428,0.0,0.0
540950.223948064;	0.0,232.0,2985.9539802505724,2985.9539802505724,-7712274.354004346,-7712274.354004346,-7712274.354004346,-1924743.2627595963,-1924743.2627595963,0.0,0.0
540979.9049002731;	0.0,233.0,2964.910302229355,2964.910302229355,-7709309.443702117,-7709309.443702117,-7709309.443702117,-1923945.9350737182,-1923945.9350737182,0.0,0.0
541007.337849734;	0.0,234.0,2958.247973383277,2958.247973383277,-7706351.195728732,-7706351.195728732,-7706351.195728732,-1923296.356064765,-1923296.356064765,0.0,0.0
541037.155773538;	0.0,235.0,2852.0149812839636,2852.0149812839636,-7703499.180747449,-7703499.180747449,-7703499.180747449,-1922627.8690575643,-1922627.8690575643,0.0,0.0
541072.3570468801;	0.0,236.0,26446.612861267684,26446.612861267677,-7677052.567886181,-7677052.567886181,-7677052.567886181,-1916145.1821373699,-1916145.1821373699,0.0,0.0
541763.292583277;	0.0,237.0,4645.041632594204,4645.041632594204,-7672407.526253588,-7672407.526253588,-7672407.526253588,-1914968.2779350153,-1914968.2779350153,0.0,0.0
541842.3910368631;	0.0,238.0,5646.80821364803,5646.8082136480225,-7666760.71803994,-7666760.71803994,-7666760.71803994,-1913626.282486764,-1913626.282486764,0.0,0.0
541909.7150222281;	0.0,239.0,5635.6664397517125,5635.666439751709,-7661125.051600189,-7661125.051600189,-7661125.051600189,-1912237.7704217809,-1912237.7704217809,0.0,0.0
541977.639247688;	0.0,240.0,1873.5096200275693,1873.5096200275693,-7659251.541980161,-7659251.541980161,-7659251.541980161,-1911791.9508120783,-1911791.9508120783,0.0,0.0
542022.785056864;	0.0,241.0,2776.7402528022567,2776.7402528022567,-7656474.80172736,-7656474.80172736,-7656474.80172736,-1911071.1568455847,-1911071.1568455847,0.0,0.0
542116.910848476;	0.0,242.0,1836.796184853626,1836.796184853626,-7654638.005542506,-7654638.005542506,-7654638.005542506,-1910607.5224364386,-1910607.5224364386,0.0,0.0
542155.4483509341;	0.0,243.0,24679.72837842113,24679.72837842113,-7629958.277164083,-7629958.277164083,-7629958.277164083,-1904353.3692599605,-1904353.3692599605,0.0,0.0
542453.57020631;	0.0,244.0,1981.52053246811,1981.52053246811,-7627976.756631616,-7627976.756631616,-7627976.756631616,-1903804.647325655,-1903804.647325655,0.0,0.0
542487.619663857;	0.0,245.0,2724.095641458387,2724.095641458387,-7625252.660990157,-7625252.660990157,-7625252.660990157,-1903161.7195285568,-1903161.7195285568,0.0,0.0
542519.247349362;	0.0,246.0,18127.720958614304,18127.720958614304,-7607124.940031543,-7607124.940031543,-7607124.940031543,-1898621.1966457171,-1898621.1966457171,0.0,0.0
542981.2292988431;	0.0,247.0,11752.67912857451,11752.67912857451,-7595372.260902966,-7595372.260902966,-7595372.260902966,-1895675.7606964032,-1895675.7606964032,0.0,0.0
543052.2802708801;	0.0,248.0,11698.75542537641,11698.75542537641,-7583673.5054775905,-7583673.5054775905,-7583673.5054775905,-1892710.2819248717,-1892710.2819248717,0.0,0.0
543121.74103781;	0.0,249.0,2690.4552315370565,2690.4552315370565,-7580983.050246053,-7580983.050246053,-7580983.050246053,-1892065.6056098854,-1892065.6056098854,0.0,0.0
543195.086550557;	0.0,250.0,7944.951564324681,7944.951564324681,-7573038.098681727,-7573038.098681727,-7573038.098681727,-1890172.651056163,-1890172.651056163,0.0,0.0
543406.292878706;	0.0,251.0,5136.7672590335005,5136.7672590335005,-7567901.331422691,-7567901.331422691,-7567901.331422691,-1888895.714618104,-1888895.714618104,0.0,0.0
543539.840013879;	0.0,252.0,2567.972826135449,2567.972826135449,-7565333.358596556,-7565333.358596556,-7565333.358596556,-1888262.4820301891,-1888262.4820301891,0.0,0.0
543574.6066811171;	0.0,253.0,1711.3379694717241,1711.3379694717241,-7563622.020627084,-7563622.020627084,-7563622.020627084,-1887822.8669782816,-1887822.8669782816,0.0,0.0
543607.9578882001;	0.0,254.0,2551.9508206079954,2551.9508206079954,-7561070.069806473,-7561070.069806473,-7561070.069806473,-1887185.3236078373,-1887185.3236078373,0.0,0.0
543638.693262391;	0.0,255.0,16687.21179984395,16687.211799843957,-7544382.858006634,-7544382.858006634,-7544382.858006634,-1883110.8696339792,-1883110.8696339792,0.0,0.0
543775.843596649;	0.0,256.0,10814.752315167665,10814.752315167665,-7533568.105691463,-7533568.105691463,-7533568.105691463,-1880215.5731087495,-1880215.5731087495,0.0,0.0
543845.9183951591;	0.0,257.0,2491.319987388524,2491.319987388524,-7531076.7857040735,-7531076.7857040735,-7531076.7857040735,-1879612.7010149774,-1879612.7010149774,0.0,0.0
543875.985830104;	0.0,258.0,6643.3729892509655,6643.372989250964,-7524433.412714824,-7524433.412714824,-7524433.412714824,-1877983.631366599,-1877983.631366599,0.0,0.0
543948.522638174;	0.0,259.0,4948.718155389215,4948.718155389215,-7519484.694559434,-7519484.694559434,-7519484.694559434,-1876778.1830822118,-1876778.1830822118,0.0,0.0
544029.684052126;	0.0,260.0,24522.707747316403,24522.707747316403,-7494961.9868121175,-7494961.9868121175,-7494961.9868121175,-1870578.4936544043,-1870578.4936544043,0.0,0.0
544743.103235289;	0.0,261.0,3635.0965998365336,3635.0965998365336,-7491326.890212282,-7491326.890212282,-7491326.890212282,-1869661.1920362157,-1869661.1920362157,0.0,0.0
544819.479960716;	0.0,262.0,1271.779187417068,1271.779187417068,-7490055.111024865,-7490055.111024865,-7490055.111024865,-1869317.6180350007,-1869317.6180350007,0.0,0.0
544885.608486596;	0.0,263.0,1214.8571547145361,1214.8571547145361,-7488840.253870151,-7488840.253870151,-7488840.253870151,-1868982.8971611792,-1868982.8971611792,0.0,0.0
544910.1474582;	0.0,264.0,1631.6209937845051,1631.6209937845051,-7487208.632876366,-7487208.632876366,-7487208.632876366,-1868574.1586901215,-1868574.1586901215,0.0,0.0
544964.0139382681;	0.0,265.0,2436.8162210713062,2436.8162210713062,-7484771.816655294,-7484771.816655294,-7484771.816655294,-1867883.3827268695,-1867883.3827268695,0.0,0.0
544996.208924275;	0.0,266.0,2435.1637085114526,2435.1637085114526,-7482336.652946784,-7482336.652946784,-7482336.652946784,-1867313.3264905275,-1867313.3264905275,0.0,0.0
545025.412423426;	0.0,267.0,2434.037315153506,2434.037315153506,-7479902.615631631,-7479902.615631631,-7479902.615631631,-1866735.6338546644,-1866735.6338546644,0.0,0.0
545175.409212874;	0.0,268.0,4832.636109184259,4832.636109184259,-7475069.979522444,-7475069.979522444,-7475069.979522444,-1865546.8028979504,-1865546.8028979504,0.0,0.0
545528.202892683;	0.0,269.0,25064.535263911494,25064.535263911486,-7450005.444258533,-7450005.444258533,-7450005.444258533,-1859407.36171722,-1859407.36171722,0.0,0.0
546051.606783695;	0.0,270.0,2039.6422264777866,2039.6422264777866,-7447965.802032056,-7447965.802032056,-7447965.802032056,-1858920.3541746156,-1858920.3541746156,0.0,0.0
546081.2449417941;	0.0,271.0,1382.933812058057,1382.933812058057,-7446582.868219998,-7446582.868219998,-7446582.868219998,-1858561.7201179818,-1858561.7201179818,0.0,0.0
546109.454900505;	0.0,272.0,1086.0573320657331,1086.0573320657331,-7445496.810887932,-7445496.810887932,-7445496.810887932,-1858282.8525318673,-1858282.8525318673,0.0,0.0
546138.55888634;	0.0,273.0,2078.8836467395677,2078.8836467395677,-7443417.927241192,-7443417.927241192,-7443417.927241192,-1857687.938303374,-1857687.938303374,0.0,0.0
546171.9689509621;	0.0,274.0,22352.28157317047,22352.28157317047,-7421065.645668022,-7421065.645668022,-7421065.645668022,-1851808.434380016,-1851808.434380016,0.0,0.0
546503.1429073691;	0.0,275.0,3568.835142613302,3568.835142613302,-7417496.81052541,-7417496.81052541,-7417496.81052541,-1850860.4141474932,-1850860.4141474932,0.0,0.0
546541.922415209;	0.0,276.0,3941.526408259022,3941.526408259022,-7413555.28411715,-7413555.28411715,-7413555.28411715,-1849843.436520851,-1849843.436520851,0.0,0.0
546771.529091006;	0.0,277.0,1925.4602524995462,1925.4602524995462,-7411629.823864652,-7411629.823864652,-7411629.823864652,-1849414.6069488858,-1849414.6069488858,0.0,0.0
546805.3949006001;	0.0,278.0,2394.767881184581,2394.767881184581,-7409235.055983468,-7409235.055983468,-7409235.055983468,-1848800.2142644853,-1848800.2142644853,0.0,0.0
546833.663712237;	0.0,279.0,794.8312333589479,794.8312333589479,-7408440.22475011,-7408440.22475011,-7408440.22475011,-1848576.395362002,-1848576.395362002,0.0,0.0
546865.5154259921;	0.0,280.0,3649.3397891789755,3649.3397891789764,-7404790.884960928,-7404790.884960928,-7404790.884960928,-1847741.074165249,-1847741.074165249,0.0,0.0
546937.0577694221;	0.0,281.0,7061.669134713675,7061.669134713675,-7397729.215826217,-7397729.215826217,-7397729.215826217,-1846023.1320739163,-1846023.1320739163,0.0,0.0
546996.291964632;	0.0,282.0,7017.745384869859,7017.745384869859,-7390711.470441347,-7390711.470441347,-7390711.470441347,-1844286.6168782178,-1844286.6168782178,0.0,0.0
547058.9458822251;	0.0,283.0,15508.200521410792,15508.200521410792,-7375203.269919936,-7375203.269919936,-7375203.269919936,-1840384.8268638023,-1840384.8268638023,0.0,0.0
547494.161167948;	0.0,284.0,20823.3215724455,20823.321572445508,-7354379.948347492,-7354379.948347492,-7354379.948347492,-1835145.422856449,-1835145.422856449,0.0,0.0
547818.5185196621;	0.0,285.0,778.4714082618357,778.4714082618357,-7353601.47693923,-7353601.47693923,-7353601.47693923,-1834959.5830231856,-1834959.5830231856,0.0,0.0
547853.504705804;	0.0,286.0,4555.420452525397,4555.420452525397,-7349046.056486703,-7349046.056486703,-7349046.056486703,-1833819.6032150148,-1833819.6032150148,0.0,0.0
547921.695396458;	0.0,287.0,15122.883450724854,15122.883450724847,-7333923.173035981,-7333923.173035981,-7333923.173035981,-1830056.9416695759,-1830056.9416695759,0.0,0.0
548056.552493777;	0.0,288.0,3742.432131720653,3742.432131720653,-7330180.74090426,-7330180.74090426,-7330180.74090426,-1829147.3319098833,-1829147.3319098833,0.0,0.0
548093.460900394;	0.0,289.0,2240.160445706798,2240.160445706798,-7327940.5804585535,-7327940.5804585535,-7327940.5804585535,-1828624.5164134977,-1828624.5164134977,0.0,0.0
548152.297081836;	0.0,290.0,1489.9699369113532,1489.9699369113532,-7326450.610521642,-7326450.610521642,-7326450.610521642,-1828270.2539835097,-1828270.2539835097,0.0,0.0
548183.884243421;	0.0,291.0,1488.3564716840483,1488.3564716840483,-7324962.254049957,-7324962.254049957,-7324962.254049957,-1827900.6565425275,-1827900.6565425275,0.0,0.0
548215.537742958;	0.0,292.0,2196.674337178072,2196.674337178072,-7322765.579712779,-7322765.579712779,-7322765.579712779,-1827260.5938391997,-1827260.5938391997,0.0,0.0
548289.9957903441;	0.0,293.0,15324.42768174906,15324.427681749068,-7307441.1520310305,-7307441.1520310305,-7307441.1520310305,-1823309.5021214364,-1823309.5021214364,0.0,0.0
548431.70442741;	0.0,294.0,2186.686384638302,2186.6863846383003,-7305254.465646393,-7305254.465646393,-7305254.465646393,-1822808.2604727582,-1822808.2604727582,0.0,0.0
548507.263305268;	0.0,295.0,4346.904305783944,4346.904305783944,-7300907.561340608,-7300907.561340608,-7300907.561340608,-1821773.598063162,-1821773.598063162,0.0,0.0
548580.289999941;	0.0,296.0,1446.8592709022732,1446.8592709022732,-7299460.702069705,-7299460.702069705,-7299460.702069705,-1821415.6302621337,-1821415.6302621337,0.0,0.0
548620.800059771;	0.0,297.0,23873.069708305964,23873.069708305964,-7275587.632361399,-7275587.632361399,-7275587.632361399,-1815548.9265194777,-1815548.9265194777,0.0,0.0
548951.571476291;	0.0,298.0,2233.0197912261556,2233.0197912261556,-7273354.612570173,-7273354.612570173,-7273354.612570173,-1814971.0876699504,-1814971.0876699504,0.0,0.0
548981.171445069;	0.0,299.0,1331.247091736263,1331.247091736263,-7272023.3654784355,-7272023.3654784355,-7272023.3654784355,-1814652.69369521,-1814652.69369521,0.0,0.0
549009.0533792371;	0.0,300.0,2007.7685577650082,2007.7685577650082,-7270015.596920671,-7270015.596920671,-7270015.596920671,-1814117.2977466085,-1814117.2977466085,0.0,0.0
549042.14754935;	0.0,301.0,14446.821576186561,14446.821576186561,-7255568.775344483,-7255568.775344483,-7255568.775344483,-1810448.4519754392,-1810448.4519754392,0.0,0.0
549439.6086654171;	0.0,302.0,1442.2196373886552,1442.2196373886552,-7254126.555707094,-7254126.555707094,-7254126.555707094,-1810055.583526799,-1810055.583526799,0.0,0.0
549470.604771289;	0.0,303.0,2156.9382435766547,2156.9382435766547,-7251969.617463519,-7251969.617463519,-7251969.617463519,-1809499.1661747964,-1809499.1661747964,0.0,0.0
549496.928287489;	0.0,304.0,1420.7933695792817,1420.7933695792817,-7250548.82409394,-7250548.82409394,-7250548.82409394,-1809073.145556418,-1809073.145556418,0.0,0.0
549549.6214406721;	0.0,305.0,14110.555907681286,14110.555907681286,-7236438.268186258,-7236438.268186258,-7236438.268186258,-1805666.2005673468,-1805666.2005673468,0.0,0.0
549699.7211448881;	0.0,306.0,1409.892085865039,1409.892085865039,-7235028.376100393,-7235028.376100393,-7235028.376100393,-1805268.1203118386,-1805268.1203118386,0.0,0.0
549927.319471288;	0.0,307.0,2105.4572079592594,2105.4572079592594,-7232922.918892435,-7232922.918892435,-7232922.918892435,-1804833.7447049627,-1804833.7447049627,0.0,0.0
549957.026920083;	0.0,308.0,2085.7610668892203,2085.7610668892203,-7230837.1578255445,-7230837.1578255445,-7230837.1578255445,-1804231.349010285,-1804231.349010285,0.0,0.0
549989.4546022051;	0.0,309.0,689.0429465157696,689.0429465157696,-7230148.114879029,-7230148.114879029,-7230148.114879029,-1804098.8980770223,-1804098.8980770223,0.0,0.0
550024.2203253331;	0.0,310.0,1362.2290135552612,1362.2290135552612,-7228785.885865473,-7228785.885865473,-7228785.885865473,-1803714.854331722,-1803714.854331722,0.0,0.0
550101.180555298;	0.0,311.0,6110.744237584741,6110.744237584743,-7222675.141627889,-7222675.141627889,-7222675.141627889,-1802129.5473813554,-1802129.5473813554,0.0,0.0
550166.482724034;	0.0,312.0,20230.32845005781,20230.328450057816,-7202444.813177831,-7202444.813177831,-7202444.813177831,-1797149.9200136214,-1797149.9200136214,0.0,0.0
550312.2552491571;	0.0,313.0,4033.0719829201444,4033.0719829201444,-7198411.7411949085,-7198411.7411949085,-7198411.7411949085,-1796156.9906926262,-1796156.9906926262,0.0,0.0
550385.254880999;	0.0,314.0,5370.762475571726,5370.762475571726,-7193040.978719339,-7193040.978719339,-7193040.978719339,-1794827.8480110823,-1794827.8480110823,0.0,0.0
550461.184400602;	0.0,315.0,18015.249913973676,18015.249913973676,-7175025.728805364,-7175025.728805364,-7175025.728805364,-1790211.9788054547,-1790211.9788054547,0.0,0.0
550812.313977609;	0.0,316.0,1393.2953530831105,1393.2953530831105,-7173632.433452282,-7173632.433452282,-7173632.433452282,-1789830.4982107838,-1789830.4982107838,0.0,0.0
550846.660836606;	0.0,317.0,1002.3391644294743,1002.3391644294743,-7172630.094287853,-7172630.094287853,-7172630.094287853,-1789579.7603180062,-1789579.7603180062,0.0,0.0
550883.784963374;	0.0,318.0,711.4409007808322,711.4409007808322,-7171918.653387072,-7171918.653387072,-7171918.653387072,-1789380.4324657691,-1789380.4324657691,0.0,0.0
550917.618754184;	0.0,319.0,1409.016192217202,1409.016192217202,-7170509.637194856,-7170509.637194856,-7170509.637194856,-1789043.9289696275,-1789043.9289696275,0.0,0.0
550954.466196795;	0.0,320.0,21738.556873428173,21738.556873428166,-7148771.080321429,-7148771.08032143,-7148771.080321429,-1783595.7745404004,-1783595.7745404004,0.0,0.0
551407.266499782;	0.0,321.0,5903.337009604118,5903.337009604118,-7142867.743311822,-7142867.743311822,-7142867.743311822,-1782199.0243213743,-1782199.0243213743,0.0,0.0
551476.550554357;	0.0,322.0,13659.350232438912,13659.350232438905,-7129208.393079382,-7129208.393079382,-7129208.393079382,-1778996.913025975,-1778996.913025975,0.0,0.0
551630.285858521;	0.0,323.0,1945.264804548256,1945.264804548256,-7127263.128274835,-7127263.128274835,-7127263.128274835,-1778577.3293684672,-1778577.3293684672,0.0,0.0
551665.150124222;	0.0,324.0,1934.6843257492856,1934.6843257492856,-7125328.4439490875,-7125328.4439490875,-7125328.4439490875,-1778105.3705948202,-1778105.3705948202,0.0,0.0
551692.475197674;	0.0,325.0,643.9525246809135,643.9525246809135,-7124684.491424409,-7124684.491424409,-7124684.491424409,-1777945.3929764668,-1777945.3929764668,0.0,0.0
551711.376374728;	0.0,326.0,2690.3435337173014,2690.3435337173014,-7121994.147890692,-7121994.147890692,-7121994.147890692,-1777246.231145316,-1777246.231145316,0.0,0.0
551781.655458503;	0.0,327.0,643.003071390259,643.003071390259,-7121351.144819302,-7121351.144819302,-7121351.144819302,-1777102.753683502,-1777102.753683502,0.0,0.0
551817.2006182871;	0.0,328.0,1282.5563383645804,1282.5563383645804,-7120068.588480937,-7120068.588480937,-7120068.588480937,-1776773.4067031636,-1776773.4067031636,0.0,0.0
551852.599006022;	0.0,329.0,4488.5145305444785,4488.514530544475,-7115580.073950396,-7115580.073950396,-7115580.073950396,-1775555.8886783149,-1775555.8886783149,0.0,0.0
551924.9733016631;	0.0,330.0,1275.9930683754756,1275.9930683754756,-7114304.08088202,-7114304.08088202,-7114304.08088202,-1775262.5003466818,-1775262.5003466818,0.0,0.0
552000.133951524;	0.0,331.0,5718.680504604288,5718.680504604288,-7108585.400377416,-7108585.400377416,-7108585.400377416,-1773804.714957718,-1773804.714957718,0.0,0.0
552066.487836048;	0.0,332.0,8208.075171459728,8208.075171459728,-7100377.3252059575,-7100377.3252059575,-7100377.3252059575,-1771706.1863146657,-1771706.1863146657,0.0,0.0
552133.898500808;	0.0,333.0,2484.2749762266485,2484.2749762266485,-7097893.05022973,-7097893.05022973,-7097893.05022973,-1771111.4067964884,-1771111.4067964884,0.0,0.0
552193.4858120651;	0.0,334.0,3726.3317194951337,3726.3317194951337,-7094166.718510236,-7094166.718510236,-7094166.718510236,-1770186.6385044935,-1770186.6385044935,0.0,0.0
552265.543771457;	0.0,335.0,8028.940673248782,8028.940673248786,-7086137.777836989,-7086137.777836989,-7086137.777836989,-1768226.6384163569,-1768226.6384163569,0.0,0.0
552405.1043849491;	0.0,336.0,6161.964068763282,6161.964068763282,-7079975.813768222,-7079975.813768222,-7079975.813768222,-1766757.807726995,-1766757.807726995,0.0,0.0
552481.196851052;	0.0,337.0,1227.3817661756766,1227.3817661756766,-7078748.432002046,-7078748.432002046,-7078748.432002046,-1766448.863192174,-1766448.863192174,0.0,0.0
552531.9507794001;	0.0,338.0,18336.37280474127,18336.37280474127,-7060412.059197305,-7060412.059197305,-7060412.059197305,-1762046.7493374958,-1762046.7493374958,0.0,0.0
552678.395979387;	0.0,339.0,3026.9890075950498,3026.9890075950498,-7057385.07018971,-7057385.07018971,-7057385.07018971,-1761305.3115715508,-1761305.3115715508,0.0,0.0
552704.7643106501;	0.0,340.0,1792.475324557463,1792.475324557463,-7055592.594865151,-7055592.594865151,-7055592.594865151,-1760836.6424003826,-1760836.6424003826,0.0,0.0
552735.3053759601;	0.0,341.0,18467.496807007552,18467.496807007545,-7037125.0980581455,-7037125.0980581455,-7037125.0980581455,-1756258.954053049,-1756258.954053049,0.0,0.0
552873.229618942;	0.0,342.0,1189.3582756401502,1189.3582756401502,-7035935.739782507,-7035935.739782507,-7035935.739782507,-1755962.396210586,-1755962.396210586,0.0,0.0
553325.518777703;	0.0,343.0,1187.283317773844,1187.283317773844,-7034748.456464732,-7034748.456464732,-7034748.456464732,-1755670.2539721178,-1755670.2539721178,0.0,0.0
553355.746106333;	0.0,344.0,7677.230405167662,7677.230405167662,-7027071.226059561,-7027071.226059561,-7027071.226059561,-1753757.6902432162,-1753757.6902432162,0.0,0.0
553424.528613808;	0.0,345.0,589.5492816030473,589.5492816030473,-7026481.67677796,-7026481.67677796,-7026481.67677796,-1753596.4341824555,-1753596.4341824555,0.0,0.0
553453.905701208;	0.0,346.0,1170.9190884007076,1170.9190884007076,-7025310.757689561,-7025310.757689561,-7025310.757689561,-1753298.4233410591,-1753298.4233410591,0.0,0.0
553483.117933147;	0.0,347.0,1168.1083897970102,1168.1083897970102,-7024142.649299763,-7024142.649299763,-7024142.649299763,-1752999.4357020902,-1752999.4357020902,0.0,0.0
553511.804729876;	0.0,348.0,1166.69104672229,1166.69104672229,-7022975.958253041,-7022975.958253041,-7022975.958253041,-1752710.1230397436,-1752710.1230397436,0.0,0.0
553982.735372241;	0.0,349.0,1163.3520468377956,1163.3520468377956,-7021812.606206204,-7021812.606206204,-7021812.606206204,-1752423.6992549642,-1752423.6992549642,0.0,0.0
554202.061050266;	0.0,350.0,1152.2781440851186,1152.2781440851186,-7020660.328062118,-7020660.328062118,-7020660.328062118,-1752146.1102293283,-1752146.1102293283,0.0,0.0
554275.855609208;	0.0,351.0,575.6194851829007,575.6194851829007,-7020084.708576935,-7020084.708576935,-7020084.708576935,-1751994.954884433,-1751994.954884433,0.0,0.0
554309.1082078291;	0.0,352.0,2287.401228406062,2287.4012284060627,-7017797.30734853,-7017797.30734853,-7017797.30734853,-1751454.2954330468,-1751454.2954330468,0.0,0.0
554384.556514877;	0.0,353.0,2287.1414237122735,2287.1414237122735,-7015510.165924816,-7015510.165924816,-7015510.165924816,-1750875.5084000793,-1750875.5084000793,0.0,0.0
554454.262598525;	0.0,354.0,1142.2389406023676,1142.2389406023676,-7014367.926984215,-7014367.926984215,-7014367.926984215,-1750551.7675573614,-1750551.7675573614,0.0,0.0
554528.505324403;	0.0,355.0,6828.271979569785,6828.271979569785,-7007539.655004648,-7007539.655004648,-7007539.655004648,-1748875.5884074005,-1748875.5884074005,0.0,0.0
555044.1480652071;	0.0,356.0,27300.437437470962,27300.43743747097,-6980239.217567176,-6980239.217567176,-6980239.217567176,-1741966.4067638696,-1741966.4067638696,0.0,0.0
555688.822838744;	0.0,357.0,2149.210822868702,2149.210822868702,-6978090.006744308,-6978090.006744308,-6978090.006744308,-1741464.0657828376,-1741464.0657828376,0.0,0.0
555770.465629388;	0.0,358.0,4529.795251635409,4529.795251635409,-6973560.211492673,-6973560.211492673,-6973560.211492673,-1740457.9375430136,-1740457.9375430136,0.0,0.0
555831.347551475;	0.0,359.0,1664.1019525182437,1664.1019525182437,-6971896.109540155,-6971896.109540155,-6971896.109540155,-1740064.2871959766,-1740064.2871959766,0.0,0.0
555867.154587515;	0.0,360.0,1654.1195852377623,1654.1195852377623,-6970241.989954917,-6970241.989954917,-6970241.989954917,-1739672.3078186673,-1739672.3078186673,0.0,0.0
555947.776390242;	0.0,361.0,2200.8257556925128,2200.825755692512,-6968041.16419922,-6968041.16419922,-6968041.16419922,-1739184.742883266,-1739184.742883266,0.0,0.0
556020.259246789;	0.0,362.0,1097.140894443563,1097.140894443563,-6966944.023304777,-6966944.023304777,-6966944.023304777,-1738895.7988813666,-1738895.7988813666,0.0,0.0
556048.3448900371;	0.0,363.0,5417.491544148266,5417.491544148268,-6961526.53176063,-6961526.53176063,-6961526.53176063,-1737465.6986030338,-1737465.6986030338,0.0,0.0
556282.927137666;	0.0,364.0,3174.053078332416,3174.053078332416,-6958352.478682298,-6958352.478682298,-6958352.478682298,-1736717.1412995986,-1736717.1412995986,0.0,0.0
556365.849836803;	0.0,365.0,2097.4691597279143,2097.4691597279143,-6956255.00952257,-6956255.00952257,-6956255.00952257,-1736237.3141506352,-1736237.3141506352,0.0,0.0
556431.754771101;	0.0,366.0,12054.075288994427,12054.075288994427,-6944200.934233578,-6944200.934233578,-6944200.934233578,-1733355.7496553753,-1733355.7496553753,0.0,0.0
556569.373681788;	0.0,367.0,1046.302294984892,1046.302294984892,-6943154.631938593,-6943154.631938593,-6943154.631938593,-1733079.8168556814,-1733079.8168556814,0.0,0.0
557026.245376325;	0.0,368.0,11953.37603474216,11953.376034742163,-6931201.255903851,-6931201.255903851,-6931201.255903851,-1730215.5548693421,-1730215.5548693421,0.0,0.0
557169.300808834;	0.0,369.0,1553.240459933947,1553.240459933947,-6929648.015443917,-6929648.015443917,-6929648.015443917,-1729840.1494597977,-1729840.1494597977,0.0,0.0
557198.495153705;	0.0,370.0,514.0784631380011,514.0784631380011,-6929133.936980779,-6929133.936980779,-6929133.936980779,-1729711.3821795357,-1729711.3821795357,0.0,0.0
557231.136396188;	0.0,371.0,25039.5351283959,25039.535128395906,-6904094.401852383,-6904094.401852383,-6904094.401852383,-1723345.0120506324,-1723345.0120506324,0.0,0.0
557900.6062134231;	0.0,372.0,5170.832757018234,5170.832757018234,-6898923.569095366,-6898923.569095366,-6898923.569095366,-1722049.3468375348,-1722049.3468375348,0.0,0.0
558079.057033694;	0.0,373.0,14289.954824894645,14289.954824894645,-6884633.614270471,-6884633.614270471,-6884633.614270471,-1718561.1180038347,-1718561.1180038347,0.0,0.0
558791.36911551;	0.0,374.0,4078.247330972934,4078.247330972934,-6880555.366939499,-6880555.366939499,-6880555.366939499,-1717581.6789021923,-1717581.6789021923,0.0,0.0
558854.620134987;	0.0,375.0,3551.7871002380907,3551.7871002380925,-6877003.579839261,-6877003.579839261,-6877003.579839261,-1716744.447630904,-1716744.447630904,0.0,0.0
558924.0745095221;	0.0,376.0,1521.621517155445,1521.621517155445,-6875481.958322106,-6875481.958322106,-6875481.958322106,-1716393.4467566719,-1716393.4467566719,0.0,0.0
558998.1299454711;	0.0,377.0,5569.545817007645,5569.545817007644,-6869912.4125051005,-6869912.4125051005,-6869912.4125051005,-1715054.3441280571,-1715054.3441280571,0.0,0.0
559078.328961867;	0.0,378.0,991.3568045149432,991.3568045149432,-6868921.055700586,-6868921.055700586,-6868921.055700586,-1714795.8635478332,-1714795.8635478332,0.0,0.0
559120.095679031;	0.0,379.0,1472.4166378994441,1472.4166378994441,-6867448.639062687,-6867448.639062687,-6867448.639062687,-1714454.1802030832,-1714454.1802030832,0.0,0.0
559263.286004018;	0.0,380.0,3899.236663191914,3899.236663191914,-6863549.402399495,-6863549.402399495,-6863549.402399495,-1713501.9639797767,-1713501.9639797767,0.0,0.0
559325.558427809;	0.0,381.0,1460.4454815051267,1460.4454815051267,-6862088.956917989,-6862088.956917989,-6862088.956917989,-1713100.011498118,-1713100.011498118,0.0,0.0
559356.2525610881;	0.0,382.0,1457.2474741402057,1457.2474741402057,-6860631.70944385,-6860631.70944385,-6860631.70944385,-1712722.5658109896,-1712722.5658109896,0.0,0.0
559373.2402711881;	0.0,383.0,960.6657545975017,960.6657545975017,-6859671.043689253,-6859671.043689253,-6859671.043689253,-1712449.7387241223,-1712449.7387241223,0.0,0.0
559498.057248141;	0.0,384.0,2856.1385277315158,2856.1385277315158,-6856814.9051615205,-6856814.9051615205,-6856814.9051615205,-1711710.7266089988,-1711710.7266089988,0.0,0.0
559577.811525354;	0.0,385.0,474.5839947484501,474.5839947484501,-6856340.321166771,-6856340.321166771,-6856340.321166771,-1711613.739157549,-1711613.739157549,0.0,0.0
559600.411462401;	0.0,386.0,11863.900781607645,11863.900781607652,-6844476.420385164,-6844476.420385164,-6844476.420385164,-1708537.1201237922,-1708537.1201237922,0.0,0.0
562254.8154799211;	0.0,387.0,943.0422710399569,943.0422710399569,-6843533.378114126,-6843533.378114126,-6843533.378114126,-1708345.8261971457,-1708345.8261971457,0.0,0.0
562699.028979514;	0.0,388.0,24027.235233557207,24027.235233557185,-6819506.142880566,-6819506.142880566,-6819506.142880566,-1702364.2776441404,-1702364.2776441404,0.0,0.0
563367.7825552961;	0.0,389.0,2121.0899777382647,2121.0899777382647,-6817385.052902827,-6817385.052902827,-6817385.052902827,-1701830.2021049643,-1701830.2021049643,0.0,0.0
563453.067473431;	0.0,390.0,466.74133645462643,466.74133645462643,-6816918.311566373,-6816918.311566373,-6816918.311566373,-1701704.8997006097,-1701704.8997006097,0.0,0.0
563539.80076166;	0.0,391.0,4189.410852146433,4189.410852146433,-6812728.900714227,-6812728.900714227,-6812728.900714227,-1700742.913252492,-1700742.913252492,0.0,0.0
565105.81041365;	0.0,392.0,6035.843108497544,6035.8431084975455,-6806693.057605729,-6806693.057605729,-6806693.057605729,-1699222.0245045342,-1699222.0245045342,0.0,0.0
565758.3265784971;	0.0,393.0,5975.841716339373,5975.841716339373,-6800717.2158893915,-6800717.2158893915,-6800717.2158893915,-1697716.7918285497,-1697716.7918285497,0.0,0.0
565835.204263205;	0.0,394.0,11331.18179362952,11331.18179362952,-6789386.034095762,-6789386.034095762,-6789386.034095762,-1694825.9295676544,-1694825.9295676544,0.0,0.0
568737.5053200381;	0.0,395.0,902.0343353740027,902.0343353740027,-6788483.999760388,-6788483.999760388,-6788483.999760388,-1694565.454343389,-1694565.454343389,0.0,0.0
568798.776222625;	0.0,396.0,5854.746762110428,5854.7467621104315,-6782629.2529982785,-6782629.2529982785,-6782629.2529982785,-1693125.4003630474,-1693125.4003630474,0.0,0.0
568860.3139342971;	0.0,397.0,1349.0890672384357,1349.0890672384357,-6781280.163931041,-6781280.163931041,-6781280.163931041,-1692808.2432797502,-1692808.2432797502,0.0,0.0
568933.779105101;	0.0,398.0,1346.9709038060855,1346.9709038060855,-6779933.193027232,-6779933.193027232,-6779933.193027232,-1692507.8036932938,-1692507.8036932938,0.0,0.0
569133.8403702651;	0.0,399.0,5701.275621506706,5701.275621506709,-6774231.917405724,-6774231.917405724,-6774231.917405724,-1690920.3625022934,-1690920.3625022934,0.0,0.0
569248.11383584;	0.0,400.0,3909.095601035645,3909.095601035645,-6770322.82180469,-6770322.82180469,-6770322.82180469,-1689790.8187355082,-1689790.8187355082,0.0,0.0
569310.498991228;	0.0,401.0,4746.611943771222,4746.6119437712205,-6765576.209860919,-6765576.209860919,-6765576.209860919,-1688600.5880258824,-1688600.5880258824,0.0,0.0
569475.4750666891;	0.0,402.0,1376.7960437994625,1376.7960437994625,-6764199.41381712,-6764199.41381712,-6764199.41381712,-1688241.4722833498,-1688241.4722833498,0.0,0.0
569575.1374349791;	0.0,403.0,2978.947319384626,2978.947319384626,-6761220.466497735,-6761220.466497735,-6761220.466497735,-1687450.6674409732,-1687450.6674409732,0.0,0.0
569732.945883822;	0.0,404.0,3800.752457595496,3800.7524575954994,-6757419.714040141,-6757419.714040141,-6757419.714040141,-1686496.3409233096,-1686496.3409233096,0.0,0.0
569794.893770821;	0.0,405.0,839.9954989060607,839.9954989060607,-6756579.718541234,-6756579.718541234,-6756579.718541234,-1686237.644475208,-1686237.644475208,0.0,0.0
569823.61732276;	0.0,406.0,838.0917521805513,838.0917521805513,-6755741.626789055,-6755741.626789055,-6755741.626789055,-1685977.0745033051,-1685977.0745033051,0.0,0.0
569957.087410076;	0.0,407.0,2932.207042949627,2932.207042949627,-6752809.419746106,-6752809.419746106,-6752809.419746106,-1685199.480120586,-1685199.480120586,0.0,0.0
570067.255567393;	0.0,408.0,2506.4360697420652,2506.4360697420652,-6750302.983676364,-6750302.983676364,-6750302.983676364,-1684581.2448217596,-1684581.2448217596,0.0,0.0
570174.6189930211;	0.0,409.0,832.6952404474896,832.6952404474896,-6749470.288435916,-6749470.288435916,-6749470.288435916,-1684346.2889768213,-1684346.2889768213,0.0,0.0
570231.477698453;	0.0,410.0,2071.574044524524,2071.574044524524,-6747398.714391393,-6747398.714391393,-6747398.714391393,-1683790.0090810005,-1683790.0090810005,0.0,0.0
570313.7790315431;	0.0,411.0,2897.9132280038384,2897.9132280038384,-6744500.801163389,-6744500.801163389,-6744500.801163389,-1683092.8645721104,-1683092.8645721104,0.0,0.0
570439.8928331031;	0.0,412.0,1240.4228478772607,1240.4228478772607,-6743260.378315512,-6743260.378315512,-6743260.378315512,-1682762.670524789,-1682762.670524789,0.0,0.0
570481.735414734;	0.0,413.0,1223.903826024386,1223.903826024386,-6742036.474489486,-6742036.474489486,-6742036.474489486,-1682452.1397175842,-1682452.1397175842,0.0,0.0
570513.338950268;	0.0,414.0,1221.0709347976253,1221.0709347976253,-6740815.403554687,-6740815.403554687,-6740815.403554687,-1682161.1494790884,-1682161.1494790884,0.0,0.0
570549.8334033;	0.0,415.0,1214.1028955660286,1214.1028955660286,-6739601.300659126,-6739601.300659126,-6739601.300659126,-1681826.815801837,-1681826.815801837,0.0,0.0
570589.4044407661;	0.0,416.0,5246.823613945513,5246.823613945513,-6734354.477045188,-6734354.477045188,-6734354.477045188,-1680501.5679438722,-1680501.5679438722,0.0,0.0
570653.583741931;	0.0,417.0,1204.225243082653,1204.225243082653,-6733150.251802105,-6733150.251802105,-6733150.251802105,-1680190.2388912847,-1680190.2388912847,0.0,0.0
570738.1264861571;	0.0,418.0,2001.1263832944478,2001.1263832944478,-6731149.125418812,-6731149.125418812,-6731149.125418812,-1679702.146945928,-1679702.146945928,0.0,0.0
570865.972277698;	0.0,419.0,798.1293452110594,798.1293452110594,-6730350.996073602,-6730350.996073602,-6730350.996073602,-1679471.089110354,-1679471.089110354,0.0,0.0
570908.893212414;	0.0,420.0,788.1584225531683,788.1584225531683,-6729562.837651046,-6729562.837651046,-6729562.837651046,-1679273.9971000538,-1679273.9971000538,0.0,0.0
570992.1534165511;	0.0,421.0,5104.419149889432,5104.419149889431,-6724458.418501157,-6724458.418501157,-6724458.418501157,-1678003.4959607755,-1678003.4959607755,0.0,0.0
571057.634521131;	0.0,422.0,784.5619716293991,784.5619716293991,-6723673.856529527,-6723673.856529527,-6723673.856529527,-1677818.5561547976,-1677818.5561547976,0.0,0.0
571096.8258778921;	0.0,423.0,2314.4708689387335,2314.4708689387335,-6721359.385660591,-6721359.385660591,-6721359.385660591,-1677217.059009925,-1677217.059009925,0.0,0.0
571205.504829988;	0.0,424.0,1569.8943269007304,1569.8943269007304,-6719789.49133369,-6719789.49133369,-6719789.49133369,-1676851.0992380676,-1676851.0992380676,0.0,0.0
571311.071836503;	0.0,425.0,2313.7307831143767,2313.7307831143767,-6717475.760550574,-6717475.760550574,-6717475.760550574,-1676309.4206088437,-1676309.4206088437,0.0,0.0
571372.4529038201;	0.0,426.0,2452.6946942072145,2452.6946942072145,-6715023.065856363,-6715023.065856363,-6715023.065856363,-1675670.1544233114,-1675670.1544233114,0.0,0.0
571429.706104705;	0.0,427.0,3465.546376039347,3465.546376039347,-6711557.519480328,-6711557.519480328,-6711557.519480328,-1674810.2806743395,-1674810.2806743395,0.0,0.0
571528.411657084;	0.0,428.0,1153.0248553277297,1153.0248553277297,-6710404.494625,-6710404.494625,-6710404.494625,-1674497.0836609025,-1674497.0836609025,0.0,0.0
571601.5995483181;	0.0,429.0,2659.865592830268,2659.8655928302687,-6707744.6290321695,-6707744.6290321695,-6707744.6290321695,-1673819.1584367086,-1673819.1584367086,0.0,0.0
571690.9608028231;	0.0,430.0,1139.4906515708426,1139.4906515708426,-6706605.138380599,-6706605.138380599,-6706605.138380599,-1673560.8402823396,-1673560.8402823396,0.0,0.0
571720.3278923801;	0.0,431.0,2254.7334318036774,2254.7334318036774,-6704350.404948796,-6704350.404948796,-6704350.404948796,-1673005.3847177506,-1673005.3847177506,0.0,0.0
572417.861000636;	0.0,432.0,1488.3018644913645,1488.3018644913645,-6702862.103084304,-6702862.103084304,-6702862.103084304,-1672624.485464587,-1672624.485464587,0.0,0.0
572768.9336270951;	0.0,433.0,1857.5545678985613,1857.5545678985613,-6701004.548516404,-6701004.548516404,-6701004.548516404,-1672067.7754677432,-1672067.7754677432,0.0,0.0
572819.6873528961;	0.0,434.0,4076.983718692127,4076.9837186921286,-6696927.5647977125,-6696927.5647977125,-6696927.5647977125,-1671081.5183382416,-1671081.5183382416,0.0,0.0
572910.339095169;	0.0,435.0,3296.6784059890233,3296.6784059890233,-6693630.886391722,-6693630.886391722,-6693630.886391722,-1670306.333021501,-1670306.333021501,0.0,0.0
572976.307555658;	0.0,436.0,4028.1207912803166,4028.1207912803147,-6689602.765600443,-6689602.765600443,-6689602.765600443,-1669179.571717465,-1669179.571717465,0.0,0.0
573052.984302602;	0.0,437.0,4748.604460589409,4748.604460589408,-6684854.161139857,-6684854.161139857,-6684854.161139857,-1667895.300654986,-1667895.300654986,0.0,0.0
573114.6132622791;	0.0,438.0,3237.4898522302337,3237.4898522302337,-6681616.67128763,-6681616.67128763,-6681616.67128763,-1667082.2711852808,-1667082.2711852808,0.0,0.0
574776.569259269;	0.0,439.0,2147.6735472498044,2147.6735472498044,-6679468.99774038,-6679468.99774038,-6679468.99774038,-1666552.31061704,-1666552.31061704,0.0,0.0
574941.700426916;	0.0,440.0,3171.521797271749,3171.52179727175,-6676297.475943108,-6676297.475943108,-6676297.475943108,-1665768.7378586584,-1665768.7378586584,0.0,0.0
575012.844174827;	0.0,441.0,352.15813037424005,352.15813037424005,-6675945.317812732,-6675945.317812732,-6675945.317812732,-1665695.3391380613,-1665695.3391380613,0.0,0.0
575051.977194197;	0.0,442.0,15449.912171765674,15449.912171765667,-6660495.405640966,-6660495.405640966,-6660495.405640966,-1661663.3066595441,-1661663.3066595441,0.0,0.0
575800.5261762231;	0.0,443.0,3358.7732998329393,3358.7732998329393,-6657136.632341134,-6657136.632341134,-6657136.632341134,-1660774.3800585489,-1660774.3800585489,0.0,0.0
576204.27831484;	0.0,444.0,3081.172090276846,3081.172090276846,-6654055.460250857,-6654055.460250857,-6654055.460250857,-1660018.8483097674,-1660018.8483097674,0.0,0.0
576290.293217515;	0.0,445.0,3794.0463624169574,3794.046362416957,-6650261.413888437,-6650261.413888437,-6650261.413888437,-1659030.6569819006,-1659030.6569819006,0.0,0.0
576374.645144643;	0.0,446.0,2231.64099484652,2231.64099484652,-6648029.77289359,-6648029.77289359,-6648029.77289359,-1658476.2679377005,-1658476.2679377005,0.0,0.0
576459.7203831311;	0.0,447.0,2791.9446631250757,2791.9446631250757,-6645237.828230463,-6645237.828230463,-6645237.828230463,-1657800.6632594552,-1657800.6632594552,0.0,0.0
576564.160062733;	0.0,448.0,2092.6467412940783,2092.6467412940783,-6643145.181489169,-6643145.181489169,-6643145.181489169,-1657226.156596935,-1657226.156596935,0.0,0.0
576744.9285194051;	0.0,449.0,1148.7118660954256,1148.7118660954256,-6641996.469623074,-6641996.469623074,-6641996.469623074,-1656954.7405934087,-1656954.7405934087,0.0,0.0
576860.351176331;	0.0,450.0,12807.18640619197,12807.186406191973,-6629189.2832168825,-6629189.2832168825,-6629189.2832168825,-1653797.8506272482,-1653797.8506272482,0.0,0.0
578029.3488347051;	0.0,451.0,4488.767809622255,4488.767809622255,-6624700.51540726,-6624700.51540726,-6624700.51540726,-1652610.5974882278,-1652610.5974882278,0.0,0.0
578106.5269950391;	0.0,452.0,1035.6114364707764,1035.6114364707764,-6623664.903970789,-6623664.903970789,-6623664.903970789,-1652356.5552147531,-1652356.5552147531,0.0,0.0
578149.5218563031;	0.0,453.0,1035.0822700262697,1035.0822700262697,-6622629.821700763,-6622629.821700763,-6622629.821700763,-1652155.3382042912,-1652155.3382042912,0.0,0.0
578196.058323174;	0.0,454.0,2069.394872324881,2069.394872324881,-6620560.426828437,-6620560.426828437,-6620560.426828437,-1651637.8364080281,-1651637.8364080281,0.0,0.0
578899.891126035;	0.0,455.0,3085.979250575111,3085.979250575111,-6617474.44757786,-6617474.44757786,-6617474.44757786,-1650759.4078436773,-1650759.4078436773,0.0,0.0
578971.376142252;	0.0,456.0,5670.727912844788,5670.727912844786,-6611803.719665015,-6611803.719665015,-6611803.719665015,-1649429.5869080243,-1649429.5869080243,0.0,0.0
579046.539330941;	0.0,457.0,998.5075311459723,998.5075311459723,-6610805.212133868,-6610805.212133868,-6610805.212133868,-1649216.2532954835,-1649216.2532954835,0.0,0.0
579083.210096378;	0.0,458.0,987.5617916336596,987.5617916336596,-6609817.650342234,-6609817.650342234,-6609817.650342234,-1648985.8888842876,-1648985.8888842876,0.0,0.0
579127.093172176;	0.0,459.0,657.8179880696057,657.8179880696057,-6609159.832354165,-6609159.832354165,-6609159.832354165,-1648814.1947361527,-1648814.1947361527,0.0,0.0
579198.68703007;	0.0,460.0,2298.100526449629,2298.100526449629,-6606861.7318277145,-6606861.7318277145,-6606861.7318277145,-1648272.122147935,-1648272.122147935,0.0,0.0
579377.011555418;	0.0,461.0,2945.458079443789,2945.458079443789,-6603916.273748268,-6603916.273748268,-6603916.273748268,-1647563.6263748563,-1647563.6263748563,0.0,0.0
579451.816727953;	0.0,462.0,10693.030078391086,10693.030078391093,-6593223.243669875,-6593223.243669875,-6593223.243669875,-1644755.488501961,-1644755.488501961,0.0,0.0
586259.6103388331;	0.0,463.0,2393.7125543621573,2393.7125543621573,-6590829.531115515,-6590829.531115515,-6590829.531115515,-1644161.5763560825,-1644161.5763560825,0.0,0.0
586344.366273537;	0.0,464.0,2262.869255120253,2262.869255120253,-6588566.661860394,-6588566.661860394,-6588566.661860394,-1643480.6291859257,-1643480.6291859257,0.0,0.0
586728.100602091;	0.0,465.0,1932.8711635538698,1932.8711635538698,-6586633.790696842,-6586633.790696842,-6586633.790696842,-1642975.5706781896,-1642975.5706781896,0.0,0.0
586812.193099953;	0.0,466.0,1899.753446173957,1899.753446173957,-6584734.037250667,-6584734.037250667,-6584734.037250667,-1642491.386828371,-1642491.386828371,0.0,0.0
587369.075346105;	0.0,467.0,2214.7928118864966,2214.7928118864966,-6582519.244438781,-6582519.244438781,-6582519.244438781,-1641892.5446083648,-1641892.5446083648,0.0,0.0
587487.4296552531;	0.0,468.0,2814.650934507189,2814.650934507189,-6579704.593504273,-6579704.593504273,-6579704.593504273,-1641100.6254179687,-1641100.6254179687,0.0,0.0
587589.176107704;	0.0,469.0,937.3943664717258,937.3943664717258,-6578767.199137802,-6578767.199137802,-6578767.199137802,-1640885.9573631187,-1640885.9573631187,0.0,0.0
587622.559730282;	0.0,470.0,5936.546074940812,5936.546074940816,-6572830.65306286,-6572830.65306286,-6572830.65306286,-1639490.9154564745,-1639490.9154564745,0.0,0.0
588046.762442494;	0.0,471.0,936.5298901737356,936.5298901737356,-6571894.1231726855,-6571894.1231726855,-6571894.1231726855,-1639216.0548731333,-1639216.0548731333,0.0,0.0
588089.812938894;	0.0,472.0,3105.6849272958334,3105.6849272958334,-6568788.43824539,-6568788.43824539,-6568788.43824539,-1638388.008995755,-1638388.008995755,0.0,0.0
588163.257894307;	0.0,473.0,2481.9120908527384,2481.9120908527384,-6566306.526154537,-6566306.526154537,-6566306.526154537,-1637683.300511415,-1637683.300511415,0.0,0.0
588269.6773188871;	0.0,474.0,1539.8914845190366,1539.8914845190366,-6564766.634670018,-6564766.634670018,-6564766.634670018,-1637399.4735005172,-1637399.4735005172,0.0,0.0
588303.826820026;	0.0,475.0,2134.985914324936,2134.985914324934,-6562631.648755689,-6562631.648755689,-6562631.648755689,-1636865.966258277,-1636865.966258277,0.0,0.0
588421.212183502;	0.0,476.0,8536.526642507448,8536.52664250744,-6554095.122113184,-6554095.122113184,-6554095.122113184,-1634807.3192972771,-1634807.3192972771,0.0,0.0
589464.947378876;	0.0,477.0,1693.5473560719665,1693.5473560719665,-6552401.574757111,-6552401.574757111,-6552401.574757111,-1634334.7766717323,-1634334.7766717323,0.0,0.0
589561.222170709;	0.0,478.0,608.9220751950545,608.9220751950545,-6551792.652681918,-6551792.652681918,-6551792.652681918,-1634176.1645149833,-1634176.1645149833,0.0,0.0
589634.867765116;	0.0,479.0,608.2376365364867,608.2376365364867,-6551184.4150453815,-6551184.4150453815,-6551184.4150453815,-1634040.4183062648,-1634040.4183062648,0.0,0.0
589670.2018290081;	0.0,480.0,6360.6937634978785,6360.69376349788,-6544823.721281883,-6544823.721281883,-6544823.721281883,-1632423.267800125,-1632423.267800125,0.0,0.0
590321.2072227381;	0.0,481.0,801.8167751261135,801.8167751261135,-6544021.904506757,-6544021.904506757,-6544021.904506757,-1632219.4428400965,-1632219.4428400965,0.0,0.0
590363.443193943;	0.0,482.0,1111.1757632728986,1111.1757632728986,-6542910.728743483,-6542910.728743483,-6542910.728743483,-1631961.639568259,-1631961.639568259,0.0,0.0
590427.467302956;	0.0,483.0,1205.7657494335058,1205.7657494335058,-6541704.962994051,-6541704.962994051,-6541704.962994051,-1631676.7752353852,-1631676.7752353852,0.0,0.0
590533.393330803;	0.0,484.0,2090.395587322557,2090.395587322557,-6539614.56740673,-6539614.56740673,-6539614.56740673,-1631112.7123334862,-1631112.7123334862,0.0,0.0
590599.246542596;	0.0,485.0,3877.2888733045,3877.2888733045,-6535737.278533424,-6535737.278533424,-6535737.278533424,-1630098.521997539,-1630098.521997539,0.0,0.0
591030.585387344;	0.0,486.0,891.5497672127194,891.5497672127194,-6534845.728766211,-6534845.728766211,-6534845.728766211,-1629856.5015004142,-1629856.5015004142,0.0,0.0
591144.5157663941;	0.0,487.0,24196.91557222524,24196.915572225247,-6510648.813193985,-6510648.813193985,-6510648.813193985,-1623787.9373739108,-1623787.9373739108,0.0,0.0
592632.4736388581;	0.0,488.0,920.9958891225942,920.9958891225942,-6509727.817304865,-6509727.817304865,-6509727.817304865,-1623559.3912506767,-1623559.3912506767,0.0,0.0
592708.5041888581;	0.0,489.0,2719.276905865047,2719.276905865047,-6507008.540398998,-6507008.540398998,-6507008.540398998,-1622848.3480966815,-1622848.3480966815,0.0,0.0
592797.55800475;	0.0,490.0,879.7600700347546,879.7600700347546,-6506128.780328961,-6506128.780328961,-6506128.780328961,-1622671.48205584,-1622671.48205584,0.0,0.0
592879.4568226971;	0.0,491.0,2610.781248792955,2610.7812487929555,-6503517.999080169,-6503517.999080169,-6503517.999080169,-1621995.7262706233,-1621995.7262706233,0.0,0.0
592959.917054853;	0.0,492.0,682.680082563078,682.680082563078,-6502835.318997606,-6502835.318997606,-6502835.318997606,-1621797.5695788222,-1621797.5695788222,0.0,0.0
593044.770686408;	0.0,493.0,1909.3839217914403,1909.3839217914403,-6500925.935075813,-6500925.935075813,-6500925.935075813,-1621320.1426030176,-1621320.1426030176,0.0,0.0
593124.244432386;	0.0,494.0,1466.5126121053854,1466.5126121053854,-6499459.422463708,-6499459.422463708,-6499459.422463708,-1620882.804482505,-1620882.804482505,0.0,0.0
593239.6316196871;	0.0,495.0,2031.137574802282,2031.137574802281,-6497428.284888905,-6497428.284888905,-6497428.284888905,-1620414.7576981306,-1620414.7576981306,0.0,0.0
593305.848933283;	0.0,496.0,3772.008144384037,3772.00814438404,-6493656.27674452,-6493656.27674452,-6493656.27674452,-1619497.5545290431,-1619497.5545290431,0.0,0.0
593376.171666387;	0.0,497.0,2610.8468502261057,2610.8468502261057,-6491045.429894293,-6491045.429894293,-6491045.429894293,-1618844.8305615715,-1618844.8305615715,0.0,0.0
593482.978127661;	0.0,498.0,870.0195211294213,870.0195211294213,-6490175.410373163,-6490175.410373163,-6490175.410373163,-1618660.348091907,-1618660.348091907,0.0,0.0
593514.069440812;	0.0,499.0,575.4130648265709,575.4130648265709,-6489599.997308335,-6489599.997308335,-6489599.997308335,-1618530.0282345368,-1618530.0282345368,0.0,0.0
593565.670057113;	0.0,500.0,5981.239241309673,5981.239241309673,-6483618.758067026,-6483618.758067026,-6483618.758067026,-1617005.8000201036,-1617005.8000201036,0.0,0.0
595358.995929576;	0.0,501.0,564.44990359648,564.44990359648,-6483054.30816343,-6483054.30816343,-6483054.30816343,-1616851.9555276295,-1616851.9555276295,0.0,0.0
595434.4800595241;	0.0,502.0,8722.6035454862,8722.6035454862,-6474331.7046179455,-6474331.7046179455,-6474331.7046179455,-1614696.2120011526,-1614696.2120011526,0.0,0.0
596543.729136848;	0.0,503.0,1405.7616114503962,1405.7616114503962,-6472925.943006495,-6472925.943006495,-6472925.943006495,-1614346.2665484017,-1614346.2665484017,0.0,0.0
596669.5416744141;	0.0,504.0,4733.517504124675,4733.517504124675,-6468192.425502367,-6468192.425502367,-6468192.425502367,-1613225.7582713673,-1613225.7582713673,0.0,0.0
596753.5023410011;	0.0,505.0,3847.1770563198534,3847.1770563198515,-6464345.248446047,-6464345.248446047,-6464345.248446047,-1612294.777702844,-1612294.777702844,0.0,0.0
596816.90525361;	0.0,506.0,824.0375352472693,824.0375352472693,-6463521.210910801,-6463521.210910801,-6463521.210910801,-1612079.8380026734,-1612079.8380026734,0.0,0.0
596942.327144549;	0.0,507.0,1804.639048848418,1804.639048848418,-6461716.571861951,-6461716.571861951,-6461716.571861951,-1611682.1056172305,-1611682.1056172305,0.0,0.0
597121.7339855391;	0.0,508.0,1920.3359043137043,1920.3359043137061,-6459796.235957636,-6459796.235957636,-6459796.235957636,-1611225.9756527455,-1611225.9756527455,0.0,0.0
597194.448248203;	0.0,509.0,12689.756677509911,12689.756677509919,-6447106.479280127,-6447106.479280127,-6447106.479280127,-1608264.3391842828,-1608264.3391842828,0.0,0.0
598823.05989278;	0.0,510.0,1557.9883333139687,1557.9883333139687,-6445548.490946813,-6445548.490946813,-6445548.490946813,-1607894.1911036288,-1607894.1911036288,0.0,0.0
598898.289410657;	0.0,511.0,2095.8002923429713,2095.8002923429713,-6443452.690654468,-6443452.690654468,-6443452.690654468,-1607327.5420990863,-1607327.5420990863,0.0,0.0
599003.137395223;	0.0,512.0,1089.0862911609202,1089.0862911609202,-6442363.604363309,-6442363.604363309,-6442363.604363309,-1607082.9720095366,-1607082.9720095366,0.0,0.0
599132.7989139131;	0.0,513.0,812.4285349365109,812.4285349365109,-6441551.175828373,-6441551.175828373,-6441551.175828373,-1606886.9988509368,-1606886.9988509368,0.0,0.0
599222.1443394481;	0.0,514.0,803.6754859523785,803.6754859523785,-6440747.500342418,-6440747.500342418,-6440747.500342418,-1606695.4124895653,-1606695.4124895653,0.0,0.0
599282.5383639111;	0.0,515.0,2943.669571188647,2943.669571188645,-6437803.830771231,-6437803.830771231,-6437803.830771231,-1605966.9052425511,-1605966.9052425511,0.0,0.0
599355.4103013211;	0.0,516.0,10586.034136879316,10586.03413687932,-6427217.796634351,-6427217.796634351,-6427217.796634351,-1603202.7124725562,-1603202.7124725562,0.0,0.0
