900112.974075215;	cycle,it,executionDll, simulationDll, executionTrainLl, simulationTrainLl,realTrainLl, executionValidLl, realValidLl, executionTestLl, realTestLl
900112.9744098771;	0.0,0.0,0.0,0.0,-57261.34274827552,-57261.34274827552,-57261.34274827552,-11533.590986111825,-11533.590986111825,0.0,0.0
900118.9686491231;	0.0,1.0,561.8802667146997,561.8802667146997,-56699.462481560826,-56699.462481560826,-56699.462481560826,-11431.702016926141,-11431.702016926141,0.0,0.0
900119.5143975851;	0.0,2.0,200.39878453721417,200.39878453721417,-56499.06369702361,-56499.06369702361,-56499.06369702361,-11395.845711433676,-11395.845711433676,0.0,0.0
900120.179759297;	0.0,3.0,567.3990629579685,567.399062957968,-55931.66463406564,-55931.66463406564,-55931.66463406564,-11283.466151025128,-11283.466151025128,0.0,0.0
900121.603094995;	0.0,4.0,1787.5551785590897,1787.5551785590897,-54144.109455506565,-54144.109455506565,-54144.109455506565,-10946.603111959443,-10946.603111959443,0.0,0.0
900125.351992005;	0.0,5.0,232.6128750780356,232.6128750780356,-53911.49658042853,-53911.49658042853,-53911.49658042853,-10898.36036232921,-10898.36036232921,0.0,0.0
900126.1101945881;	0.0,6.0,108.69914632586381,108.69914632586381,-53802.79743410267,-53802.79743410267,-53802.79743410267,-10872.475667068446,-10872.475667068446,0.0,0.0
900129.748417277;	0.0,7.0,131.64106500811386,131.64106500811386,-53671.156369094555,-53671.156369094555,-53671.156369094555,-10851.4289409182,-10851.4289409182,0.0,0.0
900130.6824161371;	0.0,8.0,307.4178099203668,307.4178099203668,-53363.73855917419,-53363.73855917419,-53363.73855917419,-10798.119410429521,-10798.119410429521,0.0,0.0
900133.9757685671;	0.0,9.0,288.08093241992106,288.08093241992106,-53075.65762675427,-53075.65762675427,-53075.65762675427,-10745.21106307249,-10745.21106307249,0.0,0.0
900135.110442842;	0.0,10.0,303.3787478920617,303.3787478920617,-52772.278878862206,-52772.278878862206,-52772.278878862206,-10701.721943471273,-10701.721943471273,0.0,0.0
900135.809875661;	0.0,11.0,47.08305915019359,47.08305915019359,-52725.19581971201,-52725.19581971201,-52725.19581971201,-10692.788858161224,-10692.788858161224,0.0,0.0
900137.2119854521;	0.0,12.0,136.3131901408833,136.3131901408833,-52588.88262957112,-52588.88262957112,-52588.88262957112,-10670.782911779244,-10670.782911779244,0.0,0.0
900137.7125949811;	0.0,13.0,134.82204883948862,134.82204883948862,-52454.06058073164,-52454.06058073164,-52454.06058073164,-10642.813100735371,-10642.813100735371,0.0,0.0
900138.1410454541;	0.0,14.0,737.2017727138746,737.2017727138746,-51716.85880801776,-51716.85880801776,-51716.85880801776,-10484.396631983915,-10484.396631983915,0.0,0.0
900140.893594137;	0.0,15.0,66.83265707685086,66.83265707685086,-51650.02615094091,-51650.02615094091,-51650.02615094091,-10468.78808515905,-10468.78808515905,0.0,0.0
900141.141719626;	0.0,16.0,422.369776750701,422.369776750701,-51227.65637419021,-51227.65637419021,-51227.65637419021,-10367.45616570284,-10367.45616570284,0.0,0.0
900143.2906091501;	0.0,17.0,136.82847807732765,136.82847807732765,-51090.82789611287,-51090.82789611287,-51090.82789611287,-10340.851251618747,-10340.851251618747,0.0,0.0
900143.4568715061;	0.0,18.0,686.2806985517782,686.2806985517782,-50404.547197561085,-50404.547197561085,-50404.547197561085,-10208.599729926362,-10208.599729926362,0.0,0.0
900149.135307208;	0.0,19.0,862.4562151935778,862.4562151935778,-49542.090982367525,-49542.090982367525,-49542.090982367525,-10053.278982053587,-10053.278982053587,0.0,0.0
900153.213707176;	0.0,20.0,344.18452924480846,344.18452924480846,-49197.90645312274,-49197.90645312274,-49197.90645312274,-9984.701505120864,-9984.701505120864,0.0,0.0
900157.109309877;	0.0,21.0,154.70092150556883,154.70092150556883,-49043.20553161715,-49043.20553161715,-49043.20553161715,-9956.728801020585,-9956.728801020585,0.0,0.0
900158.6617803781;	0.0,22.0,249.6505221097214,249.6505221097214,-48793.555009507436,-48793.555009507436,-48793.555009507436,-9912.557054225359,-9912.557054225359,0.0,0.0
900163.2450176411;	0.0,23.0,189.65563603125497,189.65563603125486,-48603.89937347616,-48603.89937347616,-48603.89937347616,-9880.962450046769,-9880.962450046769,0.0,0.0
900171.657697696;	0.0,24.0,372.34580334379234,372.34580334379234,-48231.55357013237,-48231.55357013237,-48231.55357013237,-9815.445763271202,-9815.445763271202,0.0,0.0
900173.909464603;	0.0,25.0,25.155706639040176,25.15570663904029,-48206.39786349333,-48206.39786349333,-48206.39786349333,-9810.341317574253,-9810.341317574253,0.0,0.0
900181.1875111511;	0.0,26.0,376.21028545269155,376.21028545269155,-47830.18757804063,-47830.18757804063,-47830.18757804063,-9725.389580651887,-9725.389580651887,0.0,0.0
900194.302480401;	0.0,27.0,871.861260075249,871.8612600752491,-46958.32631796541,-46958.32631796541,-46958.32631796541,-9550.332147563675,-9550.332147563675,0.0,0.0
900200.0211739481;	0.0,28.0,743.5441237877702,743.5441237877702,-46214.78219417765,-46214.78219417765,-46214.78219417765,-9417.121499111612,-9417.121499111612,0.0,0.0
900202.6576755861;	0.0,29.0,580.408604664676,580.408604664676,-45634.373589512965,-45634.373589512965,-45634.373589512965,-9311.59347028476,-9311.59347028476,0.0,0.0
900205.3476570641;	0.0,30.0,461.7981680671288,461.79816806712876,-45172.57542144584,-45172.57542144584,-45172.57542144584,-9223.183473895435,-9223.183473895435,0.0,0.0
900209.4237376801;	0.0,31.0,121.3911478963239,121.3911478963239,-45051.184273549516,-45051.184273549516,-45051.184273549516,-9208.317541134582,-9208.317541134582,0.0,0.0
900209.6609577001;	0.0,32.0,554.5050006274989,554.5050006274989,-44496.67927292201,-44496.67927292201,-44496.67927292201,-9089.998614445967,-9089.998614445967,0.0,0.0
900215.5545900251;	0.0,33.0,106.320833657214,106.320833657214,-44390.35843926479,-44390.35843926479,-44390.35843926479,-9069.55701461761,-9069.55701461761,0.0,0.0
900227.414342876;	0.0,34.0,99.03029481856208,99.03029481856208,-44291.32814444623,-44291.32814444623,-44291.32814444623,-9048.278289968546,-9048.278289968546,0.0,0.0
900227.595509725;	0.0,35.0,124.03678230727917,124.03678230727917,-44167.29136213896,-44167.29136213896,-44167.29136213896,-9032.474939154718,-9032.474939154718,0.0,0.0
900228.053404347;	0.0,36.0,481.12702028559215,481.12702028559215,-43686.16434185335,-43686.16434185335,-43686.16434185335,-8921.659317786593,-8921.659317786593,0.0,0.0
900229.6710667651;	0.0,37.0,274.64558564554653,274.6455856455465,-43411.51875620779,-43411.51875620779,-43411.51875620779,-8871.055251863698,-8871.055251863698,0.0,0.0
900232.975191127;	0.0,38.0,423.13204477274905,423.13204477274905,-42988.38671143504,-42988.38671143504,-42988.38671143504,-8789.461329786307,-8789.461329786307,0.0,0.0
900237.2504540371;	0.0,39.0,78.77203378071852,78.77203378071852,-42909.614677654325,-42909.614677654325,-42909.614677654325,-8775.435683264548,-8775.435683264548,0.0,0.0
900243.157829192;	0.0,40.0,104.93276594092345,104.93276594092345,-42804.6819117134,-42804.6819117134,-42804.6819117134,-8753.486353777946,-8753.486353777946,0.0,0.0
900250.314057989;	0.0,41.0,180.78645934139115,180.78645934139115,-42623.89545237202,-42623.89545237202,-42623.89545237202,-8721.288231747005,-8721.288231747005,0.0,0.0
900250.5756882391;	0.0,42.0,356.45519742632206,356.45519742632206,-42267.440254945686,-42267.440254945686,-42267.440254945686,-8659.844774839661,-8659.844774839661,0.0,0.0
900252.961984828;	0.0,43.0,117.27302484526297,117.27302484526297,-42150.167230100415,-42150.167230100415,-42150.167230100415,-8637.837938255132,-8637.837938255132,0.0,0.0
900254.8835608831;	0.0,44.0,304.2162543351528,304.2162543351526,-41845.95097576526,-41845.95097576526,-41845.95097576526,-8576.348144546853,-8576.348144546853,0.0,0.0
900272.239501124;	0.0,45.0,550.488816525359,550.488816525359,-41295.462159239905,-41295.462159239905,-41295.462159239905,-8475.678462312373,-8475.678462312373,0.0,0.0
900280.169087128;	0.0,46.0,51.39953733179516,51.39953733179516,-41244.06262190812,-41244.06262190812,-41244.06262190812,-8469.17497207809,-8469.17497207809,0.0,0.0
900296.013738926;	0.0,47.0,47.258396643727565,47.258396643727565,-41196.804225264386,-41196.804225264386,-41196.804225264386,-8457.435712554528,-8457.435712554528,0.0,0.0
900296.776979972;	0.0,48.0,248.5575152006993,248.5575152006993,-40948.246710063686,-40948.246710063686,-40948.246710063686,-8400.352901739567,-8400.352901739567,0.0,0.0
900306.620186447;	0.0,49.0,64.99130412527984,64.99130412527984,-40883.255405938406,-40883.255405938406,-40883.255405938406,-8385.19029599819,-8385.19029599819,0.0,0.0
900322.5039206011;	0.0,50.0,27.557999507482748,27.557999507482748,-40855.69740643092,-40855.69740643092,-40855.69740643092,-8380.13974270513,-8380.13974270513,0.0,0.0
900346.74488438;	0.0,51.0,154.45659199049737,154.45659199049737,-40701.240814440425,-40701.240814440425,-40701.240814440425,-8346.777241246546,-8346.777241246546,0.0,0.0
900355.904349713;	0.0,52.0,34.00072902253535,34.00072902253535,-40667.240085417885,-40667.240085417885,-40667.240085417885,-8334.00586180324,-8334.00586180324,0.0,0.0
900356.129538779;	0.0,53.0,62.90588665285486,62.90588665285486,-40604.334198765035,-40604.334198765035,-40604.334198765035,-8321.24880784001,-8321.24880784001,0.0,0.0
900382.599626995;	0.0,54.0,46.859914408559575,46.859914408559575,-40557.47428435648,-40557.47428435648,-40557.47428435648,-8313.242886087633,-8313.242886087633,0.0,0.0
900412.418955478;	0.0,55.0,141.05997787231098,141.05997787231098,-40416.41430648417,-40416.41430648417,-40416.41430648417,-8288.953935567133,-8288.953935567133,0.0,0.0
900432.574906461;	0.0,56.0,70.53597383424966,70.53597383424966,-40345.87833264992,-40345.87833264992,-40345.87833264992,-8276.90057003639,-8276.90057003639,0.0,0.0
900434.56217572;	0.0,57.0,40.793764622392246,40.793764622392246,-40305.084568027516,-40305.084568027516,-40305.084568027516,-8271.445080592674,-8271.445080592674,0.0,0.0
900434.8143615101;	0.0,58.0,291.92749748093036,291.92749748093,-40013.157070546586,-40013.157070546586,-40013.157070546586,-8215.61160011311,-8215.61160011311,0.0,0.0
900452.1879941641;	0.0,59.0,229.66841418441797,229.66841418441797,-39783.48865636217,-39783.48865636217,-39783.48865636217,-8170.708489814609,-8170.708489814609,0.0,0.0
900468.9589712281;	0.0,60.0,433.10206615225854,433.1020661522585,-39350.38659020991,-39350.38659020991,-39350.38659020991,-8094.805701026031,-8094.805701026031,0.0,0.0
900480.229203892;	0.0,61.0,299.5233262593156,299.52332625931564,-39050.863263950596,-39050.863263950596,-39050.863263950596,-8034.724705372681,-8034.724705372681,0.0,0.0
900490.4263958251;	0.0,62.0,299.75210513352664,299.75210513352664,-38751.11115881706,-38751.11115881706,-38751.11115881706,-7981.986149030921,-7981.986149030921,0.0,0.0
900505.2135493411;	0.0,63.0,148.74003743384236,148.74003743384236,-38602.37112138322,-38602.37112138322,-38602.37112138322,-7961.963227828133,-7961.963227828133,0.0,0.0
900518.037923804;	0.0,64.0,312.0118487643105,312.01184876431057,-38290.35927261891,-38290.35927261891,-38290.35927261891,-7900.269920768062,-7900.269920768062,0.0,0.0
900518.3553200611;	0.0,65.0,202.02332940011382,202.02332940011382,-38088.3359432188,-38088.3359432188,-38088.3359432188,-7856.8733201358355,-7856.8733201358355,0.0,0.0
900518.7819833731;	0.0,66.0,24.80815499304748,24.80815499304748,-38063.52778822576,-38063.52778822576,-38063.52778822576,-7849.705235601413,-7849.705235601413,0.0,0.0
900519.0766910401;	0.0,67.0,265.9204741862972,265.9204741862972,-37797.607314039466,-37797.607314039466,-37797.607314039466,-7802.027091471634,-7802.027091471634,0.0,0.0
900528.0067843711;	0.0,68.0,53.35992598506587,53.35992598506587,-37744.2473880544,-37744.2473880544,-37744.2473880544,-7788.7419240649,-7788.7419240649,0.0,0.0
900528.3973877281;	0.0,69.0,64.92271823839553,64.92271823839553,-37679.32466981601,-37679.32466981601,-37679.32466981601,-7779.170314035124,-7779.170314035124,0.0,0.0
900538.695178054;	0.0,70.0,87.49503212474531,87.49503212474531,-37591.82963769126,-37591.82963769126,-37591.82963769126,-7757.420416655244,-7757.420416655244,0.0,0.0
900546.7081351631;	0.0,71.0,52.88841012070583,52.88841012070537,-37538.941227570554,-37538.941227570554,-37538.941227570554,-7746.969368480843,-7746.969368480843,0.0,0.0
900559.969755335;	0.0,72.0,106.0939209972147,106.0939209972147,-37432.84730657335,-37432.84730657335,-37432.84730657335,-7729.933104481377,-7729.933104481377,0.0,0.0
900563.1264020981;	0.0,73.0,90.40220965838421,90.40220965838421,-37342.445096914955,-37342.445096914955,-37342.445096914955,-7716.810542626539,-7716.810542626539,0.0,0.0
900564.9002815731;	0.0,74.0,54.12225631021038,54.12225631021038,-37288.32284060475,-37288.32284060475,-37288.32284060475,-7706.652004087993,-7706.652004087993,0.0,0.0
900566.493910443;	0.0,75.0,20.780476546649254,20.780476546649254,-37267.54236405811,-37267.54236405811,-37267.54236405811,-7702.112315193448,-7702.112315193448,0.0,0.0
900576.192728054;	0.0,76.0,205.2512940206152,205.25129402061532,-37062.29107003749,-37062.29107003749,-37062.29107003749,-7658.079085715877,-7658.079085715877,0.0,0.0
900578.0724714231;	0.0,77.0,480.2796648095183,480.27966480951807,-36582.011405227975,-36582.011405227975,-36582.011405227975,-7567.635101593631,-7567.635101593631,0.0,0.0
900601.65309316;	0.0,78.0,29.154149837699606,29.154149837699606,-36552.85725539028,-36552.85725539028,-36552.85725539028,-7559.946875926347,-7559.946875926347,0.0,0.0
900601.7657283461;	0.0,79.0,49.840578155224364,49.84057815522442,-36503.01667723505,-36503.01667723505,-36503.01667723505,-7549.621665524832,-7549.621665524832,0.0,0.0
900612.4513321051;	0.0,80.0,83.73481431344459,83.73481431344459,-36419.28186292161,-36419.28186292161,-36419.28186292161,-7527.013816273173,-7527.013816273173,0.0,0.0
900616.9485255141;	0.0,81.0,232.56159177715267,232.56159177715261,-36186.72027114447,-36186.72027114447,-36186.72027114447,-7485.3837600509905,-7485.3837600509905,0.0,0.0
900631.1386699941;	0.0,82.0,118.54873986345356,118.54873986345356,-36068.17153128101,-36068.17153128101,-36068.17153128101,-7443.1093026209,-7443.1093026209,0.0,0.0
900634.780614141;	0.0,83.0,68.9000859076836,68.9000859076836,-35999.27144537333,-35999.27144537333,-35999.27144537333,-7423.2963449000745,-7423.2963449000745,0.0,0.0
900637.434945277;	0.0,84.0,26.509485467216223,26.509485467216223,-35972.761959906114,-35972.761959906114,-35972.761959906114,-7420.858649767493,-7420.858649767493,0.0,0.0
900637.9419583881;	0.0,85.0,367.73218096756625,367.7321809675666,-35605.02977893855,-35605.02977893855,-35605.02977893855,-7351.56948252545,-7351.56948252545,0.0,0.0
900667.789690618;	0.0,86.0,89.22113395970217,89.22113395970217,-35515.80864497884,-35515.80864497884,-35515.80864497884,-7333.048811181951,-7333.048811181951,0.0,0.0
900696.6226941261;	0.0,87.0,43.93446191312523,43.93446191312523,-35471.87418306571,-35471.87418306571,-35471.87418306571,-7329.345302154979,-7329.345302154979,0.0,0.0
900697.681295569;	0.0,88.0,97.92905493828835,97.92905493828835,-35373.94512812742,-35373.94512812742,-35373.94512812742,-7313.409144816641,-7313.409144816641,0.0,0.0
900714.972500493;	0.0,89.0,68.38749321457436,68.38749321457436,-35305.55763491285,-35305.55763491285,-35305.55763491285,-7300.281135352069,-7300.281135352069,0.0,0.0
900727.2685324191;	0.0,90.0,37.92238589468366,37.92238589468366,-35267.63524901817,-35267.63524901817,-35267.63524901817,-7290.70281848445,-7290.70281848445,0.0,0.0
900761.6976017271;	0.0,91.0,245.9946217043679,245.9946217043679,-35021.64062731379,-35021.64062731379,-35021.64062731379,-7241.553970662236,-7241.553970662236,0.0,0.0
900802.774012114;	0.0,92.0,166.52396297565986,166.52396297565986,-34855.11666433814,-34855.11666433814,-34855.11666433814,-7204.566077158864,-7204.566077158864,0.0,0.0
900827.6878359431;	0.0,93.0,296.8076294557914,296.8076294557914,-34558.30903488235,-34558.30903488235,-34558.30903488235,-7135.252156691428,-7135.252156691428,0.0,0.0
900845.8244639861;	0.0,94.0,105.99287198874256,105.99287198874256,-34452.316162893614,-34452.316162893614,-34452.316162893614,-7122.021631401326,-7122.021631401326,0.0,0.0
900862.110438897;	0.0,95.0,58.50617132273601,58.50617132273601,-34393.80999157088,-34393.80999157088,-34393.80999157088,-7106.680917017516,-7106.680917017516,0.0,0.0
900912.3273332431;	0.0,96.0,20.6153499577905,20.6153499577905,-34373.19464161309,-34373.19464161309,-34373.19464161309,-7102.338409217776,-7102.338409217776,0.0,0.0
900955.444515026;	0.0,97.0,47.849605990904365,47.849605990904365,-34325.34503562219,-34325.34503562219,-34325.34503562219,-7091.335568546665,-7091.335568546665,0.0,0.0
901017.8677892351;	0.0,98.0,35.405192227005955,35.405192227005955,-34289.93984339519,-34289.93984339519,-34289.93984339519,-7084.342905258831,-7084.342905258831,0.0,0.0
901102.8367848861;	0.0,99.0,31.933091053150733,31.933091053150733,-34258.00675234202,-34258.00675234202,-34258.00675234202,-7078.750218826659,-7078.750218826659,0.0,0.0
901105.487664542;	0.0,100.0,39.89885542289005,39.89885542289005,-34218.10789691914,-34218.10789691914,-34218.10789691914,-7067.844910731996,-7067.844910731996,0.0,0.0
901108.4724013051;	0.0,101.0,23.01241387912637,23.01241387912637,-34195.095483040015,-34195.095483040015,-34195.095483040015,-7064.4082026074975,-7064.4082026074975,0.0,0.0
901109.572990846;	0.0,102.0,38.25213769198021,38.25213769198021,-34156.843345348025,-34156.843345348025,-34156.843345348025,-7058.441342363714,-7058.441342363714,0.0,0.0
901115.7386904401;	0.0,103.0,30.217372948424753,30.217372948424753,-34126.625972399605,-34126.625972399605,-34126.625972399605,-7049.77521314439,-7049.77521314439,0.0,0.0
901118.505275084;	0.0,104.0,7.459533872341673,7.459533872341673,-34119.16643852726,-34119.16643852726,-34119.16643852726,-7046.802233019542,-7046.802233019542,0.0,0.0
901135.341641818;	0.0,105.0,34.54781413480067,34.54781413480067,-34084.61862439246,-34084.61862439246,-34084.61862439246,-7040.4915557195945,-7040.4915557195945,0.0,0.0
901135.9777526611;	0.0,106.0,33.66772266442779,33.66772266442779,-34050.95090172803,-34050.95090172803,-34050.95090172803,-7035.637450471666,-7035.637450471666,0.0,0.0
901147.617881358;	0.0,107.0,93.019919874377,93.019919874377,-33957.930981853664,-33957.930981853664,-33957.930981853664,-7001.217429309043,-7001.217429309043,0.0,0.0
901162.368918951;	0.0,108.0,32.08526803979313,32.08526803979313,-33925.84571381387,-33925.84571381387,-33925.84571381387,-6994.37197901887,-6994.37197901887,0.0,0.0
901165.642578284;	0.0,109.0,55.41032216099558,55.41032216099558,-33870.43539165287,-33870.43539165287,-33870.43539165287,-6981.821805890484,-6981.821805890484,0.0,0.0
901191.6301614561;	0.0,110.0,11.770880728431152,11.770880728431152,-33858.664510924435,-33858.664510924435,-33858.664510924435,-6976.520205099088,-6976.520205099088,0.0,0.0
901193.75409387;	0.0,111.0,50.54323374394701,50.54323374394701,-33808.121277180486,-33808.121277180486,-33808.121277180486,-6962.777565270313,-6962.777565270313,0.0,0.0
901216.2231419161;	0.0,112.0,26.814568564131406,26.814568564131406,-33781.30670861636,-33781.30670861636,-33781.30670861636,-6958.113162664975,-6958.113162664975,0.0,0.0
901232.0777622821;	0.0,113.0,116.18624628569967,116.18624628569967,-33665.12046233065,-33665.12046233065,-33665.12046233065,-6932.366007999564,-6932.366007999564,0.0,0.0
901262.663782272;	0.0,114.0,21.646044980689055,21.646044980689055,-33643.47441734996,-33643.47441734996,-33643.47441734996,-6931.020025329171,-6931.020025329171,0.0,0.0
901263.2692111151;	0.0,115.0,6.197251446514059,6.197251446514059,-33637.27716590344,-33637.27716590344,-33637.27716590344,-6930.582858434926,-6930.582858434926,0.0,0.0
901314.7290926791;	0.0,116.0,22.284133183410656,22.284133183410656,-33614.993032720035,-33614.993032720035,-33614.993032720035,-6926.125310944352,-6926.125310944352,0.0,0.0
901316.01351364;	0.0,117.0,8.665082893570563,8.665082893570563,-33606.32794982646,-33606.32794982646,-33606.32794982646,-6926.315245148252,-6926.315245148252,0.0,0.0
901337.339230773;	0.0,118.0,32.88169820565312,32.88169820565312,-33573.446251620815,-33573.446251620815,-33573.446251620815,-6922.375949711119,-6922.375949711119,0.0,0.0
901340.524326195;	0.0,119.0,36.18149134227557,36.181491342275564,-33537.264760278544,-33537.264760278544,-33537.264760278544,-6912.76912319765,-6912.76912319765,0.0,0.0
901369.890539017;	0.0,120.0,108.87557772054961,108.87557772054961,-33428.389182558,-33428.389182558,-33428.389182558,-6880.594368167191,-6880.594368167191,0.0,0.0
901395.282747525;	0.0,121.0,30.934810291153582,30.934810291153582,-33397.454372266846,-33397.454372266846,-33397.454372266846,-6874.301137375733,-6874.301137375733,0.0,0.0
901395.5613115111;	0.0,122.0,7.460994648553793,7.460994648553793,-33389.99337761829,-33389.99337761829,-33389.99337761829,-6874.495846611668,-6874.495846611668,0.0,0.0
901420.1035904861;	0.0,123.0,11.19414118520612,11.19414118520612,-33378.799236433086,-33378.799236433086,-33378.799236433086,-6872.007785028352,-6872.007785028352,0.0,0.0
901497.910666076;	0.0,124.0,3.794157804873201,3.794157804873201,-33375.00507862821,-33375.00507862821,-33375.00507862821,-6872.865536416155,-6872.865536416155,0.0,0.0
901498.1560227671;	0.0,125.0,62.69709540125376,62.697095401253705,-33312.30798322696,-33312.30798322696,-33312.30798322696,-6862.372078816648,-6862.372078816648,0.0,0.0
901518.0834803231;	0.0,126.0,25.387899133080353,25.387899133080353,-33286.92008409387,-33286.92008409387,-33286.92008409387,-6857.384804579004,-6857.384804579004,0.0,0.0
901518.4091016081;	0.0,127.0,9.429151732102042,9.429151732102056,-33277.49093236177,-33277.49093236177,-33277.49093236177,-6855.624063031106,-6855.624063031106,0.0,0.0
901544.93785302;	0.0,128.0,28.518047483365386,28.518047483365386,-33248.9728848784,-33248.9728848784,-33248.9728848784,-6846.08379651534,-6846.08379651534,0.0,0.0
901551.1817822361;	0.0,129.0,14.224818307455932,14.224818307455932,-33234.74806657094,-33234.74806657094,-33234.74806657094,-6835.709141666738,-6835.709141666738,0.0,0.0
901556.1576428281;	0.0,130.0,7.077794089343811,7.077794089343811,-33227.6702724816,-33227.6702724816,-33227.6702724816,-6834.992013063792,-6834.992013063792,0.0,0.0
901557.1881414821;	0.0,131.0,17.582457688107482,17.582457688107482,-33210.08781479349,-33210.08781479349,-33210.08781479349,-6831.593983925096,-6831.593983925096,0.0,0.0
901560.9778525111;	0.0,132.0,6.996227456956831,6.996227456956831,-33203.09158733654,-33203.09158733654,-33203.09158733654,-6827.943901401318,-6827.943901401318,0.0,0.0
901584.0068520011;	0.0,133.0,106.82769645823538,106.82769645823447,-33096.263890878305,-33096.263890878305,-33096.263890878305,-6805.15367011473,-6805.15367011473,0.0,0.0
901667.8344325611;	0.0,134.0,82.45325620659855,82.45325620659854,-33013.81063467171,-33013.81063467171,-33013.81063467171,-6793.584610436119,-6793.584610436119,0.0,0.0
901685.4959427201;	0.0,135.0,49.866831649706924,49.866831649706924,-32963.94380302201,-32963.94380302201,-32963.94380302201,-6782.434086376157,-6782.434086376157,0.0,0.0
901717.4235793011;	0.0,136.0,16.685585193207643,16.685585193207643,-32947.25821782881,-32947.25821782881,-32947.25821782881,-6778.333820533568,-6778.333820533568,0.0,0.0
901721.380573117;	0.0,137.0,110.2030689023,110.20306890229995,-32837.055148926505,-32837.055148926505,-32837.055148926505,-6765.822439111924,-6765.822439111924,0.0,0.0
901753.171975094;	0.0,138.0,57.666495016492476,57.666495016492476,-32779.38865391001,-32779.38865391001,-32779.38865391001,-6758.949209684222,-6758.949209684222,0.0,0.0
901773.976489344;	0.0,139.0,15.779693277867437,15.779693277867437,-32763.608960632144,-32763.608960632144,-32763.608960632144,-6760.211560302845,-6760.211560302845,0.0,0.0
901777.9162403201;	0.0,140.0,9.274950937447551,9.274950937447551,-32754.3340096947,-32754.3340096947,-32754.3340096947,-6759.936724035873,-6759.936724035873,0.0,0.0
901811.8058449831;	0.0,141.0,52.645526932108226,52.645526932108226,-32701.688482762587,-32701.688482762587,-32701.688482762587,-6753.543704475541,-6753.543704475541,0.0,0.0
901884.279133623;	0.0,142.0,155.03044987087088,155.03044987087088,-32546.65803289172,-32546.65803289172,-32546.65803289172,-6724.691873950732,-6724.691873950732,0.0,0.0
901920.8001688691;	0.0,143.0,60.86455340213305,60.86455340213305,-32485.79347948959,-32485.79347948959,-32485.79347948959,-6708.9575195516745,-6708.9575195516745,0.0,0.0
901921.334146223;	0.0,144.0,40.40729670770437,40.40729670770437,-32445.38618278188,-32445.38618278188,-32445.38618278188,-6707.507488920271,-6707.507488920271,0.0,0.0
901922.594456819;	0.0,145.0,22.385307144744928,22.385307144744928,-32423.00087563714,-32423.00087563714,-32423.00087563714,-6705.6639753162535,-6705.6639753162535,0.0,0.0
901978.944518032;	0.0,146.0,31.950803419348276,31.950803419348276,-32391.05007221779,-32391.05007221779,-32391.05007221779,-6705.568348337144,-6705.568348337144,0.0,0.0
901983.6234904871;	0.0,147.0,34.5446913685914,34.5446913685914,-32356.505380849194,-32356.505380849194,-32356.505380849194,-6695.879817708995,-6695.879817708995,0.0,0.0
902056.258990683;	0.0,148.0,13.782577265573455,13.782577265573455,-32342.722803583627,-32342.722803583627,-32342.722803583627,-6694.530713894915,-6694.530713894915,0.0,0.0
902101.318535852;	0.0,149.0,27.346448032410414,27.346448032410418,-32315.376355551216,-32315.376355551216,-32315.376355551216,-6686.763558175736,-6686.763558175736,0.0,0.0
902102.3489224451;	0.0,150.0,24.874081143482833,24.87408114348283,-32290.502274407732,-32290.502274407732,-32290.502274407732,-6677.1843817990875,-6677.1843817990875,0.0,0.0
902103.191618258;	0.0,151.0,2.8505759639490265,2.8505759639490265,-32287.651698443784,-32287.651698443784,-32287.651698443784,-6677.479625327934,-6677.479625327934,0.0,0.0
902104.358134393;	0.0,152.0,39.35475827903432,39.35475827903432,-32248.29694016475,-32248.29694016475,-32248.29694016475,-6672.522772257521,-6672.522772257521,0.0,0.0
902137.329603887;	0.0,153.0,13.179772997807676,13.179772997807676,-32235.117167166936,-32235.117167166936,-32235.117167166936,-6668.0967563256645,-6668.0967563256645,0.0,0.0
902139.201528601;	0.0,154.0,4.986990880612327,4.986990880612327,-32230.130176286326,-32230.130176286326,-32230.130176286326,-6667.91602927055,-6667.91602927055,0.0,0.0
902183.8120064761;	0.0,155.0,7.35883904762985,7.35883904762985,-32222.771337238693,-32222.771337238693,-32222.771337238693,-6666.590705927877,-6666.590705927877,0.0,0.0
902233.235213879;	0.0,156.0,7.224935162169174,7.224935162169174,-32215.546402076518,-32215.546402076518,-32215.546402076518,-6666.35965430429,-6666.35965430429,0.0,0.0
902233.7428741041;	0.0,157.0,2.39887657363532,2.3988765736353344,-32213.14752550288,-32213.14752550288,-32213.14752550288,-6666.412073531576,-6666.412073531576,0.0,0.0
902256.0498115061;	0.0,158.0,2.3878160263756314,2.3878160263756314,-32210.759709476508,-32210.759709476508,-32210.759709476508,-6665.694886040964,-6665.694886040964,0.0,0.0
902284.0533209781;	0.0,159.0,47.35568576250989,47.35568576250989,-32163.404023713996,-32163.404023714,-32163.404023713996,-6656.042763743508,-6656.042763743508,0.0,0.0
902423.420939755;	0.0,160.0,12.214487538512742,12.214487538512742,-32151.189536175487,-32151.189536175487,-32151.189536175487,-6654.213916472907,-6654.213916472907,0.0,0.0
902566.309008997;	0.0,161.0,31.799476461739363,31.799476461739363,-32119.39005971375,-32119.39005971375,-32119.39005971375,-6644.427544320404,-6644.427544320404,0.0,0.0
902623.545736302;	0.0,162.0,5.377404382966802,5.377404382966802,-32114.012655330785,-32114.012655330785,-32114.012655330785,-6642.572963456063,-6642.572963456063,0.0,0.0
902806.9600857111;	0.0,163.0,57.81245583959381,57.81245583959472,-32056.200199491188,-32056.200199491188,-32056.200199491188,-6626.288830708342,-6626.288830708342,0.0,0.0
902965.867170296;	0.0,164.0,6.5347992760992675,6.5347992760992675,-32049.665400215086,-32049.665400215086,-32049.665400215086,-6624.302828118937,-6624.302828118937,0.0,0.0
903011.000948115;	0.0,165.0,11.208240601866322,11.208240601866322,-32038.457159613215,-32038.457159613215,-32038.457159613215,-6621.774224577617,-6621.774224577617,0.0,0.0
903209.37896409;	0.0,166.0,24.044999661210518,24.044999661210518,-32014.412159952004,-32014.412159952004,-32014.412159952004,-6617.723433246552,-6617.723433246552,0.0,0.0
903256.9840519481;	0.0,167.0,50.13469680720607,50.13469680720607,-31964.2774631448,-31964.2774631448,-31964.2774631448,-6611.207474178631,-6611.207474178631,0.0,0.0
903339.98413341;	0.0,168.0,204.36594546516136,204.36594546516136,-31759.91151767964,-31759.91151767964,-31759.91151767964,-6571.936225577185,-6571.936225577185,0.0,0.0
903391.4528430271;	0.0,169.0,89.04699545232117,89.04699545232117,-31670.864522227323,-31670.864522227323,-31670.864522227323,-6551.876861278455,-6551.876861278455,0.0,0.0
903443.886524638;	0.0,170.0,32.41815756549219,32.41815756549219,-31638.44636466183,-31638.44636466183,-31638.44636466183,-6549.574239117468,-6549.574239117468,0.0,0.0
903485.876305461;	0.0,171.0,27.26581271352201,27.265812713522003,-31611.180551948306,-31611.180551948306,-31611.180551948306,-6545.85202090444,-6545.85202090444,0.0,0.0
903568.265244357;	0.0,172.0,92.65039411284175,92.65039411284175,-31518.53015783546,-31518.53015783546,-31518.53015783546,-6528.425681384082,-6528.425681384082,0.0,0.0
903634.435405249;	0.0,173.0,41.96313414272589,41.96313414272589,-31476.567023692733,-31476.567023692733,-31476.567023692733,-6517.7655828224,-6517.7655828224,0.0,0.0
903635.2122254601;	0.0,174.0,12.802759470651267,12.802759470651267,-31463.76426422208,-31463.76426422208,-31463.76426422208,-6516.7669545302,-6516.7669545302,0.0,0.0
903635.563148885;	0.0,175.0,29.855232234755096,29.855232234755096,-31433.909031987325,-31433.909031987325,-31433.909031987325,-6513.108826357896,-6513.108826357896,0.0,0.0
903647.144402471;	0.0,176.0,9.253017201701908,9.253017201701908,-31424.656014785625,-31424.656014785625,-31424.656014785625,-6510.867099647737,-6510.867099647737,0.0,0.0
903647.875900911;	0.0,177.0,73.62332131246109,73.62332131246109,-31351.032693473164,-31351.032693473164,-31351.032693473164,-6498.202737179995,-6498.202737179995,0.0,0.0
903724.25392476;	0.0,178.0,32.508184693038224,32.508184693038224,-31318.524508780123,-31318.524508780123,-31318.524508780123,-6491.509820433533,-6491.509820433533,0.0,0.0
903780.8075228661;	0.0,179.0,52.28664994568106,52.28664994568106,-31266.23785883444,-31266.23785883444,-31266.23785883444,-6484.667943687915,-6484.667943687915,0.0,0.0
903834.573794769;	0.0,180.0,33.87292167994342,33.87292167994342,-31232.3649371545,-31232.3649371545,-31232.3649371545,-6471.306630212748,-6471.306630212748,0.0,0.0
903867.5608669481;	0.0,181.0,20.5417208039919,20.541720803991897,-31211.82321635051,-31211.82321635051,-31211.82321635051,-6466.208982936083,-6466.208982936083,0.0,0.0
903919.474241261;	0.0,182.0,10.615047806615904,10.615047806615904,-31201.208168543893,-31201.208168543893,-31201.208168543893,-6463.651149658859,-6463.651149658859,0.0,0.0
903920.2961211611;	0.0,183.0,20.9600135530954,20.9600135530954,-31180.2481549908,-31180.2481549908,-31180.2481549908,-6460.517237992783,-6460.517237992783,0.0,0.0
903971.6651697281;	0.0,184.0,32.404343503390976,32.40434350339097,-31147.843811487408,-31147.843811487408,-31147.843811487408,-6452.895951258593,-6452.895951258593,0.0,0.0
904064.585373549;	0.0,185.0,22.74701807787622,22.74701807787622,-31125.09679340953,-31125.09679340953,-31125.09679340953,-6447.799595604599,-6447.799595604599,0.0,0.0
904090.764071126;	0.0,186.0,7.954842112954324,7.954842112954324,-31117.141951296577,-31117.141951296577,-31117.141951296577,-6445.825525505158,-6445.825525505158,0.0,0.0
904098.663072195;	0.0,187.0,11.10260293998924,11.10260293998924,-31106.039348356582,-31106.039348356582,-31106.039348356582,-6440.917346381569,-6440.917346381569,0.0,0.0
904103.326231571;	0.0,188.0,27.91157079156016,27.91157079156016,-31078.12777756502,-31078.12777756502,-31078.12777756502,-6430.935253304366,-6430.935253304366,0.0,0.0
904156.5684082571;	0.0,189.0,33.76142861815892,33.7614286181589,-31044.366348946856,-31044.366348946856,-31044.366348946856,-6413.751238459437,-6413.751238459437,0.0,0.0
904216.5266255841;	0.0,190.0,5.927998727194229,5.927998727194229,-31038.43835021966,-31038.43835021966,-31038.43835021966,-6412.017841593528,-6412.017841593528,0.0,0.0
904274.097907542;	0.0,191.0,9.590888851507971,9.590888851507971,-31028.847461368154,-31028.847461368154,-31028.847461368154,-6409.4800518766515,-6409.4800518766515,0.0,0.0
904284.75373199;	0.0,192.0,16.99794260093339,16.99794260093339,-31011.84951876722,-31011.84951876722,-31011.84951876722,-6402.441321465825,-6402.441321465825,0.0,0.0
904358.1147356511;	0.0,193.0,20.35186717922683,20.35186717922683,-30991.497651588,-30991.497651588,-30991.497651588,-6393.842028704945,-6393.842028704945,0.0,0.0
904433.2421477321;	0.0,194.0,9.215040524900829,9.215040524900829,-30982.282611063103,-30982.282611063103,-30982.282611063103,-6395.018131236415,-6395.018131236415,0.0,0.0
904480.689236897;	0.0,195.0,8.90226477496205,8.90226477496205,-30973.38034628814,-30973.38034628814,-30973.38034628814,-6393.795082677823,-6393.795082677823,0.0,0.0
904481.305849383;	0.0,196.0,8.61260946598037,8.61260946598037,-30964.767736822163,-30964.767736822163,-30964.767736822163,-6388.553933414869,-6388.553933414869,0.0,0.0
904521.894507586;	0.0,197.0,32.33419491091328,32.33419491091328,-30932.43354191125,-30932.43354191125,-30932.43354191125,-6380.355785021335,-6380.355785021335,0.0,0.0
904709.7331502241;	0.0,198.0,94.6560472464964,94.6560472464964,-30837.777494664755,-30837.777494664755,-30837.777494664755,-6359.823364436026,-6359.823364436026,0.0,0.0
904821.430287088;	0.0,199.0,41.997869369180584,41.997869369180584,-30795.77962529558,-30795.77962529558,-30795.77962529558,-6356.436851667084,-6356.436851667084,0.0,0.0
904892.545868824;	0.0,200.0,17.421184939131507,17.421184939131507,-30778.35844035645,-30778.35844035645,-30778.35844035645,-6349.765608733318,-6349.765608733318,0.0,0.0
904892.8609991871;	0.0,201.0,9.544775821911985,9.544775821911985,-30768.81366453453,-30768.81366453453,-30768.81366453453,-6349.163641254607,-6349.163641254607,0.0,0.0
904904.035703676;	0.0,202.0,5.025259319954927,5.025259319954927,-30763.788405214575,-30763.788405214575,-30763.788405214575,-6347.243995838997,-6347.243995838997,0.0,0.0
905100.2412052661;	0.0,203.0,8.168337843472898,8.168337843472898,-30755.620067371106,-30755.620067371106,-30755.620067371106,-6348.079764869472,-6348.079764869472,0.0,0.0
905114.733601339;	0.0,204.0,17.39146899479207,17.39146899479207,-30738.228598376318,-30738.228598376318,-30738.228598376318,-6345.545526341706,-6345.545526341706,0.0,0.0
905195.522611671;	0.0,205.0,3.154339462443075,3.154339462443075,-30735.07425891387,-30735.07425891387,-30735.07425891387,-6346.352445768172,-6346.352445768172,0.0,0.0
905225.378553517;	0.0,206.0,7.778130540696492,7.778130540696492,-30727.29612837318,-30727.29612837318,-30727.29612837318,-6345.976230432891,-6345.976230432891,0.0,0.0
905227.2443074031;	0.0,207.0,20.067025173969995,20.067025173969995,-30707.22910319921,-30707.22910319921,-30707.22910319921,-6343.904414623348,-6343.904414623348,0.0,0.0
905298.1841901931;	0.0,208.0,16.307560153285145,16.307560153285145,-30690.921543045915,-30690.921543045915,-30690.921543045915,-6340.735911177548,-6340.735911177548,0.0,0.0
905314.004149948;	0.0,209.0,7.547338244588784,7.547338244588784,-30683.374204801326,-30683.374204801326,-30683.374204801326,-6338.814911492669,-6338.814911492669,0.0,0.0
905320.538352248;	0.0,210.0,7.744144198642348,7.744144198642348,-30675.63006060269,-30675.63006060269,-30675.63006060269,-6340.775821603489,-6340.775821603489,0.0,0.0
905325.053393571;	0.0,211.0,12.117948188088551,12.11794818808855,-30663.512112414603,-30663.512112414603,-30663.512112414603,-6337.4805733387875,-6337.4805733387875,0.0,0.0
905333.986883361;	0.0,212.0,4.500709233227553,4.500709233227553,-30659.011403181394,-30659.011403181394,-30659.011403181394,-6336.11740682016,-6336.11740682016,0.0,0.0
905559.9415820751;	0.0,213.0,11.980048670481818,11.980048670481818,-30647.031354510917,-30647.031354510917,-30647.031354510917,-6332.252277069281,-6332.252277069281,0.0,0.0
905609.3479212731;	0.0,214.0,11.975496966710535,11.975496966710535,-30635.055857544216,-30635.055857544216,-30635.055857544216,-6328.402988125768,-6328.402988125768,0.0,0.0
905648.2896826741;	0.0,215.0,17.62883537461973,17.62883537461973,-30617.4270221696,-30617.4270221696,-30617.4270221696,-6322.701419673503,-6322.701419673503,0.0,0.0
905712.6297545461;	0.0,216.0,5.758749936018798,5.758749936018798,-30611.66827223358,-30611.66827223358,-30611.66827223358,-6323.512014928751,-6323.512014928751,0.0,0.0
905713.3996500841;	0.0,217.0,42.95785401128407,42.95785401128407,-30568.710418222297,-30568.710418222297,-30568.710418222297,-6317.45053673908,-6317.45053673908,0.0,0.0
905759.910722251;	0.0,218.0,9.167211194534845,9.167211194534845,-30559.543207027764,-30559.543207027764,-30559.543207027764,-6317.025872563977,-6317.025872563977,0.0,0.0
905760.3191034681;	0.0,219.0,50.6812104385794,50.6812104385794,-30508.861996589174,-30508.861996589174,-30508.861996589174,-6306.763045361519,-6306.763045361519,0.0,0.0
905849.409914152;	0.0,220.0,114.43162633131998,114.43162633131998,-30394.43037025785,-30394.43037025785,-30394.43037025785,-6280.119429772328,-6280.119429772328,0.0,0.0
905850.161547217;	0.0,221.0,173.88147057430746,173.8814705743074,-30220.548899683537,-30220.548899683537,-30220.548899683537,-6239.116812712519,-6239.116812712519,0.0,0.0
905915.8509941361;	0.0,222.0,88.24191217595231,88.24191217595234,-30132.306987507585,-30132.306987507585,-30132.306987507585,-6218.969574542612,-6218.969574542612,0.0,0.0
906009.5562112251;	0.0,223.0,12.697465393311028,12.697465393311028,-30119.609522114275,-30119.609522114275,-30119.609522114275,-6217.970767770964,-6217.970767770964,0.0,0.0
906088.4422862771;	0.0,224.0,6.611954580715555,6.611954580715555,-30112.99756753356,-30112.99756753356,-30112.99756753356,-6217.5206492058705,-6217.5206492058705,0.0,0.0
906136.1393735551;	0.0,225.0,40.18398461583446,40.18398461583446,-30072.813582917726,-30072.813582917726,-30072.813582917726,-6215.724648935508,-6215.724648935508,0.0,0.0
906226.920177203;	0.0,226.0,8.580105779414108,8.580105779414108,-30064.233477138318,-30064.233477138318,-30064.233477138318,-6213.163387524096,-6213.163387524096,0.0,0.0
906313.693922817;	0.0,227.0,6.88732739740008,6.88732739740008,-30057.346149740923,-30057.346149740923,-30057.346149740923,-6213.393655707149,-6213.393655707149,0.0,0.0
906314.463784964;	0.0,228.0,23.00351037038044,23.003510370380432,-30034.34263937054,-30034.34263937054,-30034.34263937054,-6208.500638646646,-6208.500638646646,0.0,0.0
906413.3236010111;	0.0,229.0,14.838747567718357,14.838747567718357,-30019.503891802826,-30019.503891802826,-30019.503891802826,-6206.028105607648,-6206.028105607648,0.0,0.0
906416.509693656;	0.0,230.0,7.592933253094994,7.592933253094994,-30011.91095854973,-30011.91095854973,-30011.91095854973,-6205.932314496408,-6205.932314496408,0.0,0.0
906417.632179182;	0.0,231.0,8.896608033023298,8.896608033023298,-30003.014350516707,-30003.014350516707,-30003.014350516707,-6204.9951001726995,-6204.9951001726995,0.0,0.0
906418.1987931271;	0.0,232.0,8.700035195637625,8.700035195637625,-29994.31431532107,-29994.31431532107,-29994.31431532107,-6200.140286463743,-6200.140286463743,0.0,0.0
906418.705384633;	0.0,233.0,34.35551127452172,34.3555112745217,-29959.95880404655,-29959.95880404655,-29959.95880404655,-6187.913378055592,-6187.913378055592,0.0,0.0
906645.3021052891;	0.0,234.0,51.6118875454412,51.611887545441206,-29908.346916501105,-29908.346916501105,-29908.346916501105,-6175.685594709326,-6175.685594709326,0.0,0.0
906732.8494008561;	0.0,235.0,5.208123215087394,5.208123215087394,-29903.138793286016,-29903.138793286016,-29903.138793286016,-6174.250635038845,-6174.250635038845,0.0,0.0
906835.708334621;	0.0,236.0,25.139413860759596,25.139413860759596,-29877.999379425262,-29877.999379425262,-29877.999379425262,-6162.396337938366,-6162.396337938366,0.0,0.0
906951.0513537211;	0.0,237.0,17.01762711168734,17.01762711168734,-29860.98175231358,-29860.98175231358,-29860.98175231358,-6154.903338345923,-6154.903338345923,0.0,0.0
907016.1984443171;	0.0,238.0,6.79489975171165,6.79489975171165,-29854.18685256187,-29854.18685256187,-29854.18685256187,-6153.072030235551,-6153.072030235551,0.0,0.0
907018.067830714;	0.0,239.0,3.9628469440880565,3.9628469440880565,-29850.224005617783,-29850.224005617783,-29850.224005617783,-6152.6304534903975,-6152.6304534903975,0.0,0.0
907018.5028037571;	0.0,240.0,18.286702343215733,18.286702343215733,-29831.937303274575,-29831.937303274575,-29831.937303274575,-6151.882215661442,-6151.882215661442,0.0,0.0
907111.8294541751;	0.0,241.0,40.595706421298885,40.595706421298885,-29791.34159685327,-29791.34159685327,-29791.34159685327,-6144.351179842584,-6144.351179842584,0.0,0.0
907264.528481779;	0.0,242.0,13.436741812076237,13.436741812076237,-29777.904855041197,-29777.904855041197,-29777.904855041197,-6143.64040979831,-6143.64040979831,0.0,0.0
907349.7202108181;	0.0,243.0,5.925389581892474,5.925389581892474,-29771.979465459306,-29771.979465459306,-29771.979465459306,-6140.982472229014,-6140.982472229014,0.0,0.0
907493.549326429;	0.0,244.0,23.789421198825643,23.789421198825643,-29748.19004426048,-29748.19004426048,-29748.19004426048,-6141.17838114872,-6141.17838114872,0.0,0.0
907603.836055016;	0.0,245.0,36.64226400182423,36.64226400182423,-29711.54778025865,-29711.54778025865,-29711.54778025865,-6129.650655864064,-6129.650655864064,0.0,0.0
907716.1500787471;	0.0,246.0,26.558840839023922,26.558840839023922,-29684.98893941962,-29684.98893941962,-29684.98893941962,-6126.305095982675,-6126.305095982675,0.0,0.0
907787.954302028;	0.0,247.0,5.799283480349966,5.799283480349966,-29679.189655939274,-29679.189655939274,-29679.189655939274,-6125.284600650871,-6125.284600650871,0.0,0.0
907898.282987496;	0.0,248.0,14.123760200770501,14.123760200770501,-29665.0658957385,-29665.0658957385,-29665.0658957385,-6121.556242504882,-6121.556242504882,0.0,0.0
907980.4001803731;	0.0,249.0,8.62789018758394,8.62789018758394,-29656.43800555092,-29656.43800555092,-29656.43800555092,-6120.683240326837,-6120.683240326837,0.0,0.0
907980.661111154;	0.0,250.0,20.999870984432107,20.999870984432107,-29635.43813456649,-29635.43813456649,-29635.43813456649,-6119.527844822102,-6119.527844822102,0.0,0.0
908092.1235177971;	0.0,251.0,17.470629926313304,17.470629926313308,-29617.96750464018,-29617.96750464018,-29617.96750464018,-6118.759035216918,-6118.759035216918,0.0,0.0
908193.380587026;	0.0,252.0,3.721146916700512,3.721146916700512,-29614.246357723478,-29614.246357723478,-29614.246357723478,-6115.93729851939,-6115.93729851939,0.0,0.0
908444.451326504;	0.0,253.0,22.864105706775376,22.864105706775376,-29591.382252016705,-29591.382252016705,-29591.382252016705,-6112.548272310264,-6112.548272310264,0.0,0.0
908610.5826393431;	0.0,254.0,30.239019303717637,30.239019303717637,-29561.143232712988,-29561.143232712988,-29561.143232712988,-6104.819928438871,-6104.819928438871,0.0,0.0
908613.2127116631;	0.0,255.0,118.78728957259864,118.78728957259773,-29442.355943140392,-29442.355943140392,-29442.355943140392,-6091.154630112179,-6091.154630112179,0.0,0.0
908723.05706855;	0.0,256.0,225.18706208437843,225.1870620843784,-29217.16888105601,-29217.16888105601,-29217.16888105601,-6043.692279244809,-6043.692279244809,0.0,0.0
908831.7748524151;	0.0,257.0,14.402956200703043,14.402956200703043,-29202.765924855303,-29202.765924855303,-29202.765924855303,-6041.535500472511,-6041.535500472511,0.0,0.0
908834.6964016211;	0.0,258.0,60.4472097946349,60.4472097946349,-29142.31871506067,-29142.31871506067,-29142.31871506067,-6039.659345602219,-6039.659345602219,0.0,0.0
908985.098326788;	0.0,259.0,10.450454598595826,10.450454598595826,-29131.868260462077,-29131.868260462077,-29131.868260462077,-6032.1912444519485,-6032.1912444519485,0.0,0.0
908986.6869201231;	0.0,260.0,11.44815178959671,11.44815178959671,-29120.42010867248,-29120.42010867248,-29120.42010867248,-6031.8176378409435,-6031.8176378409435,0.0,0.0
908988.328078289;	0.0,261.0,16.521976656546972,16.521976656546972,-29103.89813201592,-29103.89813201592,-29103.89813201592,-6027.302172819752,-6027.302172819752,0.0,0.0
909089.2985453991;	0.0,262.0,4.662399658174479,4.662399658174479,-29099.235732357745,-29099.235732357745,-29099.235732357745,-6027.395592622496,-6027.395592622496,0.0,0.0
909090.279627189;	0.0,263.0,13.44794682712677,13.447946827126769,-29085.787785530618,-29085.787785530618,-29085.787785530618,-6024.99514333314,-6024.99514333314,0.0,0.0
909096.8435741221;	0.0,264.0,59.91231250103755,59.91231250103755,-29025.875473029584,-29025.875473029584,-29025.875473029584,-6018.683842454176,-6018.683842454176,0.0,0.0
909275.6061126121;	0.0,265.0,49.89536318046131,49.89536318046131,-28975.980109849123,-28975.980109849123,-28975.980109849123,-6007.900523958825,-6007.900523958825,0.0,0.0
909414.467321458;	0.0,266.0,20.016335958604664,20.016335958604664,-28955.96377389051,-28955.96377389051,-28955.96377389051,-5996.236265680252,-5996.236265680252,0.0,0.0
909530.822078848;	0.0,267.0,3.4230535506330853,3.4230535506330853,-28952.54072033988,-28952.54072033988,-28952.54072033988,-5997.005022929264,-5997.005022929264,0.0,0.0
909545.035504537;	0.0,268.0,11.261333214587427,11.261333214587427,-28941.279387125294,-28941.279387125294,-28941.279387125294,-5995.774962469976,-5995.774962469976,0.0,0.0
909690.1585010481;	0.0,269.0,8.911719203373341,8.911719203373341,-28932.367667921928,-28932.367667921928,-28932.367667921928,-5993.382243498683,-5993.382243498683,0.0,0.0
909692.107798537;	0.0,270.0,3.2983141983225046,3.2983141983225046,-28929.069353723607,-28929.069353723607,-28929.069353723607,-5990.909552513429,-5990.909552513429,0.0,0.0
910019.445133171;	0.0,271.0,8.729229843026186,8.729229843026188,-28920.340123880585,-28920.340123880585,-28920.340123880585,-5988.25993818859,-5988.25993818859,0.0,0.0
910149.218657588;	0.0,272.0,10.881106063908447,10.881106063908447,-28909.45901781668,-28909.45901781668,-28909.45901781668,-5985.851641801035,-5985.851641801035,0.0,0.0
910149.8929718911;	0.0,273.0,4.8705979544040385,4.8705979544040385,-28904.588419862273,-28904.588419862273,-28904.588419862273,-5983.320464767003,-5983.320464767003,0.0,0.0
910150.684919415;	0.0,274.0,7.902307268081971,7.902307268081971,-28896.686112594194,-28896.686112594194,-28896.686112594194,-5979.1827279802055,-5979.1827279802055,0.0,0.0
910151.4410189701;	0.0,275.0,4.237174637459958,4.237174637459958,-28892.448937956742,-28892.448937956742,-28892.448937956742,-5981.21684349235,-5981.21684349235,0.0,0.0
910166.5289402481;	0.0,276.0,4.202450309920522,4.202450309920522,-28888.246487646822,-28888.246487646822,-28888.246487646822,-5979.613670132166,-5979.613670132166,0.0,0.0
910340.30028117;	0.0,277.0,5.15937895847972,5.15937895847972,-28883.087108688345,-28883.087108688345,-28883.087108688345,-5977.03542870201,-5977.03542870201,0.0,0.0
910587.7905087101;	0.0,278.0,3.1414400548997605,3.1414400548997605,-28879.94566863344,-28879.94566863344,-28879.94566863344,-5976.145041541128,-5976.145041541128,0.0,0.0
910588.476115965;	0.0,279.0,11.48312324690355,11.483123246903551,-28868.462545386537,-28868.462545386537,-28868.462545386537,-5973.411561920281,-5973.411561920281,0.0,0.0
910689.301971241;	0.0,280.0,32.32438459005293,32.32438459005293,-28836.138160796476,-28836.138160796476,-28836.138160796476,-5967.0692754418515,-5967.0692754418515,0.0,0.0
911039.268050224;	0.0,281.0,23.735500550065243,23.735500550065243,-28812.40266024641,-28812.40266024641,-28812.40266024641,-5965.584213085497,-5965.584213085497,0.0,0.0
911185.063187657;	0.0,282.0,13.55791802951839,13.55791802951839,-28798.84474221689,-28798.84474221689,-28798.84474221689,-5962.525142314064,-5962.525142314064,0.0,0.0
911185.630640133;	0.0,283.0,9.96206808176601,9.96206808176601,-28788.882674135126,-28788.882674135126,-28788.882674135126,-5961.655882194308,-5961.655882194308,0.0,0.0
911328.645235848;	0.0,284.0,4.563444719678219,4.563444719678218,-28784.319229415454,-28784.319229415454,-28784.319229415454,-5961.131007495319,-5961.131007495319,0.0,0.0
911470.287951822;	0.0,285.0,4.504330187558594,4.504330187558594,-28779.814899227895,-28779.814899227895,-28779.814899227895,-5960.615858761855,-5960.615858761855,0.0,0.0
911604.4378157511;	0.0,286.0,3.7931932541523103,3.7931932541523103,-28776.02170597374,-28776.02170597374,-28776.02170597374,-5960.906627449939,-5960.906627449939,0.0,0.0
911615.078342432;	0.0,287.0,4.967836462853835,4.967836462853835,-28771.053869510884,-28771.053869510884,-28771.053869510884,-5961.80022932028,-5961.80022932028,0.0,0.0
911671.200281796;	0.0,288.0,16.673503051352235,16.673503051352235,-28754.380366459536,-28754.380366459536,-28754.380366459536,-5957.793078314214,-5957.793078314214,0.0,0.0
911796.0093960761;	0.0,289.0,12.251187412475396,12.251187412475398,-28742.12917904706,-28742.12917904706,-28742.12917904706,-5955.823083273702,-5955.823083273702,0.0,0.0
911914.9639118611;	0.0,290.0,1.0113898392396268,1.0113898392396268,-28741.11778920781,-28741.11778920781,-28741.11778920781,-5955.638382215685,-5955.638382215685,0.0,0.0
912076.9363370241;	0.0,291.0,1.0043717221249193,1.0043717221249193,-28740.11341748568,-28740.11341748568,-28740.11341748568,-5955.45018719129,-5955.45018719129,0.0,0.0
912240.453351367;	0.0,292.0,11.032510049101177,11.032510049101177,-28729.080907436582,-28729.080907436582,-28729.080907436582,-5957.101353278874,-5957.101353278874,0.0,0.0
912373.350673937;	0.0,293.0,4.994800063638933,4.994800063638933,-28724.086107372947,-28724.086107372947,-28724.086107372947,-5954.922016342248,-5954.922016342248,0.0,0.0
912377.198540964;	0.0,294.0,21.81813186689746,21.81813186689837,-28702.267975506053,-28702.267975506053,-28702.267975506053,-5948.467490973774,-5948.467490973774,0.0,0.0
912710.831225728;	0.0,295.0,14.538648209942092,14.538648209942092,-28687.729327296114,-28687.729327296114,-28687.729327296114,-5946.321086729801,-5946.321086729801,0.0,0.0
912858.852381277;	0.0,296.0,3.08895612416417,3.08895612416417,-28684.640371171947,-28684.640371171947,-28684.640371171947,-5945.715290286032,-5945.715290286032,0.0,0.0
913231.5269116501;	0.0,297.0,20.567363640490058,20.567363640490058,-28664.073007531453,-28664.073007531453,-28664.073007531453,-5943.008936802465,-5943.008936802465,0.0,0.0
913455.303717207;	0.0,298.0,93.1688812507976,93.1688812507976,-28570.904126280653,-28570.904126280653,-28570.904126280653,-5922.868396489783,-5922.868396489783,0.0,0.0
913456.1677303461;	0.0,299.0,3.8604245705750735,3.8604245705750735,-28567.04370171008,-28567.04370171008,-28567.04370171008,-5923.910093941775,-5923.910093941775,0.0,0.0
913592.2800431261;	0.0,300.0,0.9678986345858034,0.9678986345858034,-28566.0758030755,-28566.0758030755,-28566.0758030755,-5923.69439440016,-5923.69439440016,0.0,0.0
913784.0479092731;	0.0,301.0,2.835697510694672,2.835697510694672,-28563.240105564808,-28563.240105564808,-28563.240105564808,-5922.877927383914,-5922.877927383914,0.0,0.0
913791.6775162731;	0.0,302.0,9.419746337545345,9.419746337545345,-28553.82035922727,-28553.82035922727,-28553.82035922727,-5920.400642586062,-5920.400642586062,0.0,0.0
913968.418584621;	0.0,303.0,4.612482844724102,4.612482844724102,-28549.207876382545,-28549.207876382545,-28549.207876382545,-5922.027497936978,-5922.027497936978,0.0,0.0
913969.5806723571;	0.0,304.0,10.995593899804517,10.995593899804517,-28538.212282482735,-28538.212282482735,-28538.212282482735,-5925.23549317694,-5925.23549317694,0.0,0.0
914115.616688961;	0.0,305.0,1.8173062136351188,1.8173062136351188,-28536.394976269097,-28536.394976269097,-28536.394976269097,-5924.686021758501,-5924.686021758501,0.0,0.0
914385.421285807;	0.0,306.0,12.702893794934022,12.702893794934024,-28523.69208247416,-28523.69208247416,-28523.69208247416,-5921.616469624546,-5921.616469624546,0.0,0.0
914497.1424650571;	0.0,307.0,6.92408468774363,6.92408468774363,-28516.767997786425,-28516.767997786425,-28516.767997786425,-5917.962160103697,-5917.962160103697,0.0,0.0
914503.538421588;	0.0,308.0,2.4142839820290476,2.4142839820290476,-28514.35371380439,-28514.35371380439,-28514.35371380439,-5917.508401438979,-5917.508401438979,0.0,0.0
914504.1666188701;	0.0,309.0,0.7857614219324924,0.7857614219324924,-28513.567952382455,-28513.567952382455,-28513.567952382455,-5917.528213089377,-5917.528213089377,0.0,0.0
914770.4709988061;	0.0,310.0,3.111764439629628,3.111764439629628,-28510.456187942822,-28510.456187942822,-28510.456187942822,-5918.9638559717905,-5918.9638559717905,0.0,0.0
914771.660479272;	0.0,311.0,2.2466140828748387,2.2466140828748387,-28508.209573859946,-28508.209573859946,-28508.209573859946,-5920.834179889879,-5920.834179889879,0.0,0.0
915103.4647106661;	0.0,312.0,8.940392337767555,8.940392337767555,-28499.26918152218,-28499.26918152218,-28499.26918152218,-5920.705323449182,-5920.705323449182,0.0,0.0
915279.1213359211;	0.0,313.0,1.4333903457929722,1.4333903457929722,-28497.83579117639,-28497.83579117639,-28497.83579117639,-5920.240769007944,-5920.240769007944,0.0,0.0
915279.292891382;	0.0,314.0,1.4328950567744876,1.4328950567744876,-28496.40289611962,-28496.40289611962,-28496.40289611962,-5919.913770007465,-5919.913770007465,0.0,0.0
915381.2006948901;	0.0,315.0,3.552036733405618,3.552036733405618,-28492.85085938621,-28492.85085938621,-28492.85085938621,-5919.998392092742,-5919.998392092742,0.0,0.0
915381.845434447;	0.0,316.0,1.4107174218632395,1.4107174218632395,-28491.440141964344,-28491.440141964344,-28491.440141964344,-5920.763546312098,-5920.763546312098,0.0,0.0
915382.474309757;	0.0,317.0,9.430720321820273,9.430720321820273,-28482.00942164252,-28482.00942164252,-28482.00942164252,-5921.418021699664,-5921.418021699664,0.0,0.0
915518.199836747;	0.0,318.0,16.68092814415283,16.68092814415283,-28465.328493498364,-28465.328493498364,-28465.328493498364,-5919.412492598417,-5919.412492598417,0.0,0.0
915688.8553009611;	0.0,319.0,19.12821232803725,19.12821232803725,-28446.200281170324,-28446.200281170324,-28446.200281170324,-5914.39194281075,-5914.39194281075,0.0,0.0
915689.5125253531;	0.0,320.0,3.6363206378804875,3.6363206378804875,-28442.563960532443,-28442.563960532443,-28442.563960532443,-5914.429666610952,-5914.429666610952,0.0,0.0
915692.484082165;	0.0,321.0,39.50848367010185,39.50848367010185,-28403.05547686236,-28403.05547686236,-28403.05547686236,-5904.523119004051,-5904.523119004051,0.0,0.0
915904.6188802661;	0.0,322.0,9.431857804747862,9.431857804747862,-28393.623619057613,-28393.623619057613,-28393.623619057613,-5901.908482065402,-5901.908482065402,0.0,0.0
916122.584073117;	0.0,323.0,2.814990396191547,2.814990396191547,-28390.808628661423,-28390.808628661423,-28390.808628661423,-5901.204773683175,-5901.204773683175,0.0,0.0
916122.9400437081;	0.0,324.0,6.9213381179947,6.9213381179947,-28383.887290543433,-28383.887290543433,-28383.887290543433,-5902.011077850649,-5902.011077850649,0.0,0.0
916124.4967295771;	0.0,325.0,0.7946325537970225,0.7946325537970225,-28383.092657989633,-28383.092657989633,-28383.092657989633,-5901.898127730964,-5901.898127730964,0.0,0.0
916373.950082544;	0.0,326.0,5.435828603852401,5.435828603852401,-28377.656829385785,-28377.656829385785,-28377.656829385785,-5901.570537774455,-5901.570537774455,0.0,0.0
916516.2086534471;	0.0,327.0,4.482350506282597,4.482350506282597,-28373.1744788795,-28373.1744788795,-28373.1744788795,-5899.09751635279,-5899.09751635279,0.0,0.0
916518.004409366;	0.0,328.0,14.659281324510147,14.659281324510147,-28358.515197554985,-28358.515197554985,-28358.515197554985,-5895.099212527589,-5895.099212527589,0.0,0.0
916781.7154456051;	0.0,329.0,2.655855580431762,2.655855580431762,-28355.859341974556,-28355.859341974556,-28355.859341974556,-5897.048227105454,-5897.048227105454,0.0,0.0
916943.660039823;	0.0,330.0,0.9875269961303004,0.9875269961303004,-28354.87181497842,-28354.87181497842,-28354.87181497842,-5900.252117977579,-5900.252117977579,0.0,0.0
917124.2808899571;	0.0,331.0,20.14797861422288,20.14797861422288,-28334.723836364195,-28334.723836364195,-28334.723836364195,-5898.160020786822,-5898.160020786822,0.0,0.0
917403.7656069751;	0.0,332.0,9.965662554183766,9.965662554183766,-28324.75817381001,-28324.75817381001,-28324.75817381001,-5896.687798746397,-5896.687798746397,0.0,0.0
917410.0598155771;	0.0,333.0,6.814749709826408,6.814749709826408,-28317.94342410019,-28317.94342410019,-28317.94342410019,-5897.508810485721,-5897.508810485721,0.0,0.0
917554.883611654;	0.0,334.0,2.9125611248680556,2.9125611248680556,-28315.030862975327,-28315.030862975327,-28315.030862975327,-5897.599473337991,-5897.599473337991,0.0,0.0
917582.356229432;	0.0,335.0,16.88287054893427,16.882870548934278,-28298.14799242639,-28298.14799242639,-28298.14799242639,-5895.955628473074,-5895.955628473074,0.0,0.0
917811.8396915811;	0.0,336.0,2.4137843728560213,2.4137843728560213,-28295.734208053535,-28295.734208053535,-28295.734208053535,-5894.361810766811,-5894.361810766811,0.0,0.0
918073.3551584311;	0.0,337.0,2.753989983014538,2.753989983014538,-28292.98021807052,-28292.98021807052,-28292.98021807052,-5892.815170492887,-5892.815170492887,0.0,0.0
918085.842990249;	0.0,338.0,1.6217957247845778,1.6217957247845778,-28291.358422345736,-28291.358422345736,-28291.358422345736,-5891.685690074931,-5891.685690074931,0.0,0.0
918088.5291382751;	0.0,339.0,9.836467685714483,9.836467685714483,-28281.521954660024,-28281.521954660024,-28281.521954660024,-5892.209015195946,-5892.209015195946,0.0,0.0
918302.18355601;	0.0,340.0,1.1153131506996488,1.1153131506996488,-28280.406641509322,-28280.406641509322,-28280.406641509322,-5892.1530284698665,-5892.1530284698665,0.0,0.0
918302.874267981;	0.0,341.0,1.6702908418304077,1.6702908418304077,-28278.736350667492,-28278.736350667492,-28278.736350667492,-5892.218325618608,-5892.218325618608,0.0,0.0
918731.278634128;	0.0,342.0,11.124370873749001,11.124370873749001,-28267.611979793743,-28267.611979793743,-28267.611979793743,-5891.420108205112,-5891.420108205112,0.0,0.0
918732.67285182;	0.0,343.0,2.7790000144056726,2.7790000144056726,-28264.83297977934,-28264.83297977934,-28264.83297977934,-5892.424777078914,-5892.424777078914,0.0,0.0
918734.569482497;	0.0,344.0,18.544976335528567,18.544976335528567,-28246.288003443806,-28246.288003443806,-28246.288003443806,-5888.611428053698,-5888.611428053698,0.0,0.0
918944.450562297;	0.0,345.0,6.4890618290178,6.4890618290178,-28239.798941614787,-28239.798941614787,-28239.798941614787,-5887.734877440947,-5887.734877440947,0.0,0.0
918945.4006581531;	0.0,346.0,2.2368567129274624,2.2368567129274624,-28237.562084901863,-28237.562084901863,-28237.562084901863,-5887.329839933484,-5887.329839933484,0.0,0.0
918946.390608976;	0.0,347.0,6.888218188329297,6.888218188329297,-28230.673866713532,-28230.673866713532,-28230.673866713532,-5884.348545676009,-5884.348545676009,0.0,0.0
919146.149181065;	0.0,348.0,0.7089177633768908,0.7089177633768926,-28229.964948950157,-28229.964948950157,-28229.964948950157,-5884.210005987706,-5884.210005987706,0.0,0.0
919271.125604653;	0.0,349.0,1.1170258171042518,1.1170258171042518,-28228.847923133053,-28228.847923133053,-28228.847923133053,-5884.570081631852,-5884.570081631852,0.0,0.0
919443.3649113531;	0.0,350.0,13.893976506790693,13.893976506790693,-28214.95394662626,-28214.95394662626,-28214.95394662626,-5881.01763313531,-5881.01763313531,0.0,0.0
919625.9407035521;	0.0,351.0,11.26694424587998,11.26694424587998,-28203.68700238038,-28203.68700238038,-28203.68700238038,-5877.77682132881,-5877.77682132881,0.0,0.0
919757.764167482;	0.0,352.0,1.6380258401880035,1.6380258401880035,-28202.048976540184,-28202.048976540184,-28202.048976540184,-5877.362323372673,-5877.362323372673,0.0,0.0
919985.8388317401;	0.0,353.0,4.3425140969780145,4.3425140969780145,-28197.706462443202,-28197.706462443202,-28197.706462443202,-5875.254216474759,-5875.254216474759,0.0,0.0
919986.6760049941;	0.0,354.0,1.632408985796431,1.632408985796431,-28196.074053457414,-28196.074053457414,-28196.074053457414,-5874.604037204806,-5874.604037204806,0.0,0.0
920084.070066654;	0.0,355.0,12.432344484631813,12.432344484632722,-28183.641708972777,-28183.641708972773,-28183.641708972777,-5871.739923062909,-5871.739923062909,0.0,0.0
920338.329798239;	0.0,356.0,139.87874564330775,139.87874564330775,-28043.762963329475,-28043.762963329475,-28043.762963329475,-5846.223824420869,-5846.223824420869,0.0,0.0
920541.2278417851;	0.0,357.0,26.707525759104072,26.707525759104076,-28017.055437570372,-28017.055437570372,-28017.055437570372,-5841.896845435889,-5841.896845435889,0.0,0.0
920783.265648377;	0.0,358.0,35.11071301832345,35.11071301832345,-27981.944724552046,-27981.944724552046,-27981.944724552046,-5836.377225754146,-5836.377225754146,0.0,0.0
920935.731589825;	0.0,359.0,15.770045535520405,15.770045535520406,-27966.17467901653,-27966.17467901653,-27966.17467901653,-5831.943685750923,-5831.943685750923,0.0,0.0
921152.708170576;	0.0,360.0,10.426751449652903,10.426751449652903,-27955.747927566877,-27955.747927566877,-27955.747927566877,-5828.245124753292,-5828.245124753292,0.0,0.0
921378.654240746;	0.0,361.0,8.107725529117424,8.107725529117422,-27947.640202037765,-27947.640202037765,-27947.640202037765,-5828.76636194488,-5828.76636194488,0.0,0.0
921379.9539248181;	0.0,362.0,14.482427676108927,14.482427676109843,-27933.15777436165,-27933.15777436165,-27933.15777436165,-5823.269749791722,-5823.269749791722,0.0,0.0
921762.2395993371;	0.0,363.0,14.101116740608337,14.101116740608335,-27919.056657621037,-27919.056657621037,-27919.056657621037,-5817.640960908669,-5817.640960908669,0.0,0.0
921979.2094683821;	0.0,364.0,17.87662113422146,17.87662113422055,-27901.180036486818,-27901.18003648682,-27901.180036486818,-5817.322698601466,-5817.322698601466,0.0,0.0
922311.816491388;	0.0,365.0,11.225999166229514,11.225999166229506,-27889.954037320585,-27889.954037320585,-27889.954037320585,-5814.560432501573,-5814.560432501573,0.0,0.0
922501.181188005;	0.0,366.0,5.66966004094033,5.66966004094033,-27884.284377279644,-27884.284377279644,-27884.284377279644,-5811.363958092251,-5811.363958092251,0.0,0.0
922509.2498842891;	0.0,367.0,5.217033191158111,5.217033191158111,-27879.067344088482,-27879.067344088482,-27879.067344088482,-5809.935419542205,-5809.935419542205,0.0,0.0
922510.8317493411;	0.0,368.0,2.8885403212025746,2.8885403212025746,-27876.178803767278,-27876.178803767278,-27876.178803767278,-5811.160743815552,-5811.160743815552,0.0,0.0
922522.4349005581;	0.0,369.0,2.2296274584168856,2.2296274584168856,-27873.949176308863,-27873.949176308863,-27873.949176308863,-5810.106379871401,-5810.106379871401,0.0,0.0
922531.436292471;	0.0,370.0,3.564234378130351,3.564234378130351,-27870.38494193073,-27870.38494193073,-27870.38494193073,-5808.369986900042,-5808.369986900042,0.0,0.0
922533.6231977011;	0.0,371.0,4.539572943211259,4.539572943211259,-27865.84536898752,-27865.84536898752,-27865.84536898752,-5805.603512362448,-5805.603512362448,0.0,0.0
922551.518694192;	0.0,372.0,11.619571450580516,11.619571450580516,-27854.225797536936,-27854.225797536936,-27854.225797536936,-5805.027294073894,-5805.027294073894,0.0,0.0
922754.643892816;	0.0,373.0,32.148867023577495,32.148867023577495,-27822.076930513354,-27822.076930513354,-27822.076930513354,-5801.630042475019,-5801.630042475019,0.0,0.0
922758.648479199;	0.0,374.0,13.489660592671438,13.489660592671436,-27808.587269920685,-27808.587269920685,-27808.587269920685,-5801.280223702806,-5801.280223702806,0.0,0.0
922767.0800922781;	0.0,375.0,1.0491240328519922,1.0491240328519922,-27807.538145887833,-27807.538145887833,-27807.538145887833,-5800.138762641989,-5800.138762641989,0.0,0.0
922768.0696789591;	0.0,376.0,1.5389370082352443,1.5389370082352443,-27805.999208879595,-27805.999208879595,-27805.999208879595,-5800.539297996547,-5800.539297996547,0.0,0.0
922786.112949509;	0.0,377.0,5.021879629688456,5.021879629688456,-27800.97732924991,-27800.97732924991,-27800.97732924991,-5799.600714436387,-5799.600714436387,0.0,0.0
923009.312466825;	0.0,378.0,1.9339540376127644,1.9339540376127644,-27799.043375212295,-27799.043375212295,-27799.043375212295,-5798.718627590524,-5798.718627590524,0.0,0.0
923009.5761988;	0.0,379.0,3.002819708351499,3.002819708351499,-27796.04055550394,-27796.04055550394,-27796.04055550394,-5798.190584760769,-5798.190584760769,0.0,0.0
923010.6719610001;	0.0,380.0,11.032032975422482,11.032032975423391,-27785.008522528504,-27785.0085225285,-27785.008522528504,-5796.607050684177,-5796.607050684177,0.0,0.0
923248.8389248061;	0.0,381.0,211.19116344156865,211.19116344156865,-27573.81735908694,-27573.81735908694,-27573.81735908694,-5761.749537786709,-5761.749537786709,0.0,0.0
923404.715741925;	0.0,382.0,79.44135619710055,79.44135619710056,-27494.376002889843,-27494.376002889843,-27494.376002889843,-5744.877743103687,-5744.877743103687,0.0,0.0
923594.2783281391;	0.0,383.0,33.06938135703893,33.06938135703893,-27461.306621532804,-27461.306621532804,-27461.306621532804,-5735.875422371653,-5735.875422371653,0.0,0.0
923776.7970479691;	0.0,384.0,24.884100874617772,24.884100874617772,-27436.422520658187,-27436.422520658187,-27436.422520658187,-5732.496364453016,-5732.496364453016,0.0,0.0
923913.0307270001;	0.0,385.0,36.20794384081799,36.20794384081798,-27400.214576817372,-27400.214576817372,-27400.214576817372,-5722.97978215743,-5722.97978215743,0.0,0.0
924107.8421452091;	0.0,386.0,30.696570176451146,30.696570176451146,-27369.51800664093,-27369.51800664093,-27369.51800664093,-5717.579052469213,-5717.579052469213,0.0,0.0
924268.802119323;	0.0,387.0,21.363098221549976,21.363098221549983,-27348.154908419387,-27348.154908419387,-27348.154908419387,-5711.55186459737,-5711.55186459737,0.0,0.0
924426.380964154;	0.0,388.0,6.93418606693476,6.93418606693476,-27341.220722352457,-27341.220722352457,-27341.220722352457,-5710.592658800246,-5710.592658800246,0.0,0.0
924544.357823834;	0.0,389.0,13.038010334515068,13.038010334515068,-27328.182712017937,-27328.182712017937,-27328.182712017937,-5712.036897794853,-5712.036897794853,0.0,0.0
924547.1801809551;	0.0,390.0,33.69748129956186,33.69748129956187,-27294.48523071838,-27294.48523071838,-27294.48523071838,-5704.67162814507,-5704.67162814507,0.0,0.0
924770.9574254651;	0.0,391.0,33.30886281628141,33.30886281628141,-27261.176367902095,-27261.176367902095,-27261.176367902095,-5702.706998270347,-5702.706998270347,0.0,0.0
924995.2188943151;	0.0,392.0,2.137634334664533,2.137634334664533,-27259.038733567428,-27259.038733567428,-27259.038733567428,-5702.746687406319,-5702.746687406319,0.0,0.0
925269.864082911;	0.0,393.0,0.6699589415953406,0.6699589415953406,-27258.368774625833,-27258.368774625833,-27258.368774625833,-5702.758353560992,-5702.758353560992,0.0,0.0
925520.7751927921;	0.0,394.0,1.4982006234241254,1.4982006234241254,-27256.87057400241,-27256.87057400241,-27256.87057400241,-5703.291695322267,-5703.291695322267,0.0,0.0
925521.191355468;	0.0,395.0,8.858996447342054,8.85899644734205,-27248.011577555066,-27248.011577555066,-27248.011577555066,-5699.871220018651,-5699.871220018651,0.0,0.0
925748.1731090201;	0.0,396.0,2.135228176029692,2.135228176029692,-27245.876349379036,-27245.876349379036,-27245.876349379036,-5698.57172073869,-5698.57172073869,0.0,0.0
925748.7979566801;	0.0,397.0,1.9151872788319193,1.9151872788319193,-27243.961162100204,-27243.961162100204,-27243.961162100204,-5698.285336693918,-5698.285336693918,0.0,0.0
926111.4708277441;	0.0,398.0,0.9571127263944104,0.9571127263944104,-27243.004049373805,-27243.004049373805,-27243.004049373805,-5698.285336693918,-5698.285336693918,0.0,0.0
926111.925697805;	0.0,399.0,14.101835430249672,14.101835430249672,-27228.902213943555,-27228.902213943555,-27228.902213943555,-5696.507262584493,-5696.507262584493,0.0,0.0
926510.220618276;	0.0,400.0,14.063058139353167,14.063058139353167,-27214.839155804202,-27214.839155804202,-27214.839155804202,-5693.76752423341,-5693.76752423341,0.0,0.0
926872.2151176081;	0.0,401.0,4.899679123773485,4.899679123773485,-27209.93947668043,-27209.93947668043,-27209.93947668043,-5695.997114647069,-5695.997114647069,0.0,0.0
927096.259455473;	0.0,402.0,3.806635508068041,3.806635508068041,-27206.13284117236,-27206.13284117236,-27206.13284117236,-5693.810250591998,-5693.810250591998,0.0,0.0
927608.208506752;	0.0,403.0,10.775676898222432,10.775676898222432,-27195.357164274134,-27195.357164274134,-27195.357164274134,-5691.155064404678,-5691.155064404678,0.0,0.0
927918.765357504;	0.0,404.0,0.7866601779810534,0.7866601779810534,-27194.570504096155,-27194.570504096155,-27194.570504096155,-5691.360655174814,-5691.360655174814,0.0,0.0
928397.363129658;	0.0,405.0,1.6835932301444743,1.6835932301444743,-27192.886910865993,-27192.886910865993,-27192.886910865993,-5691.037254489329,-5691.037254489329,0.0,0.0
928906.0941352921;	0.0,406.0,12.422964270459502,12.422964270459502,-27180.463946595533,-27180.463946595533,-27180.463946595533,-5691.4461476492825,-5691.4461476492825,0.0,0.0
929222.8607956731;	0.0,407.0,15.54347980389386,15.54347980389386,-27164.920466791635,-27164.920466791635,-27164.920466791635,-5685.894869168985,-5685.894869168985,0.0,0.0
929446.0637370611;	0.0,408.0,15.170909881089358,15.170909881089358,-27149.749556910545,-27149.749556910545,-27149.749556910545,-5685.627233584489,-5685.627233584489,0.0,0.0
929747.0803571601;	0.0,409.0,14.826804097400242,14.826804097400242,-27134.922752813145,-27134.922752813145,-27134.922752813145,-5681.110886507467,-5681.110886507467,0.0,0.0
929747.673661157;	0.0,410.0,0.9920768916705256,0.9920768916705256,-27133.930675921474,-27133.930675921474,-27133.930675921474,-5680.9525699126,-5680.9525699126,0.0,0.0
930293.166651871;	0.0,411.0,1.3098205523805078,1.3098205523805078,-27132.620855369092,-27132.620855369092,-27132.620855369092,-5680.917041477313,-5680.917041477313,0.0,0.0
930294.1737284;	0.0,412.0,9.92023617852935,9.92023617852935,-27122.70061919056,-27122.70061919056,-27122.70061919056,-5676.92326308917,-5676.92326308917,0.0,0.0
930632.8378782951;	0.0,413.0,59.38454415708094,59.38454415708094,-27063.316075033475,-27063.316075033475,-27063.316075033475,-5664.552474269164,-5664.552474269164,0.0,0.0
930648.5457154451;	0.0,414.0,7.786380921212714,7.786380921212714,-27055.529694112265,-27055.529694112265,-27055.529694112265,-5661.59069142323,-5661.59069142323,0.0,0.0
930649.2871368091;	0.0,415.0,2.2423524813273374,2.2423524813273374,-27053.28734163094,-27053.28734163094,-27053.28734163094,-5661.413408627738,-5661.413408627738,0.0,0.0
930650.5660460561;	0.0,416.0,13.63212407451482,13.63212407451482,-27039.655217556425,-27039.655217556425,-27039.655217556425,-5657.036620701349,-5657.036620701349,0.0,0.0
930913.0525636621;	0.0,417.0,12.782950313458294,12.782950313458294,-27026.872267242965,-27026.872267242965,-27026.872267242965,-5655.107053329993,-5655.107053329993,0.0,0.0
930914.323774346;	0.0,418.0,13.691647603383647,13.691647603383647,-27013.180619639585,-27013.180619639585,-27013.180619639585,-5652.722234004904,-5652.722234004904,0.0,0.0
930915.949096802;	0.0,419.0,3.2511872593046576,3.2511872593046576,-27009.92943238028,-27009.92943238028,-27009.92943238028,-5651.972411249418,-5651.972411249418,0.0,0.0
930916.524746782;	0.0,420.0,8.313588143223619,8.313588143223619,-27001.61584423705,-27001.61584423705,-27001.61584423705,-5650.980155519462,-5650.980155519462,0.0,0.0
930917.1131053071;	0.0,421.0,1.1324271203891954,1.1324271203891954,-27000.483417116662,-27000.483417116662,-27000.483417116662,-5651.106159640528,-5651.106159640528,0.0,0.0
930917.327529488;	0.0,422.0,2.252496450154882,2.252496450154882,-26998.23092066651,-26998.23092066651,-26998.23092066651,-5651.049001226688,-5651.049001226688,0.0,0.0
930917.852261811;	0.0,423.0,1.0788904115625897,1.0788904115625897,-26997.15203025495,-26997.15203025495,-26997.15203025495,-5650.732817657889,-5650.732817657889,0.0,0.0
931172.7957254921;	0.0,424.0,2.6382249579623496,2.6382249579623496,-26994.513805296992,-26994.513805296992,-26994.513805296992,-5646.203929461932,-5646.203929461932,0.0,0.0
931177.6432370631;	0.0,425.0,3.4913547079764764,3.491354707976477,-26991.022450589022,-26991.022450589022,-26991.022450589022,-5645.976985178895,-5645.976985178895,0.0,0.0
931452.645426084;	0.0,426.0,2.1578839883372734,2.1578839883372734,-26988.86456660068,-26988.86456660068,-26988.86456660068,-5646.9424779219735,-5646.9424779219735,0.0,0.0
931476.8564336911;	0.0,427.0,9.427417877277836,9.427417877277833,-26979.43714872341,-26979.43714872341,-26979.43714872341,-5643.516144492272,-5643.516144492272,0.0,0.0
931718.4788819631;	0.0,428.0,4.803647917296458,4.803647917296458,-26974.63350080611,-26974.63350080611,-26974.63350080611,-5643.72565715247,-5643.72565715247,0.0,0.0
931720.795202782;	0.0,429.0,2.4469267337767207,2.4469267337767207,-26972.186574072333,-26972.186574072333,-26972.186574072333,-5643.209435601486,-5643.209435601486,0.0,0.0
931721.9085118001;	0.0,430.0,1.504694468836938,1.5046944688369308,-26970.681879603497,-26970.681879603497,-26970.681879603497,-5642.717875171094,-5642.717875171094,0.0,0.0
931955.766169692;	0.0,431.0,3.335966557011207,3.335966557011207,-26967.345913046483,-26967.345913046483,-26967.345913046483,-5643.178141669636,-5643.178141669636,0.0,0.0
932180.1121618111;	0.0,432.0,2.021849866078801,2.021849866078801,-26965.324063180404,-26965.324063180404,-26965.324063180404,-5643.540294693828,-5643.540294693828,0.0,0.0
932414.367186562;	0.0,433.0,1.9628847211172427,1.9628847211172427,-26963.36117845928,-26963.36117845928,-26963.36117845928,-5643.565720833007,-5643.565720833007,0.0,0.0
932415.586332508;	0.0,434.0,0.7784026704443932,0.7784026704443932,-26962.582775788836,-26962.582775788836,-26962.582775788836,-5643.063816114203,-5643.063816114203,0.0,0.0
932966.675801377;	0.0,435.0,12.018560455775873,12.01856045577587,-26950.56421533306,-26950.56421533306,-26950.56421533306,-5639.8630091485775,-5639.8630091485775,0.0,0.0
933329.625311304;	0.0,436.0,3.6522120598775416,3.6522120598775416,-26946.91200327319,-26946.91200327319,-26946.91200327319,-5640.448349792097,-5640.448349792097,0.0,0.0
933335.035908289;	0.0,437.0,3.269297022109374,3.269297022109374,-26943.64270625108,-26943.64270625108,-26943.64270625108,-5641.749841660687,-5641.749841660687,0.0,0.0
933337.5845525811;	0.0,438.0,4.102947420874623,4.102947420874623,-26939.539758830208,-26939.539758830208,-26939.539758830208,-5642.31547456367,-5642.31547456367,0.0,0.0
933455.114750012;	0.0,439.0,2.4194403916905567,2.4194403916905567,-26937.120318438516,-26937.120318438516,-26937.120318438516,-5642.85660039935,-5642.85660039935,0.0,0.0
933646.8310420761;	0.0,440.0,2.342512794623225,2.342512794623225,-26934.777805643895,-26934.777805643895,-26934.777805643895,-5644.174454709667,-5644.174454709667,0.0,0.0
933648.367131022;	0.0,441.0,11.55610608010278,11.55610608010278,-26923.221699563797,-26923.221699563797,-26923.221699563797,-5642.156027941145,-5642.156027941145,0.0,0.0
933873.9908003941;	0.0,442.0,3.0345523969652937,3.0345523969652937,-26920.18714716683,-26920.18714716683,-26920.18714716683,-5643.497861558789,-5643.497861558789,0.0,0.0
933874.987334989;	0.0,443.0,7.5038980633002605,7.5038980633002605,-26912.683249103524,-26912.683249103524,-26912.683249103524,-5643.487970288016,-5643.487970288016,0.0,0.0
934264.083461183;	0.0,444.0,3.0830206296694835,3.0830206296694835,-26909.60022847385,-26909.60022847385,-26909.60022847385,-5643.399820771066,-5643.399820771066,0.0,0.0
934264.678133249;	0.0,445.0,1.9359309330224974,1.9359309330224974,-26907.66429754083,-26907.66429754083,-26907.66429754083,-5645.254908982316,-5645.254908982316,0.0,0.0
934265.114133315;	0.0,446.0,0.374607365990659,0.374607365990659,-26907.289690174835,-26907.289690174835,-26907.289690174835,-5645.0855389530925,-5645.0855389530925,0.0,0.0
934482.977125184;	0.0,447.0,5.522596835386029,5.522596835386029,-26901.767093339447,-26901.767093339447,-26901.767093339447,-5645.185214366501,-5645.185214366501,0.0,0.0
934964.2984501161;	0.0,448.0,1.859535048523199,1.859535048523199,-26899.907558290924,-26899.907558290924,-26899.907558290924,-5645.038058819026,-5645.038058819026,0.0,0.0
934964.8981464191;	0.0,449.0,0.367213938875096,0.36721393887509646,-26899.54034435205,-26899.54034435205,-26899.54034435205,-5644.977434197211,-5644.977434197211,0.0,0.0
935223.649178087;	0.0,450.0,0.39194347943247865,0.3919434794324782,-26899.148400872615,-26899.148400872615,-26899.148400872615,-5644.913718382825,-5644.913718382825,0.0,0.0
935503.029598569;	0.0,451.0,8.341415233052714,8.341415233052714,-26890.80698563956,-26890.80698563956,-26890.80698563956,-5642.5664244255195,-5642.5664244255195,0.0,0.0
935763.8308083931;	0.0,452.0,48.460958793611475,48.460958793611475,-26842.346026845946,-26842.346026845946,-26842.346026845946,-5637.607808871494,-5637.607808871494,0.0,0.0
935764.478349377;	0.0,453.0,12.142184947307612,12.142184947307612,-26830.203841898638,-26830.203841898638,-26830.203841898638,-5632.894091360432,-5632.894091360432,0.0,0.0
935764.99611396;	0.0,454.0,10.393556343334744,10.393556343334744,-26819.810285555304,-26819.810285555304,-26819.810285555304,-5631.758043297684,-5631.758043297684,0.0,0.0
935765.834321663;	0.0,455.0,4.1386200706801946,4.1386200706801946,-26815.671665484628,-26815.671665484628,-26815.671665484628,-5630.672881237807,-5630.672881237807,0.0,0.0
935766.7807274751;	0.0,456.0,3.8982381633957037,3.8982381633957037,-26811.773427321234,-26811.773427321234,-26811.773427321234,-5626.811237303868,-5626.811237303868,0.0,0.0
935767.0865927711;	0.0,457.0,5.3274599173537895,5.3274599173537895,-26806.44596740388,-26806.44596740388,-26806.44596740388,-5621.710512118022,-5621.710512118022,0.0,0.0
935801.0079320781;	0.0,458.0,1.6570148048896514,1.6570148048896514,-26804.78895259899,-26804.78895259899,-26804.78895259899,-5621.88483057969,-5621.88483057969,0.0,0.0
935806.2635737561;	0.0,459.0,1.8132349276929356,1.8132349276929356,-26802.975717671292,-26802.975717671292,-26802.975717671292,-5619.545515630501,-5619.545515630501,0.0,0.0
936103.779722444;	0.0,460.0,1.8059768303943606,1.8059768303943606,-26801.1697408409,-26801.1697408409,-26801.1697408409,-5620.167398134057,-5620.167398134057,0.0,0.0
936104.174062832;	0.0,461.0,3.9035387331701497,3.903538733170146,-26797.26620210773,-26797.26620210773,-26797.26620210773,-5615.874506088596,-5615.874506088596,0.0,0.0
936453.6751480971;	0.0,462.0,1.2942536730114256,1.2942536730114256,-26795.97194843472,-26795.97194843472,-26795.97194843472,-5616.452524683375,-5616.452524683375,0.0,0.0
936477.5370845961;	0.0,463.0,1.2040624657174037,1.2040624657174037,-26794.767885969002,-26794.767885969002,-26794.767885969002,-5614.863118660636,-5614.863118660636,0.0,0.0
936479.216518083;	0.0,464.0,2.1164314788686527,2.1164314788686527,-26792.651454490133,-26792.651454490133,-26792.651454490133,-5614.00641513524,-5614.00641513524,0.0,0.0
936716.8815416241;	0.0,465.0,1.763359184460926,1.763359184460926,-26790.88809530567,-26790.88809530567,-26790.88809530567,-5615.146342894468,-5615.146342894468,0.0,0.0
936719.346824517;	0.0,466.0,0.35227914464528887,0.35227914464528887,-26790.535816161024,-26790.535816161024,-26790.535816161024,-5614.64843119153,-5614.64843119153,0.0,0.0
937324.306502404;	0.0,467.0,0.34160409733663344,0.34160409733663344,-26790.19421206368,-26790.19421206368,-26790.19421206368,-5614.777174154866,-5614.777174154866,0.0,0.0
937633.7471080261;	0.0,468.0,0.3419241636143424,0.3419241636143424,-26789.852287900067,-26789.852287900067,-26789.852287900067,-5614.905853170643,-5614.905853170643,0.0,0.0
937911.0907332781;	0.0,469.0,2.718002567570589,2.718002567570589,-26787.1342853325,-26787.1342853325,-26787.1342853325,-5613.523821851799,-5613.523821851799,0.0,0.0
937911.6864817941;	0.0,470.0,1.6860465881120588,1.6860465881120588,-26785.44823874439,-26785.44823874439,-26785.44823874439,-5614.822004902362,-5614.822004902362,0.0,0.0
937912.00317934;	0.0,471.0,0.41606954036149024,0.41606954036149735,-26785.032169204027,-26785.032169204027,-26785.032169204027,-5614.777983933533,-5614.777983933533,0.0,0.0
938332.728440433;	0.0,472.0,8.329667310437955,8.329667310437955,-26776.70250189359,-26776.70250189359,-26776.70250189359,-5615.132315672568,-5615.132315672568,0.0,0.0
938872.423839287;	0.0,473.0,2.4645507973306193,2.4645507973306193,-26774.23795109626,-26774.23795109626,-26774.23795109626,-5615.060950989622,-5615.060950989622,0.0,0.0
939432.2368288371;	0.0,474.0,0.6382797330695396,0.6382797330695396,-26773.59967136319,-26773.59967136319,-26773.59967136319,-5615.086922852841,-5615.086922852841,0.0,0.0
940153.1026968311;	0.0,475.0,4.004391989787371,4.004391989787371,-26769.595279373407,-26769.595279373407,-26769.595279373407,-5614.846861269094,-5614.846861269094,0.0,0.0
940473.540900342;	0.0,476.0,3.018004025300894,3.018004025300894,-26766.577275348107,-26766.577275348107,-26766.577275348107,-5614.180944434449,-5614.180944434449,0.0,0.0
940746.258137649;	0.0,477.0,4.21372429235462,4.21372429235462,-26762.363551055758,-26762.363551055758,-26762.363551055758,-5613.15187891232,-5613.15187891232,0.0,0.0
941159.038552279;	0.0,478.0,1.6685230989028534,1.6685230989028534,-26760.695027956855,-26760.695027956855,-26760.695027956855,-5612.438529024443,-5612.438529024443,0.0,0.0
941501.582346508;	0.0,479.0,0.9344240646829816,0.9344240646829816,-26759.76060389218,-26759.76060389218,-26759.76060389218,-5611.725179136565,-5611.725179136565,0.0,0.0
941890.970294901;	0.0,480.0,0.44710673748146323,0.44710673748146323,-26759.313497154697,-26759.313497154697,-26759.313497154697,-5611.725179136565,-5611.725179136565,0.0,0.0
942263.1648762041;	0.0,481.0,1.7412719163364123,1.7412719163364123,-26757.57222523836,-26757.57222523836,-26757.57222523836,-5611.746981521352,-5611.746981521352,0.0,0.0
942263.836384941;	0.0,482.0,10.314180391750867,10.314180391750867,-26747.25804484663,-26747.25804484663,-26747.25804484663,-5610.668469855473,-5610.668469855473,0.0,0.0
942607.0099376681;	0.0,483.0,71.12629488667046,71.12629488667046,-26676.131749959954,-26676.131749959954,-26676.131749959954,-5598.734591771363,-5598.734591771363,0.0,0.0
942887.3221128321;	0.0,484.0,21.03147693167422,21.03147693167422,-26655.10027302828,-26655.10027302828,-26655.10027302828,-5596.916404047257,-5596.916404047257,0.0,0.0
943071.7699917081;	0.0,485.0,15.471705918904854,15.471705918904854,-26639.628567109386,-26639.628567109386,-26639.628567109386,-5594.235181840253,-5594.235181840253,0.0,0.0
943389.9615789581;	0.0,486.0,22.230803719754032,22.230803719754036,-26617.397763389632,-26617.397763389632,-26617.397763389632,-5593.236516815581,-5593.236516815581,0.0,0.0
943759.5878831131;	0.0,487.0,8.564779214783066,8.564779214783066,-26608.83298417485,-26608.83298417485,-26608.83298417485,-5591.061825180331,-5591.061825180331,0.0,0.0
944062.700304185;	0.0,488.0,6.269515959136708,6.269515959136708,-26602.563468215714,-26602.563468215714,-26602.563468215714,-5592.077551954094,-5592.077551954094,0.0,0.0
944407.319429829;	0.0,489.0,5.719494100503955,5.719494100503955,-26596.84397411521,-26596.84397411521,-26596.84397411521,-5594.267524637699,-5594.267524637699,0.0,0.0
944753.008467374;	0.0,490.0,3.3535411106138726,3.3535411106138726,-26593.490433004594,-26593.490433004594,-26593.490433004594,-5593.9090800704735,-5593.9090800704735,0.0,0.0
945094.382923966;	0.0,491.0,1.2462355484764522,1.2462355484764522,-26592.24419745612,-26592.24419745612,-26592.24419745612,-5593.742318300735,-5593.742318300735,0.0,0.0
945095.413645301;	0.0,492.0,3.119713157678449,3.1197131576784485,-26589.124484298438,-26589.124484298438,-26589.124484298438,-5594.127120758041,-5594.127120758041,0.0,0.0
945096.293066615;	0.0,493.0,4.6208134279467465,4.620813427946747,-26584.503670870494,-26584.503670870494,-26584.503670870494,-5593.934116812992,-5593.934116812992,0.0,0.0
945392.3692265011;	0.0,494.0,0.625962626130093,0.625962626130093,-26583.877708244367,-26583.877708244367,-26583.877708244367,-5593.97291005576,-5593.97291005576,0.0,0.0
945392.647150425;	0.0,495.0,2.4507777992030446,2.4507777992030446,-26581.426930445174,-26581.426930445174,-26581.426930445174,-5592.133892374946,-5592.133892374946,0.0,0.0
945432.194184761;	0.0,496.0,7.8421689474179175,7.8421689474179175,-26573.58476149776,-26573.58476149776,-26573.58476149776,-5590.408769345011,-5590.408769345011,0.0,0.0
945865.8538283311;	0.0,497.0,6.4786466786876495,6.4786466786876495,-26567.10611481907,-26567.10611481907,-26567.10611481907,-5587.695814410844,-5587.695814410844,0.0,0.0
945866.4187487301;	0.0,498.0,0.9673767142022842,0.9673767142022842,-26566.138738104866,-26566.138738104866,-26566.138738104866,-5587.4207771606625,-5587.4207771606625,0.0,0.0
946199.40788564;	0.0,499.0,0.9676955133028531,0.9676955133028531,-26565.171042591566,-26565.171042591566,-26565.171042591566,-5587.145676216099,-5587.145676216099,0.0,0.0
946507.7464342851;	0.0,500.0,0.968014101946348,0.968014101946348,-26564.203028489617,-26564.203028489617,-26564.203028489617,-5586.8705116192,-5586.8705116192,0.0,0.0
946838.841942192;	0.0,501.0,0.9266933139722262,0.9266933139722262,-26563.27633517565,-26563.27633517565,-26563.27633517565,-5586.600388579735,-5586.600388579735,0.0,0.0
947216.3782478281;	0.0,502.0,1.507084139585936,1.507084139585936,-26561.769251036072,-26561.769251036072,-26561.769251036072,-5586.460282335703,-5586.460282335703,0.0,0.0
947217.7074921101;	0.0,503.0,5.9254733693244965,5.9254733693244965,-26555.84377766675,-26555.84377766675,-26555.84377766675,-5583.563420879164,-5583.563420879164,0.0,0.0
