458381.97355819604;	cycle,it,executionDll, simulationDll, executionTrainLl, simulationTrainLl,realTrainLl, executionValidLl, realValidLl, executionTestLl, realTestLl
458381.973733119;	0.0,0.0,0.0,0.0,-615193.9466018354,-615193.9466018354,-615193.9466018354,-154336.77332282878,-154336.77332282878,0.0,0.0
458517.589125587;	0.0,1.0,2475.062961337455,2475.062961337455,-612718.8836404979,-612718.8836404979,-612718.8836404979,-153688.76320940084,-153688.76320940084,0.0,0.0
458522.694095259;	0.0,2.0,3060.6176545064536,3060.6176545064545,-609658.2659859912,-609658.2659859912,-609658.2659859912,-152936.38250977077,-152936.38250977077,0.0,0.0
458543.670511837;	0.0,3.0,364.30008015756357,364.30008015756357,-609293.9659058336,-609293.9659058336,-609293.9659058336,-152866.53253790535,-152866.53253790535,0.0,0.0
458553.212186328;	0.0,4.0,1158.9295339175223,1158.9295339175223,-608135.0363719161,-608135.0363719161,-608135.0363719161,-152591.5800589626,-152591.5800589626,0.0,0.0
458563.73941446404;	0.0,5.0,1759.020429930366,1759.0204299303696,-606376.0159419859,-606376.0159419859,-606376.0159419859,-152168.73353984134,-152168.73353984134,0.0,0.0
458587.771002123;	0.0,6.0,814.2907866579044,814.2907866579026,-605561.7251553282,-605561.7251553282,-605561.7251553282,-151967.02387886168,-151967.02387886168,0.0,0.0
458599.272611744;	0.0,7.0,1245.180025056341,1245.180025056341,-604316.5451302717,-604316.5451302717,-604316.5451302717,-151653.57062151568,-151653.57062151568,0.0,0.0
458672.72776016704;	0.0,8.0,3116.687939602664,3116.687939602664,-601199.857190669,-601199.857190669,-601199.857190669,-150872.68228839774,-150872.68228839774,0.0,0.0
458699.51182949;	0.0,9.0,6544.886806961622,6544.886806961622,-594654.9703837074,-594654.9703837074,-594654.9703837074,-149261.10196887815,-149261.10196887815,0.0,0.0
458856.67971519905;	0.0,10.0,6545.554249511625,6545.554249511625,-588109.4161341959,-588109.4161341959,-588109.4161341959,-147701.92681316414,-147701.92681316414,0.0,0.0
458996.50866434205;	0.0,11.0,2351.4066812597985,2351.4066812597985,-585758.0094529362,-585758.0094529362,-585758.0094529362,-147110.3097057958,-147110.3097057958,0.0,0.0
459129.23066466505;	0.0,12.0,4171.453859430101,4171.453859430101,-581586.555593506,-581586.555593506,-581586.555593506,-146084.99861006773,-146084.99861006773,0.0,0.0
459153.77800314606;	0.0,13.0,12296.964246438512,12296.964246438512,-569289.5913470676,-569289.5913470676,-569289.5913470676,-143000.23432887168,-143000.23432887168,0.0,0.0
459311.84282408;	0.0,14.0,454.96917127386587,454.96917127386496,-568834.6221757937,-568834.6221757937,-568834.6221757937,-142892.9120667063,-142892.9120667063,0.0,0.0
459418.29024918104;	0.0,15.0,2576.5731654356096,2576.5731654356096,-566258.0490103582,-566258.0490103582,-566258.0490103582,-142213.75141228325,-142213.75141228325,0.0,0.0
459446.64859542705;	0.0,16.0,1401.0067699041583,1401.0067699041583,-564857.0422404541,-564857.0422404541,-564857.0422404541,-141870.66689709018,-141870.66689709018,0.0,0.0
459474.24766025704;	0.0,17.0,2423.958179150846,2423.958179150846,-562433.0840613034,-562433.0840613034,-562433.0840613034,-141273.99095937292,-141273.99095937292,0.0,0.0
459502.310966067;	0.0,18.0,479.70203981231407,479.70203981231316,-561953.3820214911,-561953.3820214911,-561953.3820214911,-141152.13238039767,-141152.13238039767,0.0,0.0
459621.893677923;	0.0,19.0,200.236201625381,200.236201625381,-561753.1458198656,-561753.1458198656,-561753.1458198656,-141107.54081295535,-141107.54081295535,0.0,0.0
459626.05895097204;	0.0,20.0,424.72080813350567,424.72080813350476,-561328.425011732,-561328.425011732,-561328.425011732,-141004.0213386174,-141004.0213386174,0.0,0.0
459786.45363421703;	0.0,21.0,419.93208944668913,419.93208944668913,-560908.4929222855,-560908.4929222855,-560908.4929222855,-140914.1851200775,-140914.1851200775,0.0,0.0
459807.515308152;	0.0,22.0,853.3150989886647,853.3150989886647,-560055.1778232967,-560055.1778232967,-560055.1778232967,-140683.7830691725,-140683.7830691725,0.0,0.0
459850.53955374;	0.0,23.0,281.4844176811166,281.4844176811166,-559773.6934056156,-559773.6934056156,-559773.6934056156,-140617.39590885388,-140617.39590885388,0.0,0.0
459861.01552248;	0.0,24.0,262.02745141433024,262.02745141433024,-559511.6659542012,-559511.6659542012,-559511.6659542012,-140552.282919813,-140552.282919813,0.0,0.0
459876.72441031405;	0.0,25.0,256.63620071260266,256.63620071260266,-559255.0297534887,-559255.0297534887,-559255.0297534887,-140475.9494334445,-140475.9494334445,0.0,0.0
459883.65590620606;	0.0,26.0,731.1600269039563,731.1600269039582,-558523.8697265848,-558523.8697265848,-558523.8697265848,-140293.84361923195,-140293.84361923195,0.0,0.0
460184.25918912305;	0.0,27.0,950.4251910543692,950.4251910543692,-557573.4445355304,-557573.4445355304,-557573.4445355304,-140058.5330782213,-140058.5330782213,0.0,0.0
460509.002631527;	0.0,28.0,759.4756216066503,759.4756216066503,-556813.9689139237,-556813.9689139237,-556813.9689139237,-139877.0852258468,-139877.0852258468,0.0,0.0
460874.53182214405;	0.0,29.0,1260.3991889337672,1260.3991889337672,-555553.56972499,-555553.56972499,-555553.56972499,-139586.2746566627,-139586.2746566627,0.0,0.0
461392.63290933304;	0.0,30.0,377.37983790551687,377.37983790551687,-555176.1898870844,-555176.1898870844,-555176.1898870844,-139480.94560779736,-139480.94560779736,0.0,0.0
461603.11654295004;	0.0,31.0,404.1450116688329,404.1450116688327,-554772.0448754155,-554772.0448754155,-554772.0448754155,-139346.22312531743,-139346.22312531743,0.0,0.0
461619.586210797;	0.0,32.0,653.577625799172,653.577625799172,-554118.4672496163,-554118.4672496163,-554118.4672496163,-139174.78935808263,-139174.78935808263,0.0,0.0
462042.781703227;	0.0,33.0,369.9531640839559,369.9531640839559,-553748.5140855324,-553748.5140855324,-553748.5140855324,-139081.42350271856,-139081.42350271856,0.0,0.0
462464.44792809803;	0.0,34.0,267.6772074898861,267.6772074898861,-553480.8368780426,-553480.8368780426,-553480.8368780426,-139009.67680150343,-139009.67680150343,0.0,0.0
462917.220373061;	0.0,35.0,431.61295617212835,431.61295617212835,-553049.2239218703,-553049.2239218703,-553049.2239218703,-138910.67907891603,-138910.67907891603,0.0,0.0
463607.08464758005;	0.0,36.0,145.1633205587836,145.1633205587836,-552904.0606013115,-552904.0606013115,-552904.0606013115,-138876.31365754572,-138876.31365754572,0.0,0.0
464302.25988296705;	0.0,37.0,490.6788299588809,490.6788299588809,-552413.3817713526,-552413.3817713526,-552413.3817713526,-138765.06289377532,-138765.06289377532,0.0,0.0
464376.89383147104;	0.0,38.0,46.97777047360478,46.97777047360478,-552366.4040008791,-552366.4040008791,-552366.4040008791,-138756.87113060322,-138756.87113060322,0.0,0.0
464387.09820471203;	0.0,39.0,681.3581649475054,681.3581649475054,-551685.0458359316,-551685.0458359316,-551685.0458359316,-138571.87893220267,-138571.87893220267,0.0,0.0
464954.52629855904;	0.0,40.0,209.7335029474125,209.7335029474125,-551475.3123329842,-551475.3123329842,-551475.3123329842,-138519.4158180307,-138519.4158180307,0.0,0.0
465547.60359074804;	0.0,41.0,204.71984567557593,204.71984567557593,-551270.5924873087,-551270.5924873087,-551270.5924873087,-138463.8541587654,-138463.8541587654,0.0,0.0
466286.65905263904;	0.0,42.0,522.6452208845881,522.6452208845881,-550747.947266424,-550747.947266424,-550747.947266424,-138318.5302157538,-138318.5302157538,0.0,0.0
466657.28080886404;	0.0,43.0,243.9288543806124,243.9288543806124,-550504.0184120433,-550504.0184120433,-550504.0184120433,-138251.6322819885,-138251.6322819885,0.0,0.0
466906.57467303105;	0.0,44.0,201.6836594443069,201.6836594443069,-550302.334752599,-550302.334752599,-550302.334752599,-138184.32967925863,-138184.32967925863,0.0,0.0
466934.43451333605;	0.0,45.0,77.87924810264212,77.87924810264212,-550224.4555044963,-550224.4555044963,-550224.4555044963,-138165.45476218598,-138165.45476218598,0.0,0.0
467582.70731806406;	0.0,46.0,177.76339633088685,177.76339633088685,-550046.6921081655,-550046.6921081655,-550046.6921081655,-138108.1813254133,-138108.1813254133,0.0,0.0
467883.48722917604;	0.0,47.0,385.3079136504325,385.3079136504325,-549661.3841945151,-549661.3841945151,-549661.3841945151,-138018.11685239908,-138018.11685239908,0.0,0.0
468189.02294895204;	0.0,48.0,42.999052425022455,42.999052425022455,-549618.38514209,-549618.38514209,-549618.38514209,-138011.62140774992,-138011.62140774992,0.0,0.0
468218.88995262;	0.0,49.0,641.5770213311916,641.5770213311916,-548976.808120759,-548976.808120759,-548976.808120759,-137847.83182948278,-137847.83182948278,0.0,0.0
468702.54999255505;	0.0,50.0,205.92008556782866,205.92008556782866,-548770.8880351911,-548770.8880351911,-548770.8880351911,-137804.76668712418,-137804.76668712418,0.0,0.0
468724.95630278205;	0.0,51.0,2013.8736982935607,2013.873698293557,-546757.0143368979,-546757.0143368979,-546757.0143368979,-137275.76132063853,-137275.76132063853,0.0,0.0
469555.53078394505;	0.0,52.0,775.7744400989286,775.7744400989286,-545981.239896799,-545981.239896799,-545981.239896799,-137079.0545608793,-137079.0545608793,0.0,0.0
470484.739141061;	0.0,53.0,2222.767478551934,2222.767478551933,-543758.4724182467,-543758.4724182467,-543758.4724182467,-136540.014940458,-136540.014940458,0.0,0.0
471632.12914814905;	0.0,54.0,88.50721553574976,88.50721553574976,-543669.9652027109,-543669.9652027109,-543669.9652027109,-136517.32340486263,-136517.32340486263,0.0,0.0
471663.14499497303;	0.0,55.0,562.8671274861208,562.8671274861208,-543107.098075225,-543107.098075225,-543107.098075225,-136374.22270352798,-136374.22270352798,0.0,0.0
472144.28796240804;	0.0,56.0,58.079868361244735,58.079868361244735,-543049.0182068637,-543049.0182068637,-543049.0182068637,-136369.73019104393,-136369.73019104393,0.0,0.0
472196.14802077506;	0.0,57.0,444.38696700040634,444.38696700040634,-542604.6312398632,-542604.6312398632,-542604.6312398632,-136268.06428657228,-136268.06428657228,0.0,0.0
472519.57325238705;	0.0,58.0,421.6619040596099,421.6619040596099,-542182.9693358035,-542182.9693358035,-542182.9693358035,-136167.8930103636,-136167.8930103636,0.0,0.0
473043.07070317405;	0.0,59.0,92.90555675350606,92.90555675350606,-542090.06377905,-542090.06377905,-542090.06377905,-136138.62643954315,-136138.62643954315,0.0,0.0
473127.095881109;	0.0,60.0,382.89936697841665,382.8993669784166,-541707.1644120716,-541707.1644120716,-541707.1644120716,-136038.9730119455,-136038.9730119455,0.0,0.0
473581.51768945105;	0.0,61.0,222.23828294934145,222.23828294934145,-541484.9261291224,-541484.9261291224,-541484.9261291224,-136007.47183302333,-136007.47183302333,0.0,0.0
473700.922863405;	0.0,62.0,122.65226003471335,122.65226003471335,-541362.2738690877,-541362.2738690877,-541362.2738690877,-135972.36130480876,-135972.36130480876,0.0,0.0
473838.88417955005;	0.0,63.0,347.9071770602345,347.9071770602309,-541014.3666920278,-541014.3666920278,-541014.3666920278,-135884.95065472863,-135884.95065472863,0.0,0.0
474988.01990095;	0.0,64.0,57.4156651711487,57.4156651711487,-540956.9510268567,-540956.9510268567,-540956.9510268567,-135869.7952845499,-135869.7952845499,0.0,0.0
476378.48892427405;	0.0,65.0,217.8697022706352,217.8697022706352,-540739.0813245861,-540739.0813245861,-540739.0813245861,-135818.55093560182,-135818.55093560182,0.0,0.0
477521.387782895;	0.0,66.0,229.25921939240553,229.2592193924055,-540509.8221051935,-540509.8221051935,-540509.8221051935,-135744.2042142492,-135744.2042142492,0.0,0.0
477554.64099780604;	0.0,67.0,227.31907994074965,227.31907994074965,-540282.5030252528,-540282.5030252528,-540282.5030252528,-135684.69408803055,-135684.69408803055,0.0,0.0
477647.280286403;	0.0,68.0,12.601391418851563,12.601391418851563,-540269.9016338339,-540269.9016338339,-540269.9016338339,-135679.94458971085,-135679.94458971085,0.0,0.0
477685.255750438;	0.0,69.0,72.40274751987258,72.40274751987256,-540197.4988863141,-540197.4988863141,-540197.4988863141,-135655.11438170928,-135655.11438170928,0.0,0.0
478788.99739828805;	0.0,70.0,73.79851909451736,73.79851909451736,-540123.7003672195,-540123.7003672195,-540123.7003672195,-135639.71925649288,-135639.71925649288,0.0,0.0
478799.47433081706;	0.0,71.0,227.86431653494296,227.86431653494296,-539895.8360506848,-539895.8360506848,-539895.8360506848,-135572.50164568776,-135572.50164568776,0.0,0.0
478870.58217929304;	0.0,72.0,400.8613267267674,400.8613267267674,-539494.9747239581,-539494.9747239581,-539494.9747239581,-135459.95602632436,-135459.95602632436,0.0,0.0
478967.81436283904;	0.0,73.0,254.31092644393442,254.3109264439344,-539240.663797514,-539240.663797514,-539240.663797514,-135400.79176474223,-135400.79176474223,0.0,0.0
479491.456671409;	0.0,74.0,42.00369644822058,42.00369644822058,-539198.6601010658,-539198.6601010658,-539198.6601010658,-135387.1544858391,-135387.1544858391,0.0,0.0
479534.13146851404;	0.0,75.0,253.22289665496518,253.22289665496518,-538945.4372044109,-538945.4372044109,-538945.4372044109,-135334.6165791596,-135334.6165791596,0.0,0.0
479910.10006204405;	0.0,76.0,22.776417299184686,22.776417299184686,-538922.6607871116,-538922.6607871116,-538922.6607871116,-135325.81508582123,-135325.81508582123,0.0,0.0
479932.59673500404;	0.0,77.0,45.2269185553924,45.2269185553924,-538877.4338685563,-538877.4338685563,-538877.4338685563,-135311.3603282508,-135311.3603282508,0.0,0.0
480972.94386440906;	0.0,78.0,47.581735275030006,47.581735275030006,-538829.8521332812,-538829.8521332812,-538829.8521332812,-135296.66816056214,-135296.66816056214,0.0,0.0
482257.65017121704;	0.0,79.0,223.89073817932922,223.89073817932922,-538605.961395102,-538605.961395102,-538605.961395102,-135238.75577216543,-135238.75577216543,0.0,0.0
482270.711120226;	0.0,80.0,794.5675068002129,794.5675068002129,-537811.3938883017,-537811.3938883017,-537811.3938883017,-135038.8486286335,-135038.8486286335,0.0,0.0
483036.98259566;	0.0,81.0,1889.5839011439318,1889.5839011439318,-535921.8099871576,-535921.8099871576,-535921.8099871576,-134541.7597456156,-134541.7597456156,0.0,0.0
483043.319360708;	0.0,82.0,715.7530583046664,715.7530583046664,-535206.056928853,-535206.056928853,-535206.056928853,-134354.0380325177,-134354.0380325177,0.0,0.0
483531.39470991405;	0.0,83.0,432.65347012704615,432.65347012704615,-534773.4034587259,-534773.4034587259,-534773.4034587259,-134252.9756643983,-134252.9756643983,0.0,0.0
483672.770909539;	0.0,84.0,48.228687726351154,48.2286877263507,-534725.1747709996,-534725.1747709996,-534725.1747709996,-134241.27384842676,-134241.27384842676,0.0,0.0
484117.30675533804;	0.0,85.0,159.12888352416218,159.12888352416218,-534566.0458874755,-534566.0458874755,-534566.0458874755,-134225.8274341683,-134225.8274341683,0.0,0.0
484126.95096283103;	0.0,86.0,289.467741974232,289.4677419742311,-534276.5781455012,-534276.5781455012,-534276.5781455012,-134151.80077060664,-134151.80077060664,0.0,0.0
484502.46008981805;	0.0,87.0,944.3263410104736,944.3263410104736,-533332.2518044908,-533332.2518044908,-533332.2518044908,-133892.60720956788,-133892.60720956788,0.0,0.0
484510.52777247;	0.0,88.0,596.1275628872263,596.1275628872263,-532736.1242416035,-532736.1242416035,-532736.1242416035,-133749.2527987625,-133749.2527987625,0.0,0.0
485788.45177792304;	0.0,89.0,541.3419481570563,541.3419481570563,-532194.7822934464,-532194.7822934464,-532194.7822934464,-133633.34471933902,-133633.34471933902,0.0,0.0
486291.680847029;	0.0,90.0,53.321416888641124,53.321416888641124,-532141.4608765577,-532141.4608765577,-532141.4608765577,-133624.89613431206,-133624.89613431206,0.0,0.0
486295.42208180105;	0.0,91.0,65.91362068656464,65.91362068656464,-532075.5472558711,-532075.5472558711,-532075.5472558711,-133613.56108640254,-133613.56108640254,0.0,0.0
486398.69013701804;	0.0,92.0,364.5626109399727,364.5626109399727,-531710.9846449313,-531710.9846449313,-531710.9846449313,-133525.41830932844,-133525.41830932844,0.0,0.0
487689.92793694104;	0.0,93.0,534.4884792538045,534.4884792538045,-531176.4961656777,-531176.4961656777,-531176.4961656777,-133386.3683752988,-133386.3683752988,0.0,0.0
488255.25186418404;	0.0,94.0,54.26547480788577,54.26547480788577,-531122.2306908697,-531122.2306908697,-531122.2306908697,-133368.4073228652,-133368.4073228652,0.0,0.0
488259.63671236404;	0.0,95.0,30.894636946903972,30.894636946903972,-531091.3360539229,-531091.3360539229,-531091.3360539229,-133366.32107837297,-133366.32107837297,0.0,0.0
488266.346157381;	0.0,96.0,51.88805492743531,51.88805492743531,-531039.4479989954,-531039.4479989954,-531039.4479989954,-133352.66117723734,-133352.66117723734,0.0,0.0
488465.75109634205;	0.0,97.0,211.94488538384778,211.94488538384778,-530827.5031136116,-530827.5031136116,-530827.5031136116,-133291.16425866823,-133291.16425866823,0.0,0.0
489168.975403466;	0.0,98.0,75.63439033686973,75.63439033686973,-530751.8687232747,-530751.8687232747,-530751.8687232747,-133276.5955170141,-133276.5955170141,0.0,0.0
489380.319563025;	0.0,99.0,42.7286418068561,42.7286418068561,-530709.1400814679,-530709.1400814679,-530709.1400814679,-133271.6969156119,-133271.6969156119,0.0,0.0
489597.152582355;	0.0,100.0,330.42218080408543,330.42218080408543,-530378.717900664,-530378.717900664,-530378.717900664,-133184.99899848356,-133184.99899848356,0.0,0.0
490625.321450376;	0.0,101.0,429.99856810338133,429.99856810338133,-529948.7193325607,-529948.7193325607,-529948.7193325607,-133072.51723781897,-133072.51723781897,0.0,0.0
490673.870434391;	0.0,102.0,144.7518164010409,144.7518164010409,-529803.9675161596,-529803.9675161596,-529803.9675161596,-133010.98620740307,-133010.98620740307,0.0,0.0
490872.218793697;	0.0,103.0,148.32921930915887,148.32921930915887,-529655.6382968504,-529655.6382968504,-529655.6382968504,-132963.17455734697,-132963.17455734697,0.0,0.0
491342.99459270603;	0.0,104.0,201.3457359058346,201.3457359058346,-529454.2925609445,-529454.2925609445,-529454.2925609445,-132902.15344605205,-132902.15344605205,0.0,0.0
492009.28813762;	0.0,105.0,68.0056802325339,68.0056802325339,-529386.2868807118,-529386.2868807118,-529386.2868807118,-132885.67594660108,-132885.67594660108,0.0,0.0
492010.92912353104;	0.0,106.0,30.53528693277076,30.53528693277076,-529355.7515937791,-529355.7515937791,-529355.7515937791,-132871.43463754663,-132871.43463754663,0.0,0.0
492208.165398697;	0.0,107.0,172.36429809804258,172.36429809804258,-529183.3872956812,-529183.3872956812,-529183.3872956812,-132830.09799868864,-132830.09799868864,0.0,0.0
492648.754448888;	0.0,108.0,840.0059358255869,840.0059358255869,-528343.3813598555,-528343.3813598555,-528343.3813598555,-132581.21633079287,-132581.21633079287,0.0,0.0
493311.617067134;	0.0,109.0,117.53214565394683,117.53214565394683,-528225.8492142016,-528225.8492142016,-528225.8492142016,-132552.9967431768,-132552.9967431768,0.0,0.0
493730.02462962805;	0.0,110.0,89.56086000418316,89.56086000418316,-528136.2883541973,-528136.2883541973,-528136.2883541973,-132537.3035908653,-132537.3035908653,0.0,0.0
494152.627211655;	0.0,111.0,116.60026868061506,116.60026868061506,-528019.6880855166,-528019.6880855166,-528019.6880855166,-132501.5552423718,-132501.5552423718,0.0,0.0
494718.434097036;	0.0,112.0,132.124831976298,132.12483197629822,-527887.5632535403,-527887.5632535403,-527887.5632535403,-132463.04061128994,-132463.04061128994,0.0,0.0
495352.85389750905;	0.0,113.0,54.66377747945738,54.66377747945738,-527832.8994760608,-527832.8994760608,-527832.8994760608,-132446.75157874724,-132446.75157874724,0.0,0.0
495501.50627336005;	0.0,114.0,46.718084542323155,46.718084542323155,-527786.1813915184,-527786.1813915184,-527786.1813915184,-132431.6154442069,-132431.6154442069,0.0,0.0
495510.88947777305;	0.0,115.0,83.17532883473666,83.17532883473666,-527703.0060626836,-527703.0060626836,-527703.0060626836,-132404.83097917042,-132404.83097917042,0.0,0.0
495934.79850643803;	0.0,116.0,71.70783422418793,71.70783422418793,-527631.2982284595,-527631.2982284595,-527631.2982284595,-132392.6065191334,-132392.6065191334,0.0,0.0
496042.16886568203;	0.0,117.0,44.745223499631436,44.745223499631436,-527586.5530049598,-527586.5530049598,-527586.5530049598,-132384.75709470751,-132384.75709470751,0.0,0.0
496068.55168774404;	0.0,118.0,70.48125271032814,70.48125271032814,-527516.0717522495,-527516.0717522495,-527516.0717522495,-132363.97838328028,-132363.97838328028,0.0,0.0
496224.43237532105;	0.0,119.0,17.47914621733878,17.47914621733878,-527498.5926060322,-527498.5926060322,-527498.5926060322,-132361.06934243618,-132361.06934243618,0.0,0.0
496255.24172901205;	0.0,120.0,59.3159089722208,59.3159089722208,-527439.27669706,-527439.27669706,-527439.27669706,-132353.88153682507,-132353.88153682507,0.0,0.0
497536.09732048505;	0.0,121.0,24.576073361830822,24.576073361830822,-527414.7006236982,-527414.7006236982,-527414.7006236982,-132349.48207283634,-132349.48207283634,0.0,0.0
497977.050779709;	0.0,122.0,40.621413265132446,40.621413265132446,-527374.079210433,-527374.079210433,-527374.079210433,-132336.3698369432,-132336.3698369432,0.0,0.0
498071.78237037803;	0.0,123.0,15.902454773186037,15.902454773186037,-527358.1767556597,-527358.1767556597,-527358.1767556597,-132335.72945224523,-132335.72945224523,0.0,0.0
498073.96986715705;	0.0,124.0,108.77503149806448,108.77503149806448,-527249.4017241617,-527249.4017241617,-527249.4017241617,-132299.59353414373,-132299.59353414373,0.0,0.0
498190.756557143;	0.0,125.0,91.12704294582227,91.12704294582227,-527158.2746812156,-527158.2746812156,-527158.2746812156,-132275.06201420844,-132275.06201420844,0.0,0.0
498195.059362063;	0.0,126.0,245.94601950909555,245.94601950909555,-526912.3286617065,-526912.3286617065,-526912.3286617065,-132207.04065004524,-132207.04065004524,0.0,0.0
498703.10596170503;	0.0,127.0,7.468635156750224,7.468635156750224,-526904.8600265498,-526904.8600265498,-526904.8600265498,-132204.87735050826,-132204.87735050826,0.0,0.0
498833.81742370204;	0.0,128.0,14.659641179078932,14.659641179078932,-526890.2003853706,-526890.2003853706,-526890.2003853706,-132200.4585901051,-132200.4585901051,0.0,0.0
498880.830951652;	0.0,129.0,58.1595764918016,58.1595764918016,-526832.040808879,-526832.040808879,-526832.040808879,-132189.906918724,-132189.906918724,0.0,0.0
498899.75367374305;	0.0,130.0,13.699406171933518,13.699406171933518,-526818.341402707,-526818.341402707,-526818.341402707,-132188.0191944187,-132188.0191944187,0.0,0.0
498947.873994734;	0.0,131.0,121.88252779844811,121.88252779844834,-526696.4588749086,-526696.4588749086,-526696.4588749086,-132155.60972953978,-132155.60972953978,0.0,0.0
499407.71525577805;	0.0,132.0,177.5557329161602,177.55573291616042,-526518.9031419924,-526518.9031419924,-526518.9031419924,-132110.24503174683,-132110.24503174683,0.0,0.0
499874.91486178106;	0.0,133.0,43.58237478184378,43.58237478184378,-526475.3207672107,-526475.3207672107,-526475.3207672107,-132100.1290038613,-132100.1290038613,0.0,0.0
500481.63559418306;	0.0,134.0,42.73162060445188,42.73162060445188,-526432.5891466062,-526432.5891466062,-526432.5891466062,-132096.68163843203,-132096.68163843203,0.0,0.0
500492.93276917405;	0.0,135.0,84.60583870091818,84.60583870091818,-526347.9833079053,-526347.9833079053,-526347.9833079053,-132082.52679128823,-132082.52679128823,0.0,0.0
500508.962305286;	0.0,136.0,104.28524101147453,104.28524101147453,-526243.6980668937,-526243.6980668937,-526243.6980668937,-132050.78744520652,-132050.78744520652,0.0,0.0
501141.97293020703;	0.0,137.0,29.213674752352745,29.213674752352745,-526214.4843921415,-526214.4843921415,-526214.4843921415,-132040.96477950807,-132040.96477950807,0.0,0.0
501172.78249829105;	0.0,138.0,218.18447839871624,218.18447839871624,-525996.2999137428,-525996.2999137428,-525996.2999137428,-131982.41882248467,-131982.41882248467,0.0,0.0
<<<<<<< HEAD
502053.476053652;	0.0,139.0,149.38603882203702,149.38603882203702,-525846.9138749208,-525846.9138749208,-525846.9138749208,-131944.10919905684,-131944.10919905684,0.0,0.0
502530.429937353;	0.0,140.0,97.46325610763037,97.46325610763037,-525749.450618813,-525749.450618813,-525749.450618813,-131913.42089056608,-131913.42089056608,0.0,0.0
502985.154030091;	0.0,141.0,47.71913133987027,47.71913133987027,-525701.7314874731,-525701.7314874731,-525701.7314874731,-131913.53380539108,-131913.53380539108,0.0,0.0
502986.63627102604;	0.0,142.0,90.28752379454961,90.28752379454961,-525611.4439636787,-525611.4439636787,-525611.4439636787,-131895.34383011452,-131895.34383011452,0.0,0.0
503041.480117527;	0.0,143.0,31.924498619441877,31.924498619441877,-525579.5194650593,-525579.5194650593,-525579.5194650593,-131886.51140932218,-131886.51140932218,0.0,0.0
503044.78713953804;	0.0,144.0,29.03476981254662,29.03476981254662,-525550.4846952468,-525550.4846952468,-525550.4846952468,-131878.03342600138,-131878.03342600138,0.0,0.0
503075.202462401;	0.0,145.0,28.650322325422156,28.650322325422156,-525521.8343729213,-525521.8343729213,-525521.8343729213,-131878.64645369237,-131878.64645369237,0.0,0.0
504496.321135591;	0.0,146.0,5.707906560189713,5.707906560189713,-525516.1264663611,-525516.1264663611,-525516.1264663611,-131878.0330792612,-131878.0330792612,0.0,0.0
505728.25222161703;	0.0,147.0,125.68428311630834,125.68428311630834,-525390.4421832449,-525390.4421832449,-525390.4421832449,-131851.3350202236,-131851.3350202236,0.0,0.0
506235.067245241;	0.0,148.0,27.232535502322264,27.232535502322264,-525363.2096477426,-525363.2096477426,-525363.2096477426,-131853.81254902095,-131853.81254902095,0.0,0.0
506274.730884366;	0.0,149.0,10.636170528772709,10.636170528772709,-525352.5734772137,-525352.5734772137,-525352.5734772137,-131845.27263644448,-131845.27263644448,0.0,0.0
506414.20473112405;	0.0,150.0,58.13316964835681,58.13316964835681,-525294.4403075654,-525294.4403075654,-525294.4403075654,-131844.42354836772,-131844.42354836772,0.0,0.0
506897.324049793;	0.0,151.0,61.225707804975606,61.225707804975606,-525233.2145997605,-525233.2145997605,-525233.2145997605,-131823.72406098084,-131823.72406098084,0.0,0.0
506909.493458911;	0.0,152.0,10.12024444793542,10.12024444793542,-525223.0943553126,-525223.0943553126,-525223.0943553126,-131825.23175513675,-131825.23175513675,0.0,0.0
506940.101937293;	0.0,153.0,44.81601021350767,44.81601021350767,-525178.278345099,-525178.278345099,-525178.278345099,-131830.1006133855,-131830.1006133855,0.0,0.0
507405.33821571805;	0.0,154.0,9.816721527663958,9.816721527663958,-525168.4616235713,-525168.4616235713,-525168.4616235713,-131829.68754784824,-131829.68754784824,0.0,0.0
507414.508546555;	0.0,155.0,68.67491009817252,68.67491009817252,-525099.786713473,-525099.786713473,-525099.786713473,-131812.75113296276,-131812.75113296276,0.0,0.0
507592.76152551704;	0.0,156.0,132.47712631146905,132.47712631146905,-524967.3095871614,-524967.3095871614,-524967.3095871614,-131777.5462573298,-131777.5462573298,0.0,0.0
508230.57294514705;	0.0,157.0,53.11426122705433,53.11426122705433,-524914.1953259344,-524914.1953259344,-524914.1953259344,-131765.19103469825,-131765.19103469825,0.0,0.0
508387.22654659604;	0.0,158.0,46.76871886376307,46.76871886376307,-524867.4266070707,-524867.4266070707,-524867.4266070707,-131750.9786192627,-131750.9786192627,0.0,0.0
508523.68046683405;	0.0,159.0,102.44567119446332,102.44567119446332,-524764.9809358763,-524764.9809358763,-524764.9809358763,-131732.87085556614,-131732.87085556614,0.0,0.0
509242.428844724;	0.0,160.0,53.14755725929126,53.14755725929126,-524711.8333786168,-524711.8333786168,-524711.8333786168,-131718.97079022683,-131718.97079022683,0.0,0.0
509703.680204096;	0.0,161.0,36.1300135747563,36.130013574756305,-524675.703365042,-524675.703365042,-524675.703365042,-131708.39511533862,-131708.39511533862,0.0,0.0
509770.756359959;	0.0,162.0,35.73026060879283,35.73026060879283,-524639.9731044333,-524639.9731044333,-524639.9731044333,-131701.34119132112,-131701.34119132112,0.0,0.0
510244.024706743;	0.0,163.0,21.987045305505468,21.987045305505468,-524617.9860591276,-524617.9860591276,-524617.9860591276,-131696.605101765,-131696.605101765,0.0,0.0
510259.22424815;	0.0,164.0,4.3673873411731705,4.3673873411731705,-524613.6186717865,-524613.6186717865,-524613.6186717865,-131696.55900737425,-131696.55900737425,0.0,0.0
510277.380038884;	0.0,165.0,14.195870595551147,14.195870595551147,-524599.4228011909,-524599.4228011909,-524599.4228011909,-131692.97358741466,-131692.97358741466,0.0,0.0
511649.382826309;	0.0,166.0,34.38495664020218,34.38495664020218,-524565.0378445507,-524565.0378445507,-524565.0378445507,-131684.6169746287,-131684.6169746287,0.0,0.0
512256.83532912104;	0.0,167.0,118.52279127816746,118.52279127816746,-524446.5150532724,-524446.5150532724,-524446.5150532724,-131651.22787465868,-131651.22787465868,0.0,0.0
512384.094159374;	0.0,168.0,4360.723322733154,4360.723322733154,-520085.7917305393,-520085.79173053935,-520085.7917305393,-130532.0727428619,-130532.0727428619,0.0,0.0
512437.93395114306;	0.0,169.0,2031.4766312411684,2031.4766312411684,-518054.3150992981,-518054.3150992981,-518054.3150992981,-130037.24323268734,-130037.24323268734,0.0,0.0
512487.010781356;	0.0,170.0,132.32377222973378,132.32377222973378,-517921.99132706836,-517921.99132706836,-517921.99132706836,-130001.97787690075,-130001.97787690075,0.0,0.0
513460.49865714106;	0.0,171.0,266.7765755938373,266.7765755938373,-517655.21475147444,-517655.21475147444,-517655.21475147444,-129933.56783379929,-129933.56783379929,0.0,0.0
513538.958841515;	0.0,172.0,127.49204265876483,127.49204265876483,-517527.72270881565,-517527.72270881565,-517527.72270881565,-129894.02301921249,-129894.02301921249,0.0,0.0
514185.271912945;	0.0,173.0,1270.4146865940784,1270.4146865940784,-516257.3080222216,-516257.3080222216,-516257.3080222216,-129527.05385678305,-129527.05385678305,0.0,0.0
514765.649743052;	0.0,174.0,78.93734260908786,78.93734260908786,-516178.37067961256,-516178.37067961256,-516178.37067961256,-129502.69597075373,-129502.69597075373,0.0,0.0
515552.95251967805;	0.0,175.0,158.47818507305874,158.47818507305874,-516019.8924945395,-516019.8924945395,-516019.8924945395,-129469.4015201236,-129469.4015201236,0.0,0.0
516327.681161719;	0.0,176.0,54.026844640245145,54.026844640245145,-515965.86564989923,-515965.86564989923,-515965.86564989923,-129454.53777493551,-129454.53777493551,0.0,0.0
517220.82999090303;	0.0,177.0,112.05102266074502,112.05102266074502,-515853.8146272385,-515853.8146272385,-515853.8146272385,-129408.31551777819,-129408.31551777819,0.0,0.0
517255.162073891;	0.0,178.0,497.23180661618335,497.23180661618335,-515356.5828206223,-515356.5828206223,-515356.5828206223,-129265.18384070598,-129265.18384070598,0.0,0.0
=======
>>>>>>> 38976cd2d83cb107f4c8a4afe15d206fc42fb7b3
