517829.364719427;	cycle,it,executionDll, simulationDll, executionTrainLl, simulationTrainLl,realTrainLl, executionValidLl, realValidLl, executionTestLl, realTestLl
517829.364885793;	0.0,0.0,0.0,0.0,-2.0901738128733665E7,-2.0901738128733665E7,-2.0901738128733665E7,-5215412.603861527,-5215412.603861527,0.0,0.0
524605.493684505;	0.0,1.0,23563.237825871103,23563.237825871103,-2.0878174890907794E7,-2.0878174890907794E7,-2.0878174890907794E7,-5209431.494241083,-5209431.494241083,0.0,0.0
524630.548720948;	0.0,2.0,23032.519800125287,23032.519800125287,-2.0855142371107675E7,-2.0855142371107675E7,-2.0855142371107675E7,-5203609.88623702,-5203609.88623702,0.0,0.0
524655.8792778461;	0.0,3.0,22167.486443341164,22167.486443341164,-2.0832974884664327E7,-2.0832974884664327E7,-2.0832974884664327E7,-5198011.485572747,-5198011.485572747,0.0,0.0
524681.61999578;	0.0,4.0,21347.4261819268,21347.4261819268,-2.0811627458482407E7,-2.0811627458482407E7,-2.0811627458482407E7,-5192800.418234915,-5192800.418234915,0.0,0.0
524706.737691632;	0.0,5.0,20921.031604984055,20921.031604984055,-2.0790706426877413E7,-2.0790706426877413E7,-2.0790706426877413E7,-5187597.275679879,-5187597.275679879,0.0,0.0
524731.3372207381;	0.0,6.0,20726.041294488743,20726.041294488743,-2.0769980385582928E7,-2.0769980385582928E7,-2.0769980385582928E7,-5182274.14697327,-5182274.14697327,0.0,0.0
524757.0620910861;	0.0,7.0,20622.717912841334,20622.717912841334,-2.074935766767009E7,-2.074935766767009E7,-2.074935766767009E7,-5177170.79188865,-5177170.79188865,0.0,0.0
524781.544561242;	0.0,8.0,20491.376601141208,20491.376601141208,-2.0728866291068945E7,-2.0728866291068945E7,-2.0728866291068945E7,-5172065.938729834,-5172065.938729834,0.0,0.0
524806.801234371;	0.0,9.0,20486.758778493626,20486.758778493626,-2.0708379532290455E7,-2.0708379532290455E7,-2.0708379532290455E7,-5166919.022632077,-5166919.022632077,0.0,0.0
524831.793080091;	0.0,10.0,20430.276175725827,20430.276175725827,-2.0687949256114725E7,-2.0687949256114725E7,-2.0687949256114725E7,-5161692.775593024,-5161692.775593024,0.0,0.0
524857.1943829161;	0.0,11.0,20424.91718713261,20424.91718713261,-2.06675243389276E7,-2.06675243389276E7,-2.06675243389276E7,-5156714.171472367,-5156714.171472367,0.0,0.0
524883.128602596;	0.0,12.0,20417.644217917754,20417.644217917754,-2.0647106694709685E7,-2.0647106694709685E7,-2.0647106694709685E7,-5151578.165812881,-5151578.165812881,0.0,0.0
524908.1655746751;	0.0,13.0,20358.686125136497,20358.686125136497,-2.0626748008584548E7,-2.0626748008584548E7,-2.0626748008584548E7,-5146596.637836597,-5146596.637836597,0.0,0.0
524933.752796137;	0.0,14.0,20233.007196779196,20233.007196779196,-2.060651500138777E7,-2.060651500138777E7,-2.060651500138777E7,-5141586.652248459,-5141586.652248459,0.0,0.0
524959.9023191631;	0.0,15.0,20221.85896050935,20221.85896050935,-2.0586293142427262E7,-2.0586293142427262E7,-2.0586293142427262E7,-5136616.488682267,-5136616.488682267,0.0,0.0
524985.802699444;	0.0,16.0,20090.588114347265,20090.588114347265,-2.056620255431291E7,-2.056620255431291E7,-2.056620255431291E7,-5131632.415657715,-5131632.415657715,0.0,0.0
525011.961538668;	0.0,17.0,19965.22495149356,19965.22495149356,-2.0546237329361413E7,-2.0546237329361413E7,-2.0546237329361413E7,-5126699.534689284,-5126699.534689284,0.0,0.0
525036.077081943;	0.0,18.0,19942.7311685584,19942.7311685584,-2.052629459819286E7,-2.052629459819286E7,-2.052629459819286E7,-5121708.414152217,-5121708.414152217,0.0,0.0
525063.2089253861;	0.0,19.0,59627.31045154141,59627.31045154142,-2.0466667287741315E7,-2.0466667287741315E7,-2.0466667287741315E7,-5107108.7008428415,-5107108.7008428415,0.0,0.0
525117.011450357;	0.0,20.0,19704.468124544226,19704.468124544226,-2.044696281961676E7,-2.044696281961676E7,-2.044696281961676E7,-5102136.105374454,-5102136.105374454,0.0,0.0
525141.535192655;	0.0,21.0,19696.79464465278,19696.79464465278,-2.0427266024972115E7,-2.0427266024972115E7,-2.0427266024972115E7,-5097237.660845708,-5097237.660845708,0.0,0.0
525165.6483828981;	0.0,22.0,19656.02266853085,19656.02266853085,-2.040761000230358E7,-2.040761000230358E7,-2.040761000230358E7,-5092316.551328145,-5092316.551328145,0.0,0.0
525190.138391445;	0.0,23.0,19596.39873760964,19596.39873760964,-2.0388013603565972E7,-2.0388013603565972E7,-2.0388013603565972E7,-5087419.034737944,-5087419.034737944,0.0,0.0
525217.037400846;	0.0,24.0,19520.299681899385,19520.299681899385,-2.036849330388407E7,-2.036849330388407E7,-2.036849330388407E7,-5082721.866213221,-5082721.866213221,0.0,0.0
525240.185583511;	0.0,25.0,19513.76601479671,19513.76601479671,-2.0348979537869263E7,-2.0348979537869263E7,-2.0348979537869263E7,-5077745.190882164,-5077745.190882164,0.0,0.0
525265.42933529;	0.0,26.0,19469.880139944238,19469.880139944238,-2.0329509657729324E7,-2.0329509657729324E7,-2.0329509657729324E7,-5072916.886134732,-5072916.886134732,0.0,0.0
525291.840409036;	0.0,27.0,19462.234294574228,19462.234294574228,-2.0310047423434753E7,-2.0310047423434753E7,-2.0310047423434753E7,-5067937.263251454,-5067937.263251454,0.0,0.0
525317.952982772;	0.0,28.0,58138.59693281656,58138.596932816574,-2.025190882650194E7,-2.025190882650194E7,-2.025190882650194E7,-5053563.691409985,-5053563.691409985,0.0,0.0
525371.221220111;	0.0,29.0,19228.866004900417,19228.866004900417,-2.0232679960497037E7,-2.0232679960497037E7,-2.0232679960497037E7,-5048635.938809642,-5048635.938809642,0.0,0.0
525395.58658703;	0.0,30.0,19224.385905194627,19224.385905194627,-2.021345557459184E7,-2.021345557459184E7,-2.021345557459184E7,-5043835.825424987,-5043835.825424987,0.0,0.0
525420.3507104571;	0.0,31.0,19203.63574426357,19203.63574426357,-2.0194251938847568E7,-2.0194251938847568E7,-2.0194251938847568E7,-5039085.553941156,-5039085.553941156,0.0,0.0
525564.392810337;	0.0,32.0,57486.19734733342,57486.19734733344,-2.013676574150024E7,-2.013676574150024E7,-2.013676574150024E7,-5024650.875984135,-5024650.875984135,0.0,0.0
525619.596829879;	0.0,33.0,19086.400086541304,19086.400086541304,-2.0117679341413695E7,-2.0117679341413695E7,-2.0117679341413695E7,-5019937.188948736,-5019937.188948736,0.0,0.0
525644.374536172;	0.0,34.0,19026.41681878161,19026.41681878161,-2.009865292459492E7,-2.009865292459492E7,-2.009865292459492E7,-5015174.777908938,-5015174.777908938,0.0,0.0
525670.145677641;	0.0,35.0,19000.107214090167,19000.107214090167,-2.0079652817380827E7,-2.0079652817380827E7,-2.0079652817380827E7,-5010387.306454725,-5010387.306454725,0.0,0.0
525696.3505998331;	0.0,36.0,18956.178960246463,18956.178960246463,-2.0060696638420578E7,-2.0060696638420578E7,-2.0060696638420578E7,-5005579.669492564,-5005579.669492564,0.0,0.0
525720.254451949;	0.0,37.0,18953.336154669276,18953.336154669276,-2.004174330226591E7,-2.004174330226591E7,-2.004174330226591E7,-5000946.227852795,-5000946.227852795,0.0,0.0
525744.374624592;	0.0,38.0,18920.424137327624,18920.424137327624,-2.0022822878128577E7,-2.0022822878128577E7,-2.0022822878128577E7,-4996119.348444203,-4996119.348444203,0.0,0.0
525771.8704687681;	0.0,39.0,18902.3589984541,18902.3589984541,-2.0003920519130122E7,-2.0003920519130122E7,-2.0003920519130122E7,-4991349.743685638,-4991349.743685638,0.0,0.0
525796.8650761531;	0.0,40.0,18897.204892309375,18897.204892309375,-1.998502331423782E7,-1.998502331423782E7,-1.998502331423782E7,-4986520.758727544,-4986520.758727544,0.0,0.0
525847.800636913;	0.0,41.0,18807.57763514589,18807.57763514589,-1.9966215736602675E7,-1.9966215736602675E7,-1.9966215736602675E7,-4981689.82179255,-4981689.82179255,0.0,0.0
525871.597298037;	0.0,42.0,18788.50544030039,18788.50544030039,-1.9947427231162384E7,-1.9947427231162384E7,-1.9947427231162384E7,-4976969.678984819,-4976969.678984819,0.0,0.0
525898.9773695801;	0.0,43.0,56212.35883415276,56212.35883415279,-1.989121487232822E7,-1.989121487232822E7,-1.989121487232822E7,-4963007.371945213,-4963007.371945213,0.0,0.0
526013.195977787;	0.0,44.0,18697.95834524605,18697.95834524605,-1.987251691398298E7,-1.987251691398298E7,-1.987251691398298E7,-4958244.4440285,-4958244.4440285,0.0,0.0
526039.271587072;	0.0,45.0,18677.16132234488,18677.16132234488,-1.9853839752660632E7,-1.9853839752660632E7,-1.9853839752660632E7,-4953565.289425999,-4953565.289425999,0.0,0.0
526066.838492713;	0.0,46.0,18624.13579272548,18624.13579272548,-1.9835215616867907E7,-1.9835215616867907E7,-1.9835215616867907E7,-4948916.8125017565,-4948916.8125017565,0.0,0.0
526091.2048412231;	0.0,47.0,18579.56728679011,18579.56728679011,-1.9816636049581118E7,-1.9816636049581118E7,-1.9816636049581118E7,-4944290.869867451,-4944290.869867451,0.0,0.0
526117.1681311431;	0.0,48.0,55545.35447310109,55545.35447310109,-1.976109069510801E7,-1.976109069510801E7,-1.976109069510801E7,-4930424.421093653,-4930424.421093653,0.0,0.0
526175.437560554;	0.0,49.0,18416.409104595186,18416.409104595186,-1.974267428600342E7,-1.974267428600342E7,-1.974267428600342E7,-4925903.12414989,-4925903.12414989,0.0,0.0
526200.387368379;	0.0,50.0,18398.82164887232,18398.82164887232,-1.9724275464354556E7,-1.9724275464354556E7,-1.9724275464354556E7,-4921331.834738456,-4921331.834738456,0.0,0.0
526281.2375523241;	0.0,51.0,18362.81935955063,18362.81935955063,-1.9705912644995E7,-1.9705912644995E7,-1.9705912644995E7,-4916774.956531742,-4916774.956531742,0.0,0.0
526307.870333716;	0.0,52.0,18293.11705232696,18293.11705232696,-1.9687619527942676E7,-1.9687619527942676E7,-1.9687619527942676E7,-4912282.195043435,-4912282.195043435,0.0,0.0
526333.9299865491;	0.0,53.0,18247.56572046964,18247.56572046964,-1.9669371962222207E7,-1.9669371962222207E7,-1.9669371962222207E7,-4907733.69183792,-4907733.69183792,0.0,0.0
526752.149549108;	0.0,54.0,18187.222999350095,18187.222999350095,-1.9651184739222858E7,-1.9651184739222858E7,-1.9651184739222858E7,-4903270.554122603,-4903270.554122603,0.0,0.0
526778.827524614;	0.0,55.0,54545.14103941727,54545.141039417285,-1.959663959818345E7,-1.959663959818345E7,-1.959663959818345E7,-4889804.553649453,-4889804.553649453,0.0,0.0
526834.0895168401;	0.0,56.0,54163.25307981458,54163.253079814596,-1.9542476345103625E7,-1.9542476345103625E7,-1.9542476345103625E7,-4876381.538008461,-4876381.538008461,0.0,0.0
526892.993036799;	0.0,57.0,18000.988407083183,18000.988407083183,-1.952447535669655E7,-1.952447535669655E7,-1.952447535669655E7,-4871857.914694225,-4871857.914694225,0.0,0.0
526918.996457739;	0.0,58.0,17968.362688504807,17968.362688504807,-1.9506506994008042E7,-1.9506506994008042E7,-1.9506506994008042E7,-4867288.563618651,-4867288.563618651,0.0,0.0
526943.677184768;	0.0,59.0,17882.019738771523,17882.019738771523,-1.948862497426928E7,-1.948862497426928E7,-1.948862497426928E7,-4862800.655352026,-4862800.655352026,0.0,0.0
526995.764825716;	0.0,60.0,17867.749043351083,17867.749043351083,-1.947075722522593E7,-1.947075722522593E7,-1.947075722522593E7,-4858294.051704041,-4858294.051704041,0.0,0.0
527020.5318772921;	0.0,61.0,17835.001509543647,17835.001509543647,-1.945292222371637E7,-1.945292222371637E7,-1.945292222371637E7,-4853782.7781858435,-4853782.7781858435,0.0,0.0
527044.927696432;	0.0,62.0,17734.483151528373,17734.483151528373,-1.9435187740564846E7,-1.9435187740564846E7,-1.9435187740564846E7,-4849367.165311163,-4849367.165311163,0.0,0.0
527073.1364864251;	0.0,63.0,17587.761237544517,17587.761237544517,-1.94175999793273E7,-1.94175999793273E7,-1.94175999793273E7,-4844881.936813225,-4844881.936813225,0.0,0.0
527097.199632345;	0.0,64.0,17547.388217970532,17547.388217970532,-1.940005259110933E7,-1.940005259110933E7,-1.940005259110933E7,-4840530.584252374,-4840530.584252374,0.0,0.0
527122.1524136061;	0.0,65.0,17389.122530584318,17389.122530584318,-1.9382663468578745E7,-1.9382663468578745E7,-1.9382663468578745E7,-4836174.468172168,-4836174.468172168,0.0,0.0
527389.610601648;	0.0,66.0,17376.452626048806,17376.452626048806,-1.9365287015952688E7,-1.9365287015952688E7,-1.9365287015952688E7,-4831832.266168071,-4831832.266168071,0.0,0.0
527413.871200772;	0.0,67.0,17357.69691583229,17357.69691583229,-1.9347929319036856E7,-1.9347929319036856E7,-1.9347929319036856E7,-4827571.503898923,-4827571.503898923,0.0,0.0
527440.41122607;	0.0,68.0,17347.97349644833,17347.97349644833,-1.933058134554041E7,-1.933058134554041E7,-1.933058134554041E7,-4823327.751107233,-4823327.751107233,0.0,0.0
527468.7178478551;	0.0,69.0,17332.9796975398,17332.9796975398,-1.931324836584287E7,-1.931324836584287E7,-1.931324836584287E7,-4819174.734592818,-4819174.734592818,0.0,0.0
527494.160238884;	0.0,70.0,17301.037023811696,17301.037023811696,-1.929594732881906E7,-1.929594732881906E7,-1.929594732881906E7,-4814814.293981385,-4814814.293981385,0.0,0.0
527522.331858397;	0.0,71.0,51675.58289663633,51675.58289663632,-1.924427174592242E7,-1.924427174592242E7,-1.924427174592242E7,-4802057.638476805,-4802057.638476805,0.0,0.0
527577.350663544;	0.0,72.0,17219.58002643891,17219.58002643891,-1.9227052165895984E7,-1.9227052165895984E7,-1.9227052165895984E7,-4797740.773557289,-4797740.773557289,0.0,0.0
527603.702350626;	0.0,73.0,51651.15691594516,51651.15691594516,-1.9175401008980043E7,-1.9175401008980043E7,-1.9175401008980043E7,-4784880.393925321,-4784880.393925321,0.0,0.0
527662.1754736301;	0.0,74.0,17195.275207783197,17195.275207783197,-1.9158205733772263E7,-1.9158205733772263E7,-1.9158205733772263E7,-4780468.941734519,-4780468.941734519,0.0,0.0
527689.478007877;	0.0,75.0,17193.44700821759,17193.44700821759,-1.914101228676404E7,-1.914101228676404E7,-1.914101228676404E7,-4776145.35097982,-4776145.35097982,0.0,0.0
527716.525602736;	0.0,76.0,17193.09834046131,17193.09834046131,-1.9123819188423578E7,-1.9123819188423578E7,-1.9123819188423578E7,-4771856.070111042,-4771856.070111042,0.0,0.0
527746.5283330771;	0.0,77.0,17085.971939635965,17085.971939635965,-1.910673321648394E7,-1.910673321648394E7,-1.910673321648394E7,-4767505.1511061285,-4767505.1511061285,0.0,0.0
527803.157683889;	0.0,78.0,17009.610748100684,17009.610748100684,-1.9089723605735842E7,-1.9089723605735842E7,-1.9089723605735842E7,-4763402.378698931,-4763402.378698931,0.0,0.0
527831.315985069;	0.0,79.0,50841.55999803166,50841.55999803166,-1.903888204573781E7,-1.903888204573781E7,-1.903888204573781E7,-4750435.492458823,-4750435.492458823,0.0,0.0
528001.407348811;	0.0,80.0,16845.768509383794,16845.768509383794,-1.902203627722843E7,-1.902203627722843E7,-1.902203627722843E7,-4746094.988619572,-4746094.988619572,0.0,0.0
528025.126762153;	0.0,81.0,16803.40008944064,16803.40008944064,-1.900523287713899E7,-1.900523287713899E7,-1.900523287713899E7,-4741900.136767773,-4741900.136767773,0.0,0.0
528048.198989553;	0.0,82.0,16765.130045320337,16765.130045320337,-1.8988467747093674E7,-1.8988467747093674E7,-1.8988467747093674E7,-4737545.823703979,-4737545.823703979,0.0,0.0
528077.4327409121;	0.0,83.0,16753.845194454712,16753.845194454712,-1.8971713901899222E7,-1.8971713901899222E7,-1.8971713901899222E7,-4733389.228465846,-4733389.228465846,0.0,0.0
528102.988486129;	0.0,84.0,16651.15947346295,16651.15947346295,-1.895506274242576E7,-1.895506274242576E7,-1.895506274242576E7,-4729262.620278353,-4729262.620278353,0.0,0.0
528131.378791502;	0.0,85.0,49923.42184254038,49923.421842540396,-1.8905139320583213E7,-1.8905139320583213E7,-1.8905139320583213E7,-4716827.895287347,-4716827.895287347,0.0,0.0
528183.65923908;	0.0,86.0,16632.206774463502,16632.206774463502,-1.888850711380875E7,-1.888850711380875E7,-1.888850711380875E7,-4712641.194216853,-4712641.194216853,0.0,0.0
528210.165317957;	0.0,87.0,16632.089818918,16632.089818918,-1.8871875023989826E7,-1.8871875023989826E7,-1.8871875023989826E7,-4708447.653004854,-4708447.653004854,0.0,0.0
528234.12459057;	0.0,88.0,16607.452731534067,16607.452731534067,-1.8855267571258295E7,-1.8855267571258295E7,-1.8855267571258295E7,-4704275.493136653,-4704275.493136653,0.0,0.0
528283.732819436;	0.0,89.0,16592.514098704683,16592.514098704683,-1.8838675057159584E7,-1.8838675057159584E7,-1.8838675057159584E7,-4700036.399835829,-4700036.399835829,0.0,0.0
528309.2666709961;	0.0,90.0,49757.774055486974,49757.77405548696,-1.8788917283104103E7,-1.8788917283104103E7,-1.8788917283104103E7,-4687296.408707098,-4687296.408707098,0.0,0.0
528361.776419702;	0.0,91.0,16483.745135774625,16483.745135774625,-1.877243353796833E7,-1.877243353796833E7,-1.877243353796833E7,-4683143.205118815,-4683143.205118815,0.0,0.0
528386.893937653;	0.0,92.0,49330.14290447871,49330.14290447869,-1.8723103395063855E7,-1.8723103395063855E7,-1.8723103395063855E7,-4670637.0771502545,-4670637.0771502545,0.0,0.0
528438.886467703;	0.0,93.0,49192.55246908201,49192.55246908201,-1.8673910842594765E7,-1.8673910842594765E7,-1.8673910842594765E7,-4658372.491483615,-4658372.491483615,0.0,0.0
528493.332645123;	0.0,94.0,16354.801980741293,16354.801980741293,-1.8657556040614028E7,-1.8657556040614028E7,-1.8657556040614028E7,-4654401.185297041,-4654401.185297041,0.0,0.0
528520.465295973;	0.0,95.0,16342.343655589902,16342.343655589902,-1.864121369695844E7,-1.864121369695844E7,-1.864121369695844E7,-4650253.712619241,-4650253.712619241,0.0,0.0
528546.492662339;	0.0,96.0,16310.121305794833,16310.121305794833,-1.862490357565264E7,-1.862490357565264E7,-1.862490357565264E7,-4646352.39498326,-4646352.39498326,0.0,0.0
528573.158829279;	0.0,97.0,16268.288949282003,16268.288949282003,-1.8608635286703356E7,-1.8608635286703356E7,-1.8608635286703356E7,-4642362.949623073,-4642362.949623073,0.0,0.0
528597.866418423;	0.0,98.0,16195.569448430033,16195.569448430033,-1.859243971725493E7,-1.859243971725493E7,-1.859243971725493E7,-4638310.639750542,-4638310.639750542,0.0,0.0
528626.0791142731;	0.0,99.0,16121.998260300796,16121.998260300796,-1.8576317718994625E7,-1.8576317718994625E7,-1.8576317718994625E7,-4634364.680798261,-4634364.680798261,0.0,0.0
528650.503379129;	0.0,100.0,16089.378476937665,16089.378476937665,-1.856022834051768E7,-1.856022834051768E7,-1.856022834051768E7,-4630390.636001268,-4630390.636001268,0.0,0.0
528678.438607094;	0.0,101.0,117821.54854915099,117821.54854915102,-1.8442406791968536E7,-1.8442406791968536E7,-1.8442406791968536E7,-4600926.520513066,-4600926.520513066,0.0,0.0
528940.452115808;	0.0,102.0,47850.612098099315,47850.612098099315,-1.8394556179870438E7,-1.8394556179870438E7,-1.8394556179870438E7,-4589185.671579214,-4589185.671579214,0.0,0.0
528995.074632167;	0.0,103.0,15945.5526402775,15945.5526402775,-1.8378610627230156E7,-1.8378610627230156E7,-1.8378610627230156E7,-4585165.658921457,-4585165.658921457,0.0,0.0
529022.243552543;	0.0,104.0,15921.931228213558,15921.931228213558,-1.8362688696001947E7,-1.8362688696001947E7,-1.8362688696001947E7,-4581155.7536879415,-4581155.7536879415,0.0,0.0
529047.131184887;	0.0,105.0,47399.15095104597,47399.15095104597,-1.83152895450509E7,-1.83152895450509E7,-1.83152895450509E7,-4569386.866925627,-4569386.866925627,0.0,0.0
529102.5208364631;	0.0,106.0,15798.177231345522,15798.177231345522,-1.8299491367819555E7,-1.8299491367819555E7,-1.8299491367819555E7,-4565406.646025935,-4565406.646025935,0.0,0.0
529127.603991822;	0.0,107.0,15754.635429049682,15754.635429049682,-1.828373673239051E7,-1.828373673239051E7,-1.828373673239051E7,-4561383.221632479,-4561383.221632479,0.0,0.0
529155.6235736461;	0.0,108.0,15743.208581422597,15743.208581422597,-1.8267993523809087E7,-1.8267993523809087E7,-1.8267993523809087E7,-4557455.554950705,-4557455.554950705,0.0,0.0
529181.17016438;	0.0,109.0,15741.789906157297,15741.789906157297,-1.8252251733902924E7,-1.8252251733902924E7,-1.8252251733902924E7,-4553480.087449343,-4553480.087449343,0.0,0.0
529207.558193655;	0.0,110.0,46885.39945023427,46885.39945023427,-1.8205366334452696E7,-1.8205366334452696E7,-1.8205366334452696E7,-4541799.704602388,-4541799.704602388,0.0,0.0
529264.0547371281;	0.0,111.0,15565.92701746471,15565.92701746471,-1.8189800407435235E7,-1.8189800407435235E7,-1.8189800407435235E7,-4538024.000932577,-4538024.000932577,0.0,0.0
529290.079324656;	0.0,112.0,15542.841256847809,15542.841256847809,-1.817425756617839E7,-1.817425756617839E7,-1.817425756617839E7,-4534169.276749374,-4534169.276749374,0.0,0.0
529346.7674746531;	0.0,113.0,46211.7875954303,46211.7875954303,-1.8128045778582957E7,-1.8128045778582957E7,-1.8128045778582957E7,-4522675.0504741995,-4522675.0504741995,0.0,0.0
529400.556536798;	0.0,114.0,46178.05379008461,46178.053790084596,-1.808186772479288E7,-1.808186772479288E7,-1.808186772479288E7,-4511258.679038771,-4511258.679038771,0.0,0.0
529574.0642714291;	0.0,115.0,15328.569569994099,15328.569569994099,-1.8066539155222885E7,-1.8066539155222885E7,-1.8066539155222885E7,-4507395.289933953,-4507395.289933953,0.0,0.0
529599.069061254;	0.0,116.0,45920.47837754507,45920.47837754507,-1.802061867684534E7,-1.802061867684534E7,-1.802061867684534E7,-4495935.2962654345,-4495935.2962654345,0.0,0.0
529655.44548788;	0.0,117.0,15278.990381149517,15278.990381149517,-1.800533968646419E7,-1.800533968646419E7,-1.800533968646419E7,-4492097.60984651,-4492097.60984651,0.0,0.0
529681.788444335;	0.0,118.0,15203.880548314548,15203.880548314548,-1.7990135805915873E7,-1.7990135805915873E7,-1.7990135805915873E7,-4488309.180949153,-4488309.180949153,0.0,0.0
529708.99518309;	0.0,119.0,45431.60587390269,45431.60587390269,-1.7944704200041972E7,-1.7944704200041972E7,-1.7944704200041972E7,-4476844.315855499,-4476844.315855499,0.0,0.0
529762.723469102;	0.0,120.0,15089.042187913488,15089.042187913488,-1.7929615157854058E7,-1.7929615157854058E7,-1.7929615157854058E7,-4473049.887217374,-4473049.887217374,0.0,0.0
529786.8189833841;	0.0,121.0,15068.70028455236,15068.70028455236,-1.7914546457569506E7,-1.7914546457569506E7,-1.7914546457569506E7,-4469317.3031635,-4469317.3031635,0.0,0.0
529814.071278868;	0.0,122.0,45089.5152580992,45089.5152580992,-1.7869456942311406E7,-1.7869456942311406E7,-1.7869456942311406E7,-4458430.006617889,-4458430.006617889,0.0,0.0
529872.424419302;	0.0,123.0,14939.13629901765,14939.13629901765,-1.785451780601239E7,-1.785451780601239E7,-1.785451780601239E7,-4454686.798851309,-4454686.798851309,0.0,0.0
529929.145590079;	0.0,124.0,14884.26163080649,14884.26163080649,-1.7839633544381578E7,-1.7839633544381578E7,-1.7839633544381578E7,-4450991.92703954,-4450991.92703954,0.0,0.0
530009.7605733171;	0.0,125.0,14857.36999921039,14857.36999921039,-1.782477617438237E7,-1.782477617438237E7,-1.782477617438237E7,-4447310.183600792,-4447310.183600792,0.0,0.0
530035.9411120911;	0.0,126.0,44470.475289289,44470.475289289,-1.7780305699093074E7,-1.7780305699093074E7,-1.7780305699093074E7,-4436452.998082124,-4436452.998082124,0.0,0.0
530095.30005638;	0.0,127.0,14713.6098559579,14713.6098559579,-1.7765592089237116E7,-1.7765592089237116E7,-1.7765592089237116E7,-4432792.302271596,-4432792.302271596,0.0,0.0
530121.681111483;	0.0,128.0,14698.528175143638,14698.528175143638,-1.775089356106197E7,-1.775089356106197E7,-1.775089356106197E7,-4429044.928071025,-4429044.928071025,0.0,0.0
530144.626005876;	0.0,129.0,14679.236991344624,14679.236991344624,-1.7736214324070625E7,-1.7736214324070625E7,-1.7736214324070625E7,-4425442.47979299,-4425442.47979299,0.0,0.0
530168.295298299;	0.0,130.0,14665.65603295376,14665.65603295376,-1.772154866803767E7,-1.772154866803767E7,-1.772154866803767E7,-4421814.185533451,-4421814.185533451,0.0,0.0
530192.423938395;	0.0,131.0,14650.660931432518,14650.660931432518,-1.770689800710624E7,-1.770689800710624E7,-1.770689800710624E7,-4418240.067918468,-4418240.067918468,0.0,0.0
530218.235682018;	0.0,132.0,14634.229163906391,14634.229163906391,-1.7692263777942333E7,-1.7692263777942333E7,-1.7692263777942333E7,-4414611.2977770865,-4414611.2977770865,0.0,0.0
530245.029243238;	0.0,133.0,43713.67743397903,43713.67743397903,-1.764855010050836E7,-1.764855010050836E7,-1.764855010050836E7,-4403989.470438808,-4403989.470438808,0.0,0.0
530306.9052441451;	0.0,134.0,43555.60390845753,43555.60390845753,-1.7604994496599894E7,-1.7604994496599894E7,-1.7604994496599894E7,-4392870.975080292,-4392870.975080292,0.0,0.0
530361.2702611861;	0.0,135.0,14514.899273567768,14514.899273567768,-1.759047959732633E7,-1.759047959732633E7,-1.759047959732633E7,-4389286.972525011,-4389286.972525011,0.0,0.0
530385.883172382;	0.0,136.0,14410.18515983846,14410.18515983846,-1.757606941216649E7,-1.757606941216649E7,-1.757606941216649E7,-4385702.374585386,-4385702.374585386,0.0,0.0
530412.7349454841;	0.0,137.0,14393.825315557355,14393.825315557355,-1.7561675586850937E7,-1.7561675586850937E7,-1.7561675586850937E7,-4382032.212446363,-4382032.212446363,0.0,0.0
530437.742893854;	0.0,138.0,14376.993103521709,14376.993103521709,-1.754729859374742E7,-1.754729859374742E7,-1.754729859374742E7,-4378531.704917511,-4378531.704917511,0.0,0.0
530461.058770423;	0.0,139.0,14330.369142406249,14330.369142406249,-1.753296822460501E7,-1.753296822460501E7,-1.753296822460501E7,-4375008.88155489,-4375008.88155489,0.0,0.0
530487.864393217;	0.0,140.0,14316.59461074046,14316.59461074046,-1.7518651629994273E7,-1.7518651629994273E7,-1.7518651629994273E7,-4371460.718880652,-4371460.718880652,0.0,0.0
530516.5011110001;	0.0,141.0,42936.065713972785,42936.0657139728,-1.7475715564280305E7,-1.7475715564280305E7,-1.7475715564280305E7,-4360811.89737425,-4360811.89737425,0.0,0.0
530574.786479368;	0.0,142.0,14310.656919121873,14310.656919121873,-1.7461404907361183E7,-1.7461404907361183E7,-1.7461404907361183E7,-4357330.935806823,-4357330.935806823,0.0,0.0
530600.540494082;	0.0,143.0,14248.43842596416,14248.43842596416,-1.7447156468935218E7,-1.7447156468935218E7,-1.7447156468935218E7,-4353745.937161368,-4353745.937161368,0.0,0.0
530628.980640262;	0.0,144.0,42617.517977225994,42617.517977225994,-1.7404538950957995E7,-1.7404538950957995E7,-1.7404538950957995E7,-4343146.905967256,-4343146.905967256,0.0,0.0
530681.076318249;	0.0,145.0,42441.097111436546,42441.097111436546,-1.7362097853846557E7,-1.7362097853846557E7,-1.7362097853846557E7,-4332337.636584197,-4332337.636584197,0.0,0.0
530736.023107922;	0.0,146.0,42201.42871692571,42201.42871692571,-1.7319896425129622E7,-1.7319896425129622E7,-1.7319896425129622E7,-4321893.56975408,-4321893.56975408,0.0,0.0
530795.831624577;	0.0,147.0,14013.215608445127,14013.215608445127,-1.730588320952118E7,-1.730588320952118E7,-1.730588320952118E7,-4318384.441442632,-4318384.441442632,0.0,0.0
530820.825174422;	0.0,148.0,14007.087365011772,14007.087365011772,-1.729187612215617E7,-1.729187612215617E7,-1.729187612215617E7,-4315071.748055766,-4315071.748055766,0.0,0.0
530847.936942933;	0.0,149.0,14001.947784984979,14001.947784984979,-1.7277874174371175E7,-1.7277874174371175E7,-1.7277874174371175E7,-4311584.059280799,-4311584.059280799,0.0,0.0
530872.54797519;	0.0,150.0,14000.226548791026,14000.226548791026,-1.726387394782239E7,-1.726387394782239E7,-1.726387394782239E7,-4308074.4790032,-4308074.4790032,0.0,0.0
530902.961674576;	0.0,151.0,13993.306171078417,13993.306171078417,-1.7249880641651306E7,-1.7249880641651306E7,-1.7249880641651306E7,-4304636.022261738,-4304636.022261738,0.0,0.0
530929.984175112;	0.0,152.0,13860.054656155779,13860.054656155779,-1.7236020586995147E7,-1.7236020586995147E7,-1.7236020586995147E7,-4301291.448283807,-4301291.448283807,0.0,0.0
530954.250371977;	0.0,153.0,13857.835487808923,13857.835487808923,-1.722216275150734E7,-1.722216275150734E7,-1.722216275150734E7,-4297729.640643528,-4297729.640643528,0.0,0.0
530979.08669751;	0.0,154.0,13848.364056349099,13848.364056349099,-1.720831438745099E7,-1.720831438745099E7,-1.720831438745099E7,-4294404.136243083,-4294404.136243083,0.0,0.0
531062.3518386871;	0.0,155.0,13788.274099588696,13788.274099588696,-1.7194526113351397E7,-1.7194526113351397E7,-1.7194526113351397E7,-4290945.985517379,-4290945.985517379,0.0,0.0
531086.860062152;	0.0,156.0,13717.456433683776,13717.456433683776,-1.7180808656917717E7,-1.7180808656917717E7,-1.7180808656917717E7,-4287491.426123824,-4287491.426123824,0.0,0.0
531113.486564731;	0.0,157.0,13678.694096491832,13678.694096491832,-1.7167129962821227E7,-1.7167129962821227E7,-1.7167129962821227E7,-4284137.890989475,-4284137.890989475,0.0,0.0
531139.811417109;	0.0,158.0,40760.13517169195,40760.13517169194,-1.7126369827649545E7,-1.7126369827649545E7,-1.7126369827649545E7,-4273912.320362902,-4273912.320362902,0.0,0.0
531198.7150469631;	0.0,159.0,13495.096053888785,13495.096053888785,-1.7112874731595658E7,-1.7112874731595658E7,-1.7112874731595658E7,-4270639.914831684,-4270639.914831684,0.0,0.0
531225.997297929;	0.0,160.0,13480.432104074433,13480.432104074433,-1.7099394299491577E7,-1.7099394299491577E7,-1.7099394299491577E7,-4267281.184354613,-4267281.184354613,0.0,0.0
531282.6323040951;	0.0,161.0,40341.17261168666,40341.17261168668,-1.7059053126879893E7,-1.7059053126879893E7,-1.7059053126879893E7,-4257048.013916505,-4257048.013916505,0.0,0.0
531338.164716845;	0.0,162.0,40325.0765719263,40325.0765719263,-1.701872805030796E7,-1.701872805030796E7,-1.701872805030796E7,-4246855.924314947,-4246855.924314947,0.0,0.0
531390.6663105331;	0.0,163.0,13401.90373744585,13401.90373744585,-1.7005326146570515E7,-1.7005326146570515E7,-1.7005326146570515E7,-4243628.677773201,-4243628.677773201,0.0,0.0
531416.994653114;	0.0,164.0,13376.218843285234,13376.218843285234,-1.699194992772723E7,-1.699194992772723E7,-1.699194992772723E7,-4240283.602152301,-4240283.602152301,0.0,0.0
531444.689880928;	0.0,165.0,39996.812052615525,39996.812052615525,-1.695195311567461E7,-1.695195311567461E7,-1.695195311567461E7,-4230163.054048955,-4230163.054048955,0.0,0.0
531506.104880154;	0.0,166.0,39990.53633877902,39990.53633877902,-1.6911962579335835E7,-1.6911962579335835E7,-1.6911962579335835E7,-4220140.512423562,-4220140.512423562,0.0,0.0
531561.762470718;	0.0,167.0,39825.34448673637,39825.34448673637,-1.68721372348491E7,-1.68721372348491E7,-1.68721372348491E7,-4210164.720279563,-4210164.720279563,0.0,0.0
531674.6842323961;	0.0,168.0,13272.101395475365,13272.101395475365,-1.6858865133453622E7,-1.6858865133453622E7,-1.6858865133453622E7,-4206959.245513367,-4206959.245513367,0.0,0.0
531699.408475121;	0.0,169.0,39688.374358647925,39688.374358647925,-1.681917675909498E7,-1.681917675909498E7,-1.681917675909498E7,-4196742.852575845,-4196742.852575845,0.0,0.0
531754.728977127;	0.0,170.0,13162.877485787241,13162.877485787241,-1.6806013881609198E7,-1.6806013881609198E7,-1.6806013881609198E7,-4193491.5896183066,-4193491.5896183066,0.0,0.0
531783.907162115;	0.0,171.0,96256.85766948563,96256.85766948563,-1.6709757023939708E7,-1.6709757023939708E7,-1.6709757023939708E7,-4169935.764004103,-4169935.764004103,0.0,0.0
532124.762402085;	0.0,172.0,13074.246720983898,13074.246720983898,-1.6696682777218726E7,-1.6696682777218726E7,-1.6696682777218726E7,-4166701.1187157775,-4166701.1187157775,0.0,0.0
532152.3509944461;	0.0,173.0,13031.034807678276,13031.034807678276,-1.6683651742411045E7,-1.6683651742411045E7,-1.6683651742411045E7,-4163500.7820285917,-4163500.7820285917,0.0,0.0
532181.257771916;	0.0,174.0,13030.738215310448,13030.738215310448,-1.6670621004195733E7,-1.6670621004195733E7,-1.6670621004195733E7,-4160262.524794843,-4160262.524794843,0.0,0.0
532205.595785492;	0.0,175.0,13029.719492129207,13029.719492129207,-1.6657591284703605E7,-1.6657591284703605E7,-1.6657591284703605E7,-4156971.8845110773,-4156971.8845110773,0.0,0.0
532233.153392564;	0.0,176.0,12968.105191230694,12968.105191230694,-1.6644623179512378E7,-1.6644623179512378E7,-1.6644623179512378E7,-4153705.786252834,-4153705.786252834,0.0,0.0
532256.715060832;	0.0,177.0,12944.754692496026,12944.754692496026,-1.663167842481988E7,-1.663167842481988E7,-1.663167842481988E7,-4150492.618234323,-4150492.618234323,0.0,0.0
532282.080742826;	0.0,178.0,38777.80034146304,38777.80034146304,-1.6592900624478418E7,-1.6592900624478418E7,-1.6592900624478418E7,-4140850.993963126,-4140850.993963126,0.0,0.0
532337.3073857421;	0.0,179.0,12924.586348294179,12924.586348294179,-1.6579976038130123E7,-1.6579976038130123E7,-1.6579976038130123E7,-4137573.404258269,-4137573.404258269,0.0,0.0
532362.276130925;	0.0,180.0,12886.600458563757,12886.600458563757,-1.6567089437671559E7,-1.6567089437671559E7,-1.6567089437671559E7,-4134389.385984183,-4134389.385984183,0.0,0.0
532389.87798341;	0.0,181.0,38491.46020983251,38491.46020983251,-1.6528597977461727E7,-1.6528597977461727E7,-1.6528597977461727E7,-4124928.0052331397,-4124928.0052331397,0.0,0.0
532448.9199808651;	0.0,182.0,38331.321885214245,38331.321885214245,-1.6490266655576512E7,-1.6490266655576512E7,-1.6490266655576512E7,-4115242.9244325347,-4115242.9244325347,0.0,0.0
532501.0066250301;	0.0,183.0,12768.432400971215,12768.432400971215,-1.6477498223175542E7,-1.6477498223175542E7,-1.6477498223175542E7,-4111980.97495049,-4111980.97495049,0.0,0.0
532526.9659506971;	0.0,184.0,12763.965129693875,12763.965129693875,-1.6464734258045848E7,-1.6464734258045848E7,-1.6464734258045848E7,-4108866.1590861264,-4108866.1590861264,0.0,0.0
532579.891395656;	0.0,185.0,38159.221964514945,38159.221964514945,-1.6426575036081336E7,-1.6426575036081336E7,-1.6426575036081336E7,-4099264.832880268,-4099264.832880268,0.0,0.0
532634.91218648;	0.0,186.0,12673.353767621596,12673.353767621596,-1.6413901682313716E7,-1.6413901682313716E7,-1.6413901682313716E7,-4096110.326830962,-4096110.326830962,0.0,0.0
532660.472605269;	0.0,187.0,37959.82488618684,37959.824886186856,-1.637594185742753E7,-1.637594185742753E7,-1.637594185742753E7,-4086729.456722734,-4086729.456722734,0.0,0.0
532719.372272774;	0.0,188.0,12617.621150528605,12617.621150528605,-1.6363324236277001E7,-1.6363324236277001E7,-1.6363324236277001E7,-4083560.7097897474,-4083560.7097897474,0.0,0.0
532746.78373866;	0.0,189.0,37821.38568099843,37821.38568099843,-1.6325502850596005E7,-1.6325502850596005E7,-1.6325502850596005E7,-4073858.108573865,-4073858.108573865,0.0,0.0
532801.709370936;	0.0,190.0,12518.365447798067,12518.365447798067,-1.6312984485148208E7,-1.6312984485148208E7,-1.6312984485148208E7,-4070596.837040163,-4070596.837040163,0.0,0.0
532827.244160512;	0.0,191.0,12439.802649881767,12439.802649881767,-1.6300544682498332E7,-1.6300544682498332E7,-1.6300544682498332E7,-4067377.3265542686,-4067377.3265542686,0.0,0.0
532886.4453599671;	0.0,192.0,37191.714172524844,37191.714172524844,-1.6263352968325807E7,-1.6263352968325807E7,-1.6263352968325807E7,-4057902.8495147415,-4057902.8495147415,0.0,0.0
532941.3690729231;	0.0,193.0,12375.544886838266,12375.544886838266,-1.6250977423438968E7,-1.6250977423438968E7,-1.6250977423438968E7,-4054755.575521582,-4054755.575521582,0.0,0.0
532969.251751899;	0.0,194.0,37114.34243231334,37114.34243231334,-1.6213863081006654E7,-1.6213863081006654E7,-1.6213863081006654E7,-4045447.9059698456,-4045447.9059698456,0.0,0.0
533027.566111563;	0.0,195.0,12328.099003647367,12328.099003647367,-1.6201534982003007E7,-1.6201534982003007E7,-1.6201534982003007E7,-4042436.8579559256,-4042436.8579559256,0.0,0.0
533054.2724666201;	0.0,196.0,12261.848995272303,12261.848995272303,-1.6189273133007735E7,-1.6189273133007735E7,-1.6189273133007735E7,-4039330.685231419,-4039330.685231419,0.0,0.0
533081.284319516;	0.0,197.0,36777.685751669545,36777.685751669545,-1.6152495447256066E7,-1.6152495447256066E7,-1.6152495447256066E7,-4030107.041353558,-4030107.041353558,0.0,0.0
533138.9694361041;	0.0,198.0,12243.831171750004,12243.831171750004,-1.6140251616084319E7,-1.6140251616084319E7,-1.6140251616084319E7,-4027178.929848245,-4027178.929848245,0.0,0.0
533166.346544623;	0.0,199.0,12177.870423500412,12177.870423500412,-1.6128073745660815E7,-1.6128073745660815E7,-1.6128073745660815E7,-4024149.9415305555,-4024149.9415305555,0.0,0.0
533197.483173438;	0.0,200.0,89193.10944416358,89193.10944416357,-1.6038880636216652E7,-1.6038880636216652E7,-1.6038880636216652E7,-4001728.91232952,-4001728.91232952,0.0,0.0
533467.9719693171;	0.0,201.0,12142.131313848404,12142.131313848404,-1.6026738504902802E7,-1.6026738504902802E7,-1.6026738504902802E7,-3998669.597935035,-3998669.597935035,0.0,0.0
533494.843050581;	0.0,202.0,36305.120191646725,36305.120191646725,-1.5990433384711156E7,-1.5990433384711156E7,-1.5990433384711156E7,-3989748.8316947357,-3989748.8316947357,0.0,0.0
533674.0744882991;	0.0,203.0,12089.87939282175,12089.87939282175,-1.5978343505318336E7,-1.5978343505318336E7,-1.5978343505318336E7,-3986724.6009545233,-3986724.6009545233,0.0,0.0
533706.598849947;	0.0,204.0,87202.3472678074,87202.3472678074,-1.5891141158050524E7,-1.5891141158050524E7,-1.5891141158050524E7,-3964945.091459921,-3964945.091459921,0.0,0.0
534515.9332462681;	0.0,205.0,11863.596512962082,11863.596512962082,-1.5879277561537566E7,-1.5879277561537566E7,-1.5879277561537566E7,-3961949.1533084065,-3961949.1533084065,0.0,0.0
534544.5001078921;	0.0,206.0,35589.26214611231,35589.26214611231,-1.584368829939145E7,-1.584368829939145E7,-1.584368829939145E7,-3953051.3687685295,-3953051.3687685295,0.0,0.0
534599.889893237;	0.0,207.0,86234.06735371555,86234.06735371557,-1.5757454232037734E7,-1.5757454232037734E7,-1.5757454232037734E7,-3931134.2489043116,-3931134.2489043116,0.0,0.0
535123.68420746;	0.0,208.0,11668.398843834613,11668.398843834613,-1.5745785833193898E7,-1.5745785833193898E7,-1.5745785833193898E7,-3928181.23156864,-3928181.23156864,0.0,0.0
535150.753475983;	0.0,209.0,34940.16648576583,34940.16648576583,-1.5710845666708134E7,-1.5710845666708134E7,-1.5710845666708134E7,-3919540.0072604595,-3919540.0072604595,0.0,0.0
535207.015984636;	0.0,210.0,34900.98144063522,34900.98144063522,-1.5675944685267499E7,-1.5675944685267499E7,-1.5675944685267499E7,-3910768.8926592786,-3910768.8926592786,0.0,0.0
535260.049496616;	0.0,211.0,34816.583165164906,34816.583165164906,-1.564112810210233E7,-1.564112810210233E7,-1.564112810210233E7,-3901915.6668140935,-3901915.6668140935,0.0,0.0
535322.2486683601;	0.0,212.0,34767.69006114894,34767.69006114894,-1.5606360412041185E7,-1.5606360412041185E7,-1.5606360412041185E7,-3892898.5973468856,-3892898.5973468856,0.0,0.0
535379.072602552;	0.0,213.0,34579.952605581246,34579.952605581246,-1.5571780459435605E7,-1.5571780459435605E7,-1.5571780459435605E7,-3883998.60707238,-3883998.60707238,0.0,0.0
535435.495889773;	0.0,214.0,11520.050404598205,11520.050404598205,-1.5560260409031011E7,-1.5560260409031011E7,-1.5560260409031011E7,-3880999.3883600556,-3880999.3883600556,0.0,0.0
535462.638294763;	0.0,215.0,34420.95628922322,34420.95628922322,-1.5525839452741785E7,-1.5525839452741785E7,-1.5525839452741785E7,-3872307.3598829173,-3872307.3598829173,0.0,0.0
535523.8508466571;	0.0,216.0,11357.403946045597,11357.403946045597,-1.551448204879574E7,-1.551448204879574E7,-1.551448204879574E7,-3869475.607052034,-3869475.607052034,0.0,0.0
535615.397907285;	0.0,217.0,33888.945964239494,33888.945964239494,-1.5480593102831503E7,-1.5480593102831503E7,-1.5480593102831503E7,-3861200.7662392682,-3861200.7662392682,0.0,0.0
535678.960978065;	0.0,218.0,33417.828065328315,33417.828065328315,-1.5447175274766175E7,-1.5447175274766175E7,-1.5447175274766175E7,-3852765.795217497,-3852765.795217497,0.0,0.0
535798.8168139061;	0.0,219.0,11090.17291992145,11090.17291992145,-1.5436085101846255E7,-1.5436085101846255E7,-1.5436085101846255E7,-3849934.2429043194,-3849934.2429043194,0.0,0.0
535859.68393386;	0.0,220.0,32709.391149730625,32709.391149730625,-1.5403375710696526E7,-1.5403375710696526E7,-1.5403375710696526E7,-3841637.8378514163,-3841637.8378514163,0.0,0.0
535919.484178092;	0.0,221.0,32613.27085575219,32613.270855752176,-1.5370762439840775E7,-1.5370762439840775E7,-1.5370762439840775E7,-3833363.2831613724,-3833363.2831613724,0.0,0.0
535979.84999794;	0.0,222.0,10719.215578145398,10719.215578145398,-1.5360043224262632E7,-1.5360043224262632E7,-1.5360043224262632E7,-3830749.4279240216,-3830749.4279240216,0.0,0.0
536008.195532612;	0.0,223.0,32096.82926420516,32096.829264205167,-1.5327946394998426E7,-1.5327946394998426E7,-1.5327946394998426E7,-3822879.878912637,-3822879.878912637,0.0,0.0
536071.805224288;	0.0,224.0,32020.407161500116,32020.407161500116,-1.5295925987836923E7,-1.5295925987836923E7,-1.5295925987836923E7,-3814863.592722634,-3814863.592722634,0.0,0.0
536165.27341436;	0.0,225.0,67558.10852974396,67558.10852974396,-1.5228367879307175E7,-1.5228367879307175E7,-1.5228367879307175E7,-3798124.435315038,-3798124.435315038,0.0,0.0
536438.407484476;	0.0,226.0,85003.34980644565,85003.34980644565,-1.5143364529500732E7,-1.514336452950073E7,-1.5143364529500732E7,-3776846.205355661,-3776846.205355661,0.0,0.0
536730.6676871891;	0.0,227.0,31745.86468181976,31745.86468181976,-1.511161866481891E7,-1.511161866481891E7,-1.511161866481891E7,-3768891.4254010217,-3768891.4254010217,0.0,0.0
536790.418481449;	0.0,228.0,31322.066311926013,31322.066311926013,-1.5080296598506993E7,-1.5080296598506993E7,-1.5080296598506993E7,-3760923.5861339527,-3760923.5861339527,0.0,0.0
536850.605305905;	0.0,229.0,30967.92127777134,30967.92127777134,-1.5049328677229222E7,-1.5049328677229222E7,-1.5049328677229222E7,-3753158.2556982897,-3753158.2556982897,0.0,0.0
536909.649159202;	0.0,230.0,30786.044941798762,30786.044941798762,-1.5018542632287422E7,-1.5018542632287422E7,-1.5018542632287422E7,-3745574.451182261,-3745574.451182261,0.0,0.0
536971.546699111;	0.0,231.0,74749.12369417129,74749.12369417129,-1.494379350859325E7,-1.494379350859325E7,-1.494379350859325E7,-3726881.1633111187,-3726881.1633111187,0.0,0.0
537234.237255997;	0.0,232.0,10144.079647601928,10144.079647601928,-1.4933649428945648E7,-1.4933649428945648E7,-1.4933649428945648E7,-3724441.170553956,-3724441.170553956,0.0,0.0
537263.659990511;	0.0,233.0,30267.388968733416,30267.388968733416,-1.4903382039976915E7,-1.4903382039976915E7,-1.4903382039976915E7,-3716752.232606355,-3716752.232606355,0.0,0.0
537375.152060896;	0.0,234.0,10085.645313425419,10085.645313425419,-1.489329639466349E7,-1.489329639466349E7,-1.489329639466349E7,-3714374.536479803,-3714374.536479803,0.0,0.0
537403.396261864;	0.0,235.0,30099.787946345932,30099.787946345932,-1.4863196606717147E7,-1.4863196606717147E7,-1.4863196606717147E7,-3706884.4236884704,-3706884.4236884704,0.0,0.0
537463.7215503501;	0.0,236.0,10028.535456449135,10028.535456449135,-1.4853168071260693E7,-1.4853168071260693E7,-1.4853168071260693E7,-3704265.730843941,-3704265.730843941,0.0,0.0
537492.348863253;	0.0,237.0,78302.35986180985,78302.35986180985,-1.4774865711398887E7,-1.4774865711398887E7,-1.4774865711398887E7,-3684364.7589048194,-3684364.7589048194,0.0,0.0
537756.04203469;	0.0,238.0,72810.56676815587,72810.56676815586,-1.4702055144630728E7,-1.4702055144630728E7,-1.4702055144630728E7,-3666747.7476416356,-3666747.7476416356,0.0,0.0
538167.800865483;	0.0,239.0,9898.779478943488,9898.779478943488,-1.4692156365151785E7,-1.4692156365151785E7,-1.4692156365151785E7,-3664210.9726789775,-3664210.9726789775,0.0,0.0
538196.393877242;	0.0,240.0,9894.564995982983,9894.564995982983,-1.46822618001558E7,-1.46822618001558E7,-1.46822618001558E7,-3661736.596306154,-3661736.596306154,0.0,0.0
538226.3342167661;	0.0,241.0,78986.67799869446,78986.67799869446,-1.4603275122157104E7,-1.4603275122157104E7,-1.4603275122157104E7,-3642266.0296662115,-3642266.0296662115,0.0,0.0
538492.3191216041;	0.0,242.0,29408.97090436123,29408.970904361224,-1.4573866151252741E7,-1.4573866151252741E7,-1.4573866151252741E7,-3635036.771568988,-3635036.771568988,0.0,0.0
538605.9089997701;	0.0,243.0,9779.091789047565,9779.091789047565,-1.4564087059463697E7,-1.4564087059463697E7,-1.4564087059463697E7,-3632567.9609739264,-3632567.9609739264,0.0,0.0
538635.582865278;	0.0,244.0,9692.879189178733,9692.879189178733,-1.4554394180274518E7,-1.4554394180274518E7,-1.4554394180274518E7,-3630206.337758055,-3630206.337758055,0.0,0.0
538666.676247371;	0.0,245.0,28518.134344978746,28518.134344978746,-1.4525876045929538E7,-1.4525876045929538E7,-1.4525876045929538E7,-3622947.525728129,-3622947.525728129,0.0,0.0
538782.5913989691;	0.0,246.0,9478.728002479547,9478.728002479547,-1.451639731792706E7,-1.451639731792706E7,-1.451639731792706E7,-3620602.769160778,-3620602.769160778,0.0,0.0
538811.70784044;	0.0,247.0,28190.873371960173,28190.873371960188,-1.4488206444555102E7,-1.4488206444555102E7,-1.4488206444555102E7,-3613597.3603523355,-3613597.3603523355,0.0,0.0
538870.754504652;	0.0,248.0,68602.0956336598,68602.0956336598,-1.4419604348921442E7,-1.4419604348921442E7,-1.4419604348921442E7,-3596671.919551901,-3596671.919551901,0.0,0.0
539437.38241451;	0.0,249.0,9340.723416131339,9340.723416131339,-1.441026362550531E7,-1.441026362550531E7,-1.441026362550531E7,-3594256.4137171404,-3594256.4137171404,0.0,0.0
539502.306559553;	0.0,250.0,74192.60620934458,74192.60620934458,-1.4336071019295963E7,-1.4336071019295963E7,-1.4336071019295963E7,-3575586.240467593,-3575586.240467593,0.0,0.0
539792.580028685;	0.0,251.0,9239.461834694328,9239.461834694328,-1.4326831557461267E7,-1.4326831557461267E7,-1.4326831557461267E7,-3573249.1637459733,-3573249.1637459733,0.0,0.0
539825.293208244;	0.0,252.0,66498.77066199284,66498.77066199284,-1.4260332786799276E7,-1.4260332786799276E7,-1.4260332786799276E7,-3556544.397417883,-3556544.397417883,0.0,0.0
540894.534777342;	0.0,253.0,16343.611445780007,16343.611445780007,-1.4243989175353495E7,-1.4243989175353495E7,-1.4243989175353495E7,-3552440.7990293177,-3552440.7990293177,0.0,0.0
540969.653545987;	0.0,254.0,17992.595309534747,17992.595309534747,-1.4225996580043962E7,-1.4225996580043962E7,-1.4225996580043962E7,-3547992.323937737,-3547992.323937737,0.0,0.0
541041.955848071;	0.0,255.0,71731.7334471395,71731.73344713953,-1.415426484659682E7,-1.415426484659682E7,-1.415426484659682E7,-3529793.551978263,-3529793.551978263,0.0,0.0
541497.45257389;	0.0,256.0,62420.61606932425,62420.616069324235,-1.4091844230527492E7,-1.4091844230527492E7,-1.4091844230527492E7,-3514183.009400683,-3514183.009400683,0.0,0.0
541972.513831058;	0.0,257.0,26383.989310032804,26383.98931003281,-1.4065460241217457E7,-1.4065460241217457E7,-1.4065460241217457E7,-3507488.524884091,-3507488.524884091,0.0,0.0
542033.8030748031;	0.0,258.0,69539.0369559617,69539.0369559617,-1.3995921204261491E7,-1.3995921204261491E7,-1.3995921204261491E7,-3489820.5532797063,-3489820.5532797063,0.0,0.0
542324.15908974;	0.0,259.0,8535.695339771177,8535.695339771177,-1.398738550892172E7,-1.398738550892172E7,-1.398738550892172E7,-3487686.2542301756,-3487686.2542301756,0.0,0.0
542356.790680755;	0.0,260.0,8434.923799126369,8434.923799126369,-1.3978950585122593E7,-1.3978950585122593E7,-1.3978950585122593E7,-3485531.6244373405,-3485531.6244373405,0.0,0.0
542388.222218447;	0.0,261.0,8301.789648929971,8301.789648929971,-1.3970648795473665E7,-1.3970648795473665E7,-1.3970648795473665E7,-3483316.321247923,-3483316.321247923,0.0,0.0
542421.5688689731;	0.0,262.0,24671.64719003048,24671.64719003048,-1.394597714828364E7,-1.394597714828364E7,-1.394597714828364E7,-3476846.4472551555,-3476846.4472551555,0.0,0.0
542486.9951822921;	0.0,263.0,8212.228033062427,8212.228033062427,-1.3937764920250576E7,-1.3937764920250576E7,-1.3937764920250576E7,-3474789.287966721,-3474789.287966721,0.0,0.0
542521.193679322;	0.0,264.0,24543.733999842778,24543.733999842778,-1.3913221186250731E7,-1.3913221186250731E7,-1.3913221186250731E7,-3468743.418546572,-3468743.418546572,0.0,0.0
542584.471249202;	0.0,265.0,13526.341540641099,13526.341540641099,-1.389969484471009E7,-1.389969484471009E7,-1.389969484471009E7,-3465343.3813043693,-3465343.3813043693,0.0,0.0
542657.379385477;	0.0,266.0,61981.11215858064,61981.112158580654,-1.383771373255151E7,-1.383771373255151E7,-1.383771373255151E7,-3449853.0574073098,-3449853.0574073098,0.0,0.0
542954.72495503;	0.0,267.0,2976.098910253842,2976.098910253842,-1.3834737633641254E7,-1.3834737633641254E7,-1.3834737633641254E7,-3449143.6512446282,-3449143.6512446282,0.0,0.0
542982.662797417;	0.0,268.0,8027.795775056344,8027.795775056344,-1.3826709837866198E7,-1.3826709837866198E7,-1.3826709837866198E7,-3447153.9656629665,-3447153.9656629665,0.0,0.0
543012.1175246771;	0.0,269.0,23866.09396380103,23866.09396380104,-1.3802843743902395E7,-1.3802843743902395E7,-1.3802843743902395E7,-3441253.2790732863,-3441253.2790732863,0.0,0.0
543076.8441965621;	0.0,270.0,7947.281740470902,7947.281740470902,-1.3794896462161925E7,-1.3794896462161925E7,-1.3794896462161925E7,-3439227.29467909,-3439227.29467909,0.0,0.0
543109.6938565121;	0.0,271.0,55547.27926938512,55547.27926938511,-1.3739349182892537E7,-1.3739349182892537E7,-1.3739349182892537E7,-3425540.8613418243,-3425540.8613418243,0.0,0.0
544650.9152991461;	0.0,272.0,5979.479079830421,5979.479079830421,-1.3733369703812707E7,-1.3733369703812707E7,-1.3733369703812707E7,-3424042.7189187612,-3424042.7189187612,0.0,0.0
544684.986799436;	0.0,273.0,23658.93479433672,23658.93479433672,-1.370971076901837E7,-1.370971076901837E7,-1.370971076901837E7,-3418281.5897820718,-3418281.5897820718,0.0,0.0
544755.684733864;	0.0,274.0,20885.885152711206,20885.885152711206,-1.3688824883865662E7,-1.3688824883865662E7,-1.3688824883865662E7,-3413012.7610186283,-3413012.7610186283,0.0,0.0
544882.409627655;	0.0,275.0,23440.880663234944,23440.88066323495,-1.3665384003202423E7,-1.3665384003202423E7,-1.3665384003202423E7,-3407190.736240588,-3407190.736240588,0.0,0.0
544949.4706510401;	0.0,276.0,7812.092452746725,7812.092452746725,-1.3657571910749676E7,-1.3657571910749676E7,-1.3657571910749676E7,-3405072.8729361733,-3405072.8729361733,0.0,0.0
544980.094984783;	0.0,277.0,5158.571307511907,5158.571307511907,-1.3652413339442164E7,-1.3652413339442164E7,-1.3652413339442164E7,-3403800.863785038,-3403800.863785038,0.0,0.0
545017.28554482;	0.0,278.0,61017.748020647894,61017.74802064788,-1.3591395591421517E7,-1.3591395591421517E7,-1.3591395591421517E7,-3388232.717342975,-3388232.717342975,0.0,0.0
545519.957031829;	0.0,279.0,3522.193831099343,3522.193831099343,-1.3587873397590417E7,-1.3587873397590417E7,-1.3587873397590417E7,-3387373.623032458,-3387373.623032458,0.0,0.0
545548.3325871701;	0.0,280.0,60379.14791508488,60379.14791508488,-1.3527494249675333E7,-1.3527494249675333E7,-1.3527494249675333E7,-3371972.736945538,-3371972.736945538,0.0,0.0
545994.8359129421;	0.0,281.0,20034.166930640764,20034.166930640757,-1.3507460082744697E7,-1.3507460082744697E7,-1.3507460082744697E7,-3367041.5428688996,-3367041.5428688996,0.0,0.0
546057.473739673;	0.0,282.0,7509.386781468696,7509.386781468696,-1.3499950695963232E7,-1.3499950695963232E7,-1.3499950695963232E7,-3365124.918318892,-3365124.918318892,0.0,0.0
546089.5683780371;	0.0,283.0,4968.414448115183,4968.414448115183,-1.3494982281515118E7,-1.3494982281515118E7,-1.3494982281515118E7,-3363852.8006256777,-3363852.8006256777,0.0,0.0
546376.379413452;	0.0,284.0,31634.62907832855,31634.62907832856,-1.346334765243679E7,-1.346334765243679E7,-1.346334765243679E7,-3355776.0992170866,-3355776.0992170866,0.0,0.0
547297.762135964;	0.0,285.0,21793.08134206524,21793.08134206524,-1.3441554571094725E7,-1.3441554571094725E7,-1.3441554571094725E7,-3350229.363364962,-3350229.363364962,0.0,0.0
547363.295883386;	0.0,286.0,57291.09352358604,57291.09352358602,-1.338426347757114E7,-1.338426347757114E7,-1.338426347757114E7,-3336033.940060004,-3336033.940060004,0.0,0.0
547639.491938262;	0.0,287.0,3017.343644205367,3017.343644205367,-1.3381246133926934E7,-1.3381246133926934E7,-1.3381246133926934E7,-3335304.252570448,-3335304.252570448,0.0,0.0
547666.066156385;	0.0,288.0,2742.218560569998,2742.218560569998,-1.3378503915366367E7,-1.3378503915366367E7,-1.3378503915366367E7,-3334638.7542245705,-3334638.7542245705,0.0,0.0
547692.2520234201;	0.0,289.0,4733.087606600944,4733.087606600944,-1.3373770827759763E7,-1.3373770827759763E7,-1.3373770827759763E7,-3333441.0927838623,-3333441.0927838623,0.0,0.0
547719.465270007;	0.0,290.0,4726.996016406497,4726.996016406497,-1.3369043831743356E7,-1.3369043831743356E7,-1.3369043831743356E7,-3332309.7713181293,-3332309.7713181293,0.0,0.0
547748.6491068171;	0.0,291.0,51371.273576645355,51371.27357664534,-1.3317672558166709E7,-1.3317672558166709E7,-1.3317672558166709E7,-3319411.3208646495,-3319411.3208646495,0.0,0.0
548342.6675917901;	0.0,292.0,4653.470815577737,4653.470815577737,-1.331301908735113E7,-1.331301908735113E7,-1.331301908735113E7,-3318178.4346786453,-3318178.4346786453,0.0,0.0
548372.994298586;	0.0,293.0,54652.497329398655,54652.497329398655,-1.325836659002173E7,-1.325836659002173E7,-1.325836659002173E7,-3304751.3996839784,-3304751.3996839784,0.0,0.0
548681.091038482;	0.0,294.0,17618.15153853302,17618.15153853302,-1.3240748438483195E7,-1.3240748438483195E7,-1.3240748438483195E7,-3300306.5104706106,-3300306.5104706106,0.0,0.0
548744.790795795;	0.0,295.0,19298.19976983606,19298.199769836054,-1.322145023871336E7,-1.322145023871336E7,-1.322145023871336E7,-3295589.759055756,-3295589.759055756,0.0,0.0
548849.714705509;	0.0,296.0,44965.88907713645,44965.88907713644,-1.317648434963623E7,-1.317648434963623E7,-1.317648434963623E7,-3284172.322757895,-3284172.322757895,0.0,0.0
549179.343508381;	0.0,297.0,5751.08010356627,5751.08010356627,-1.3170733269532664E7,-1.3170733269532664E7,-1.3170733269532664E7,-3282805.0950693353,-3282805.0950693353,0.0,0.0
549212.4386973691;	0.0,298.0,4263.144283990263,4263.144283990263,-1.3166470125248674E7,-1.3166470125248674E7,-1.3166470125248674E7,-3281776.612117688,-3281776.612117688,0.0,0.0
549246.6881946131;	0.0,299.0,46451.958936781884,46451.95893678187,-1.3120018166311901E7,-1.3120018166311901E7,-1.3120018166311901E7,-3270137.2962310174,-3270137.2962310174,0.0,0.0
550020.271486443;	0.0,300.0,6404.23589879944,6404.23589879944,-1.31136139304131E7,-1.31136139304131E7,-1.31136139304131E7,-3268587.4951017895,-3268587.4951017895,0.0,0.0
550482.032946068;	0.0,301.0,4292.475461213615,4292.475461213615,-1.310932145495189E7,-1.310932145495189E7,-1.310932145495189E7,-3267563.9871511376,-3267563.9871511376,0.0,0.0
550520.663251206;	0.0,302.0,50574.43004349963,50574.43004349962,-1.3058747024908392E7,-1.3058747024908392E7,-1.3058747024908392E7,-3254978.6330238353,-3254978.6330238353,0.0,0.0
550803.3453301761;	0.0,303.0,2106.5800513659324,2106.5800513659324,-1.3056640444857026E7,-1.3056640444857026E7,-1.3056640444857026E7,-3254483.2050623344,-3254483.2050623344,0.0,0.0
550827.074442052;	0.0,304.0,4192.796747904282,4192.796747904282,-1.3052447648109121E7,-1.3052447648109121E7,-1.3052447648109121E7,-3253433.550242951,-3253433.550242951,0.0,0.0
550859.415781173;	0.0,305.0,4182.641059356856,4182.641059356856,-1.3048265007049762E7,-1.3048265007049762E7,-1.3048265007049762E7,-3252384.3835955034,-3252384.3835955034,0.0,0.0
551152.180964599;	0.0,306.0,4161.400442268592,4161.400442268592,-1.3044103606607493E7,-1.3044103606607493E7,-1.3044103606607493E7,-3251373.3202862195,-3251373.3202862195,0.0,0.0
551175.9889579341;	0.0,307.0,6232.549558856135,6232.549558856135,-1.3037871057048637E7,-1.3037871057048637E7,-1.3037871057048637E7,-3249834.123998254,-3249834.123998254,0.0,0.0
551205.04870087;	0.0,308.0,4124.776313328017,4124.776313328017,-1.3033746280735308E7,-1.3033746280735308E7,-1.3033746280735308E7,-3248797.5631674407,-3248797.5631674407,0.0,0.0
551234.552466252;	0.0,309.0,4115.855180421877,4115.855180421877,-1.3029630425554886E7,-1.3029630425554886E7,-1.3029630425554886E7,-3247850.4140928388,-3247850.4140928388,0.0,0.0
551293.075101981;	0.0,310.0,6119.581611463473,6119.581611463473,-1.3023510843943426E7,-1.3023510843943426E7,-1.3023510843943426E7,-3246328.5708763464,-3246328.5708763464,0.0,0.0
551323.6409524541;	0.0,311.0,16259.69208909769,16259.692089097698,-1.3007251151854327E7,-1.3007251151854327E7,-1.3007251151854327E7,-3242257.7402712735,-3242257.7402712735,0.0,0.0
551385.4312199941;	0.0,312.0,44188.05565155067,44188.05565155067,-1.2963063096202774E7,-1.2963063096202774E7,-1.2963063096202774E7,-3231451.0814836747,-3231451.0814836747,0.0,0.0
551674.386613101;	0.0,313.0,3989.078571618258,3989.078571618258,-1.2959074017631155E7,-1.2959074017631155E7,-1.2959074017631155E7,-3230456.51285877,-3230456.51285877,0.0,0.0
551703.332628667;	0.0,314.0,17862.415095047556,17862.415095047556,-1.2941211602536105E7,-1.2941211602536105E7,-1.2941211602536105E7,-3225821.5703647723,-3225821.5703647723,0.0,0.0
551760.818134584;	0.0,315.0,3951.6148253680167,3951.6148253680167,-1.2937259987710737E7,-1.2937259987710737E7,-1.2937259987710737E7,-3224799.559404263,-3224799.559404263,0.0,0.0
551789.6143824151;	0.0,316.0,3932.0912588624797,3932.0912588624797,-1.2933327896451876E7,-1.2933327896451876E7,-1.2933327896451876E7,-3223786.323333393,-3223786.323333393,0.0,0.0
551817.325290321;	0.0,317.0,15501.340433530473,15501.340433530466,-1.2917826556018345E7,-1.2917826556018345E7,-1.2917826556018345E7,-3220017.1568713523,-3220017.1568713523,0.0,0.0
551873.509822014;	0.0,318.0,15446.380681306211,15446.380681306211,-1.290238017533704E7,-1.290238017533704E7,-1.290238017533704E7,-3216226.81939854,-3216226.81939854,0.0,0.0
551930.585399974;	0.0,319.0,9589.698525491605,9589.698525491605,-1.2892790476811549E7,-1.2892790476811549E7,-1.2892790476811549E7,-3213850.816653869,-3213850.816653869,0.0,0.0
552967.932855787;	0.0,320.0,3801.570962952176,3801.570962952176,-1.2888988905848598E7,-1.2888988905848598E7,-1.2888988905848598E7,-3212929.3717331914,-3212929.3717331914,0.0,0.0
553001.617856303;	0.0,321.0,17094.829125271095,17094.829125271095,-1.2871894076723328E7,-1.2871894076723328E7,-1.2871894076723328E7,-3208730.041409064,-3208730.041409064,0.0,0.0
553065.440836229;	0.0,322.0,3762.6146917113747,3762.6146917113747,-1.2868131462031616E7,-1.2868131462031616E7,-1.2868131462031616E7,-3207697.04336703,-3207697.04336703,0.0,0.0
553097.2092304201;	0.0,323.0,15037.996406485578,15037.99640648557,-1.2853093465625132E7,-1.2853093465625132E7,-1.2853093465625132E7,-3203862.384920392,-3203862.384920392,0.0,0.0
553157.906771744;	0.0,324.0,16643.819323216405,16643.819323216412,-1.2836449646301916E7,-1.2836449646301916E7,-1.2836449646301916E7,-3199842.024532762,-3199842.024532762,0.0,0.0
553280.453958658;	0.0,325.0,14695.904750699832,14695.904750699832,-1.2821753741551215E7,-1.2821753741551215E7,-1.2821753741551215E7,-3196195.7511342624,-3196195.7511342624,0.0,0.0
553345.542271612;	0.0,326.0,3629.3516850621145,3629.3516850621145,-1.2818124389866153E7,-1.2818124389866153E7,-1.2818124389866153E7,-3195270.601695032,-3195270.601695032,0.0,0.0
553386.544815478;	0.0,327.0,54304.80824353645,54304.80824353646,-1.2763819581622612E7,-1.2763819581622612E7,-1.2763819581622612E7,-3181863.7544397074,-3181863.7544397074,0.0,0.0
554041.430355062;	0.0,328.0,1803.5270927439306,1803.5270927439306,-1.2762016054529868E7,-1.2762016054529868E7,-1.2762016054529868E7,-3181440.839736762,-3181440.839736762,0.0,0.0
554065.481727005;	0.0,329.0,3576.955751310885,3576.955751310885,-1.2758439098778559E7,-1.2758439098778559E7,-1.2758439098778559E7,-3180530.132591032,-3180530.132591032,0.0,0.0
554092.375633622;	0.0,330.0,3543.9218713185346,3543.9218713185346,-1.2754895176907241E7,-1.2754895176907241E7,-1.2754895176907241E7,-3179686.0417906423,-3179686.0417906423,0.0,0.0
554123.237920929;	0.0,331.0,3490.583976864764,3490.583976864764,-1.2751404592930375E7,-1.2751404592930375E7,-1.2751404592930375E7,-3178824.030779508,-3178824.030779508,0.0,0.0
554155.804760423;	0.0,332.0,3445.4327266284527,3445.4327266284527,-1.2747959160203746E7,-1.2747959160203746E7,-1.2747959160203746E7,-3177958.2721935236,-3177958.2721935236,0.0,0.0
554185.005710124;	0.0,333.0,13672.043839296006,13672.043839295999,-1.273428711636445E7,-1.273428711636445E7,-1.273428711636445E7,-3174586.7229345986,-3174586.7229345986,0.0,0.0
554247.210890991;	0.0,334.0,14949.446364081654,14949.446364081654,-1.2719337670000372E7,-1.2719337670000372E7,-1.2719337670000372E7,-3170739.6405186034,-3170739.6405186034,0.0,0.0
554318.06902394;	0.0,335.0,36308.86769355873,36308.86769355873,-1.268302880230681E7,-1.268302880230681E7,-1.268302880230681E7,-3161791.0787821854,-3161791.0787821854,0.0,0.0
554623.754058853;	0.0,336.0,3072.7564989993743,3072.7564989993743,-1.267995604580781E7,-1.267995604580781E7,-1.267995604580781E7,-3161058.030465556,-3161058.030465556,0.0,0.0
554653.830597258;	0.0,337.0,2647.2071223902294,2647.2071223902294,-1.2677308838685421E7,-1.2677308838685421E7,-1.2677308838685421E7,-3160356.2887602504,-3160356.2887602504,0.0,0.0
554684.1105516971;	0.0,338.0,3279.465117316531,3279.465117316531,-1.2674029373568103E7,-1.2674029373568103E7,-1.2674029373568103E7,-3159578.1467321934,-3159578.1467321934,0.0,0.0
554708.7391158061;	0.0,339.0,3259.74439028085,3259.74439028085,-1.2670769629177824E7,-1.2670769629177824E7,-1.2670769629177824E7,-3158801.7776312786,-3158801.7776312786,0.0,0.0
554748.5266116831;	0.0,340.0,35512.213659885536,35512.21365988552,-1.2635257415517937E7,-1.2635257415517937E7,-1.2635257415517937E7,-3150129.5574334785,-3150129.5574334785,0.0,0.0
555057.275155241;	0.0,341.0,4736.192808066868,4736.192808066868,-1.2630521222709868E7,-1.2630521222709868E7,-1.2630521222709868E7,-3148874.1766272443,-3148874.1766272443,0.0,0.0
555089.493579997;	0.0,342.0,3153.7378361402843,3153.7378361402843,-1.2627367484873727E7,-1.2627367484873727E7,-1.2627367484873727E7,-3148022.386596741,-3148022.386596741,0.0,0.0
555116.7968065321;	0.0,343.0,14070.291037595633,14070.291037595633,-1.2613297193836134E7,-1.2613297193836134E7,-1.2613297193836134E7,-3144463.973479526,-3144463.973479526,0.0,0.0
555177.5628953021;	0.0,344.0,4589.642211246177,4589.642211246177,-1.2608707551624887E7,-1.2608707551624887E7,-1.2608707551624887E7,-3143344.541652101,-3143344.541652101,0.0,0.0
555241.005406916;	0.0,345.0,13444.599437897139,13444.599437897143,-1.2595262952186987E7,-1.2595262952186987E7,-1.2595262952186987E7,-3139932.029152805,-3139932.029152805,0.0,0.0
555316.025380335;	0.0,346.0,32638.767088945708,32638.767088945708,-1.2562624185098045E7,-1.2562624185098045E7,-1.2562624185098045E7,-3131797.6199803012,-3131797.6199803012,0.0,0.0
555610.339667052;	0.0,347.0,13334.521427417056,13334.521427417056,-1.2549289663670626E7,-1.2549289663670626E7,-1.2549289663670626E7,-3128579.395413621,-3128579.395413621,0.0,0.0
555712.442250282;	0.0,348.0,1478.0920984742957,1478.0920984742957,-1.2547811571572151E7,-1.2547811571572151E7,-1.2547811571572151E7,-3128214.3039241834,-3128214.3039241834,0.0,0.0
555743.69181378;	0.0,349.0,4393.59276023293,4393.59276023293,-1.254341797881192E7,-1.254341797881192E7,-1.254341797881192E7,-3127143.281416255,-3127143.281416255,0.0,0.0
555806.373464486;	0.0,350.0,44972.94786836952,44972.94786836952,-1.249844503094355E7,-1.249844503094355E7,-1.249844503094355E7,-3115888.738658718,-3115888.738658718,0.0,0.0
557310.291692596;	0.0,351.0,9140.579773731857,9140.579773731857,-1.2489304451169815E7,-1.2489304451169815E7,-1.2489304451169815E7,-3113620.158942891,-3113620.158942891,0.0,0.0
557466.337421529;	0.0,352.0,1449.6109701493324,1449.6109701493324,-1.2487854840199664E7,-1.2487854840199664E7,-1.2487854840199664E7,-3113259.4368212027,-3113259.4368212027,0.0,0.0
557488.795222291;	0.0,353.0,7192.741333549607,7192.741333549607,-1.2480662098866116E7,-1.2480662098866116E7,-1.2480662098866116E7,-3111536.192085391,-3111536.192085391,0.0,0.0
558536.6193391191;	0.0,354.0,8585.328182564379,8585.328182564375,-1.247207677068355E7,-1.247207677068355E7,-1.247207677068355E7,-3109350.599429153,-3109350.599429153,0.0,0.0
558598.8189950921;	0.0,355.0,4274.326998549788,4274.326998549788,-1.2467802443685003E7,-1.2467802443685003E7,-1.2467802443685003E7,-3108345.9700218164,-3108345.9700218164,0.0,0.0
558633.0289293381;	0.0,356.0,4256.164434637081,4256.164434637081,-1.2463546279250365E7,-1.2463546279250365E7,-1.2463546279250365E7,-3107308.8699147236,-3107308.8699147236,0.0,0.0
558684.4443938581;	0.0,357.0,18330.177015477326,18330.177015477326,-1.2445216102234889E7,-1.2445216102234889E7,-1.2445216102234889E7,-3102667.1074777516,-3102667.1074777516,0.0,0.0
559225.175345915;	0.0,358.0,2816.9515906917313,2816.9515906917313,-1.2442399150644198E7,-1.2442399150644198E7,-1.2442399150644198E7,-3101941.3514107578,-3101941.3514107578,0.0,0.0
559282.1613204711;	0.0,359.0,2750.7729107381056,2750.7729107381056,-1.2439648377733462E7,-1.2439648377733462E7,-1.2439648377733462E7,-3101281.461845079,-3101281.461845079,0.0,0.0
559309.4294042301;	0.0,360.0,2750.4176180988998,2750.4176180988998,-1.2436897960115362E7,-1.2436897960115362E7,-1.2436897960115362E7,-3100632.1017033914,-3100632.1017033914,0.0,0.0
559336.187212676;	0.0,361.0,1365.1885773224203,1365.1885773224203,-1.2435532771538034E7,-1.2435532771538034E7,-1.2435532771538034E7,-3100299.672666601,-3100299.672666601,0.0,0.0
559363.070347559;	0.0,362.0,10767.159901841216,10767.159901841216,-1.2424765611636195E7,-1.2424765611636195E7,-1.2424765611636195E7,-3097612.9806213137,-3097612.9806213137,0.0,0.0
559426.065725484;	0.0,363.0,2685.1188704047718,2685.1188704047718,-1.2422080492765792E7,-1.2422080492765792E7,-1.2422080492765792E7,-3096970.045449773,-3096970.045449773,0.0,0.0
559451.470921074;	0.0,364.0,2650.787897072313,2650.787897072313,-1.2419429704868723E7,-1.2419429704868723E7,-1.2419429704868723E7,-3096248.0718470025,-3096248.0718470025,0.0,0.0
559482.260743133;	0.0,365.0,2645.301449884939,2645.301449884939,-1.2416784403418835E7,-1.2416784403418835E7,-1.2416784403418835E7,-3095606.32414722,-3095606.32414722,0.0,0.0
559508.6812189991;	0.0,366.0,2597.986148517002,2597.986148517002,-1.2414186417270318E7,-1.2414186417270318E7,-1.2414186417270318E7,-3094906.1542384177,-3094906.1542384177,0.0,0.0
559536.788257012;	0.0,367.0,2573.4819898681853,2573.4819898681853,-1.2411612935280446E7,-1.2411612935280446E7,-1.2411612935280446E7,-3094262.59075687,-3094262.59075687,0.0,0.0
559583.453843502;	0.0,368.0,3838.212919362217,3838.212919362217,-1.2407774722361088E7,-1.2407774722361088E7,-1.2407774722361088E7,-3093361.0034710066,-3093361.0034710066,0.0,0.0
559612.47786091;	0.0,369.0,2558.0468382405015,2558.0468382405015,-1.2405216675522849E7,-1.2405216675522849E7,-1.2405216675522849E7,-3092761.6856905073,-3092761.6856905073,0.0,0.0
559638.5974326871;	0.0,370.0,2554.189406991377,2554.189406991377,-1.2402662486115858E7,-1.2402662486115858E7,-1.2402662486115858E7,-3092234.4675996983,-3092234.4675996983,0.0,0.0
559666.3078644411;	0.0,371.0,2541.4085901788967,2541.4085901788967,-1.2400121077525679E7,-1.2400121077525679E7,-1.2400121077525679E7,-3091660.568634491,-3091660.568634491,0.0,0.0
559691.7395621741;	0.0,372.0,11431.289296996076,11431.289296996076,-1.2388689788228683E7,-1.2388689788228683E7,-1.2388689788228683E7,-3088797.356743712,-3088797.356743712,0.0,0.0
559760.030658795;	0.0,373.0,2520.5437460544854,2520.5437460544854,-1.2386169244482629E7,-1.2386169244482629E7,-1.2386169244482629E7,-3088229.358802192,-3088229.358802192,0.0,0.0
559789.72967608;	0.0,374.0,7547.872288044022,7547.872288044022,-1.237862137219458E7,-1.237862137219458E7,-1.237862137219458E7,-3086329.2775815213,-3086329.2775815213,0.0,0.0
559849.797636399;	0.0,375.0,7538.65306808435,7538.653068084346,-1.23710827191265E7,-1.23710827191265E7,-1.23710827191265E7,-3084375.102226535,-3084375.102226535,0.0,0.0
559916.159188317;	0.0,376.0,2502.438287723766,2502.438287723766,-1.2368580280838776E7,-1.2368580280838776E7,-1.2368580280838776E7,-3083808.1705255797,-3083808.1705255797,0.0,0.0
559948.778648226;	0.0,377.0,32158.141941006448,32158.141941006448,-1.2336422138897773E7,-1.2336422138897773E7,-1.2336422138897773E7,-3075668.4190885327,-3075668.4190885327,0.0,0.0
560244.709514162;	0.0,378.0,4540.97186058479,4540.97186058479,-1.2331881167037189E7,-1.2331881167037189E7,-1.2331881167037189E7,-3074538.6864803694,-3074538.6864803694,0.0,0.0
560272.853844027;	0.0,379.0,1456.933451640447,1456.933451640447,-1.2330424233585548E7,-1.2330424233585548E7,-1.2330424233585548E7,-3074149.162046732,-3074149.162046732,0.0,0.0
560300.801956389;	0.0,380.0,2765.825977528739,2765.825977528739,-1.2327658407608021E7,-1.2327658407608021E7,-1.2327658407608021E7,-3073501.080526704,-3073501.080526704,0.0,0.0
560539.523831991;	0.0,381.0,4934.817533344178,4934.817533344178,-1.2322723590074677E7,-1.2322723590074677E7,-1.2322723590074677E7,-3072270.945810037,-3072270.945810037,0.0,0.0
560598.288895773;	0.0,382.0,3693.6531229425073,3693.6531229425073,-1.2319029936951734E7,-1.2319029936951734E7,-1.2319029936951734E7,-3071375.8180947737,-3071375.8180947737,0.0,0.0
560633.200803451;	0.0,383.0,30626.26811153545,30626.268111535464,-1.2288403668840196E7,-1.2288403668840196E7,-1.2288403668840196E7,-3063715.203597616,-3063715.203597616,0.0,0.0
561014.5110809801;	0.0,384.0,25053.25161312036,25053.251613120356,-1.2263350417227078E7,-1.2263350417227078E7,-1.2263350417227078E7,-3057036.542682362,-3057036.542682362,0.0,0.0
561318.4983708351;	0.0,385.0,3355.9665125340216,3355.9665125340216,-1.2259994450714543E7,-1.2259994450714543E7,-1.2259994450714543E7,-3056191.721666964,-3056191.721666964,0.0,0.0
561340.771187544;	0.0,386.0,2851.019047176909,2851.019047176909,-1.2257143431667365E7,-1.2257143431667365E7,-1.2257143431667365E7,-3055461.9258449394,-3055461.9258449394,0.0,0.0
561366.9169135151;	0.0,387.0,1185.6042877173359,1185.6042877173359,-1.2255957827379644E7,-1.2255957827379644E7,-1.2255957827379644E7,-3055166.611841109,-3055166.611841109,0.0,0.0
561411.468459524;	0.0,388.0,7102.474209294311,7102.474209294311,-1.224885535317035E7,-1.224885535317035E7,-1.224885535317035E7,-3053372.4735312616,-3053372.4735312616,0.0,0.0
561474.934146709;	0.0,389.0,2353.434334912109,2353.434334912109,-1.2246501918835439E7,-1.2246501918835439E7,-1.2246501918835439E7,-3052723.886315721,-3052723.886315721,0.0,0.0
561495.012343887;	0.0,390.0,3461.28713461851,3461.28713461851,-1.2243040631700821E7,-1.2243040631700821E7,-1.2243040631700821E7,-3051861.58897382,-3051861.58897382,0.0,0.0
561558.633826909;	0.0,391.0,6883.879407092192,6883.879407092196,-1.2236156752293728E7,-1.2236156752293728E7,-1.2236156752293728E7,-3050228.7557227295,-3050228.7557227295,0.0,0.0
561617.998689058;	0.0,392.0,2273.9110699120974,2273.9110699120974,-1.2233882841223817E7,-1.2233882841223817E7,-1.2233882841223817E7,-3049624.904411309,-3049624.904411309,0.0,0.0
561650.576793932;	0.0,393.0,1126.0764004583252,1126.0764004583252,-1.2232756764823359E7,-1.2232756764823359E7,-1.2232756764823359E7,-3049380.3538370966,-3049380.3538370966,0.0,0.0
561675.1111812771;	0.0,394.0,8937.50854417726,8937.508544177264,-1.2223819256279182E7,-1.2223819256279182E7,-1.2223819256279182E7,-3047129.268000048,-3047129.268000048,0.0,0.0
561740.708558173;	0.0,395.0,6650.722450049732,6650.722450049732,-1.2217168533829134E7,-1.2217168533829134E7,-1.2217168533829134E7,-3045466.8806859357,-3045466.8806859357,0.0,0.0
561795.194694397;	0.0,396.0,1092.802963443895,1092.802963443895,-1.221607573086569E7,-1.221607573086569E7,-1.221607573086569E7,-3045228.2697515334,-3045228.2697515334,0.0,0.0
561823.7672294921;	0.0,397.0,2183.6492656745922,2183.6492656745922,-1.2213892081600014E7,-1.2213892081600014E7,-1.2213892081600014E7,-3044650.8684286815,-3044650.8684286815,0.0,0.0
561848.300369284;	0.0,398.0,2167.173064388169,2167.173064388169,-1.2211724908535626E7,-1.2211724908535626E7,-1.2211724908535626E7,-3044108.1133702383,-3044108.1133702383,0.0,0.0
561877.244955796;	0.0,399.0,2156.3705002659726,2156.3705002659726,-1.220956853803536E7,-1.220956853803536E7,-1.220956853803536E7,-3043597.0150504615,-3043597.0150504615,0.0,0.0
561920.920499268;	0.0,400.0,1070.5943928500346,1070.5943928500346,-1.2208497943642508E7,-1.2208497943642508E7,-1.2208497943642508E7,-3043300.59139559,-3043300.59139559,0.0,0.0
561952.585319921;	0.0,401.0,22421.200864606097,22421.200864606093,-1.2186076742777903E7,-1.2186076742777903E7,-1.2186076742777903E7,-3037421.857977042,-3037421.857977042,0.0,0.0
562379.6839646001;	0.0,402.0,4831.051933739978,4831.051933739978,-1.2181245690844163E7,-1.2181245690844163E7,-1.2181245690844163E7,-3036241.8298730045,-3036241.8298730045,0.0,0.0
562402.9775064221;	0.0,403.0,3733.3643075370474,3733.3643075370474,-1.2177512326536626E7,-1.2177512326536626E7,-1.2177512326536626E7,-3035257.4691431494,-3035257.4691431494,0.0,0.0
562437.571041992;	0.0,404.0,3451.468120936961,3451.468120936961,-1.217406085841569E7,-1.217406085841569E7,-1.217406085841569E7,-3034421.159634371,-3034421.159634371,0.0,0.0
562464.0173087061;	0.0,405.0,2205.478739840306,2205.478739840306,-1.2171855379675847E7,-1.2171855379675847E7,-1.2171855379675847E7,-3033874.0257480377,-3033874.0257480377,0.0,0.0
562496.936476714;	0.0,406.0,6286.915189330748,6286.915189330748,-1.2165568464486513E7,-1.2165568464486513E7,-1.2165568464486513E7,-3032363.6846324364,-3032363.6846324364,0.0,0.0
562550.464511544;	0.0,407.0,5230.004480492833,5230.004480492833,-1.2160338460006025E7,-1.2160338460006025E7,-1.2160338460006025E7,-3031123.3557852344,-3031123.3557852344,0.0,0.0
562577.423711541;	0.0,408.0,6230.337773417192,6230.33777341719,-1.2154108122232605E7,-1.2154108122232605E7,-1.2154108122232605E7,-3029571.742752387,-3029571.742752387,0.0,0.0
562633.332415424;	0.0,409.0,2042.8407777833281,2042.8407777833281,-1.2152065281454824E7,-1.2152065281454824E7,-1.2152065281454824E7,-3029121.506883522,-3029121.506883522,0.0,0.0
562659.632641903;	0.0,410.0,5077.1235181555185,5077.1235181555185,-1.214698815793667E7,-1.214698815793667E7,-1.214698815793667E7,-3027835.0833449056,-3027835.0833449056,0.0,0.0
562728.852599869;	0.0,411.0,2021.0946155442307,2021.0946155442307,-1.2144967063321125E7,-1.2144967063321125E7,-1.2144967063321125E7,-3027353.7784364815,-3027353.7784364815,0.0,0.0
562756.5187142871;	0.0,412.0,2007.733913753339,2007.733913753339,-1.214295932940737E7,-1.214295932940737E7,-1.214295932940737E7,-3026870.1936824895,-3026870.1936824895,0.0,0.0
562778.9054137181;	0.0,413.0,3007.1312183076225,3007.1312183076225,-1.2139952198189067E7,-1.2139952198189067E7,-1.2139952198189067E7,-3026046.325771009,-3026046.325771009,0.0,0.0
562848.505727518;	0.0,414.0,6009.486869606815,6009.4868696068115,-1.213394271131946E7,-1.213394271131946E7,-1.213394271131946E7,-3024573.5216576345,-3024573.5216576345,0.0,0.0
562910.2835403391;	0.0,415.0,31936.27042080999,31936.27042080999,-1.2102006440898655E7,-1.2102006440898655E7,-1.2102006440898655E7,-3016740.6191714937,-3016740.6191714937,0.0,0.0
563518.548463139;	0.0,416.0,7113.254991504916,7113.254991504916,-1.209489318590715E7,-1.209489318590715E7,-1.209489318590715E7,-3014946.7677708482,-3014946.7677708482,0.0,0.0
563589.941444727;	0.0,417.0,8989.058362210384,8989.058362210384,-1.2085904127544938E7,-1.2085904127544938E7,-1.2085904127544938E7,-3012631.4163409765,-3012631.4163409765,0.0,0.0
563663.639863264;	0.0,418.0,1979.8472230871466,1979.8472230871466,-1.208392428032185E7,-1.208392428032185E7,-1.208392428032185E7,-3012128.049685017,-3012128.049685017,0.0,0.0
563704.49307601;	0.0,419.0,1952.2285383188228,1952.2285383188228,-1.2081972051783534E7,-1.2081972051783534E7,-1.2081972051783534E7,-3011619.455085657,-3011619.455085657,0.0,0.0
563735.791777987;	0.0,420.0,2910.9389123529,2910.9389123529,-1.207906111287118E7,-1.207906111287118E7,-1.207906111287118E7,-3010971.5407239264,-3010971.5407239264,0.0,0.0
563769.328511512;	0.0,421.0,22184.01772146921,22184.01772146921,-1.2056877095149709E7,-1.2056877095149709E7,-1.2056877095149709E7,-3005503.9400970982,-3005503.9400970982,0.0,0.0
566340.344464971;	0.0,422.0,2887.5344669502338,2887.5344669502338,-1.2053989560682757E7,-1.2053989560682757E7,-1.2053989560682757E7,-3004811.703078887,-3004811.703078887,0.0,0.0
566378.941343405;	0.0,423.0,1919.9214784796277,1919.9214784796277,-1.2052069639204277E7,-1.2052069639204277E7,-1.2052069639204277E7,-3004369.3723554886,-3004369.3723554886,0.0,0.0
566452.29777953;	0.0,424.0,24924.296164544518,24924.296164544518,-1.202714534303973E7,-1.202714534303973E7,-1.202714534303973E7,-2998259.5490858313,-2998259.5490858313,0.0,0.0
568594.5344404461;	0.0,425.0,24919.125078436817,24919.12507843681,-1.2002226217961287E7,-1.2002226217961287E7,-1.2002226217961287E7,-2992240.8165494776,-2992240.8165494776,0.0,0.0
568894.206629107;	0.0,426.0,3930.7901341397464,3930.7901341397464,-1.1998295427827148E7,-1.1998295427827148E7,-1.1998295427827148E7,-2991301.1729920404,-2991301.1729920404,0.0,0.0
568927.332970808;	0.0,427.0,9541.296371216598,9541.296371216597,-1.198875413145593E7,-1.198875413145593E7,-1.198875413145593E7,-2988903.5112843593,-2988903.5112843593,0.0,0.0
569056.826902766;	0.0,428.0,1901.7049491579492,1901.7049491579492,-1.1986852426506775E7,-1.1986852426506775E7,-1.1986852426506775E7,-2988443.916689481,-2988443.916689481,0.0,0.0
569097.1594860071;	0.0,429.0,2843.754280557847,2843.754280557847,-1.1984008672226219E7,-1.1984008672226219E7,-1.1984008672226219E7,-2987647.55698159,-2987647.55698159,0.0,0.0
569125.9588236781;	0.0,430.0,1892.6140986596092,1892.6140986596092,-1.1982116058127562E7,-1.1982116058127562E7,-1.1982116058127562E7,-2987157.6427075216,-2987157.6427075216,0.0,0.0
569158.647530747;	0.0,431.0,14171.652906476615,14171.652906476615,-1.196794440522108E7,-1.196794440522108E7,-1.196794440522108E7,-2983600.3638445684,-2983600.3638445684,0.0,0.0
572472.370182861;	0.0,432.0,1888.906460263779,1888.906460263779,-1.1966055498760818E7,-1.1966055498760818E7,-1.1966055498760818E7,-2983252.928439814,-2983252.928439814,0.0,0.0
572498.667679508;	0.0,433.0,2818.9991234877634,2818.9991234877634,-1.196323649963733E7,-1.196323649963733E7,-1.196323649963733E7,-2982597.6108296155,-2982597.6108296155,0.0,0.0
572537.3347624791;	0.0,434.0,2789.7988080151717,2789.7988080151717,-1.1960446700829318E7,-1.1960446700829318E7,-1.1960446700829318E7,-2981863.444257588,-2981863.444257588,0.0,0.0
572580.642571605;	0.0,435.0,21314.909942166465,21314.909942166465,-1.1939131790887153E7,-1.1939131790887153E7,-1.1939131790887153E7,-2976494.927002755,-2976494.927002755,0.0,0.0
576621.752673383;	0.0,436.0,8317.504147279531,8317.504147279531,-1.1930814286739869E7,-1.1930814286739869E7,-1.1930814286739869E7,-2974436.0389493066,-2974436.0389493066,0.0,0.0
576727.582254835;	0.0,437.0,5491.281895270324,5491.281895270327,-1.19253230048446E7,-1.19253230048446E7,-1.19253230048446E7,-2973079.338867898,-2973079.338867898,0.0,0.0
576778.168613764;	0.0,438.0,2722.154042437087,2722.154042437087,-1.1922600850802163E7,-1.1922600850802163E7,-1.1922600850802163E7,-2972413.7354344153,-2972413.7354344153,0.0,0.0
576875.077102471;	0.0,439.0,904.3082386456144,904.3082386456144,-1.1921696542563519E7,-1.1921696542563519E7,-1.1921696542563519E7,-2972177.070804437,-2972177.070804437,0.0,0.0
576937.098036724;	0.0,440.0,5400.2728401933855,5400.2728401933855,-1.1916296269723324E7,-1.1916296269723324E7,-1.1916296269723324E7,-2970812.485457647,-2970812.485457647,0.0,0.0
576988.336763145;	0.0,441.0,1798.7469979784473,1798.7469979784473,-1.191449752272535E7,-1.191449752272535E7,-1.191449752272535E7,-2970356.168538926,-2970356.168538926,0.0,0.0
577035.925009257;	0.0,442.0,1793.566672776863,1793.566672776863,-1.191270395605257E7,-1.191270395605257E7,-1.191270395605257E7,-2969931.2369883345,-2969931.2369883345,0.0,0.0
577069.385094827;	0.0,443.0,8945.048774779916,8945.048774779914,-1.190375890727779E7,-1.190375890727779E7,-1.190375890727779E7,-2967664.9385586684,-2967664.9385586684,0.0,0.0
577132.942649101;	0.0,444.0,2665.730671604162,2665.730671604162,-1.1901093176606188E7,-1.1901093176606188E7,-1.1901093176606188E7,-2966984.1675077947,-2966984.1675077947,0.0,0.0
577146.589435332;	0.0,445.0,1774.1095168340053,1774.1095168340053,-1.1899319067089355E7,-1.1899319067089355E7,-1.1899319067089355E7,-2966508.5592255476,-2966508.5592255476,0.0,0.0
577179.477574688;	0.0,446.0,7055.429859543739,7055.429859543739,-1.189226363722981E7,-1.189226363722981E7,-1.189226363722981E7,-2964772.4716256666,-2964772.4716256666,0.0,0.0
577274.5965314;	0.0,447.0,8670.429413725346,8670.429413725347,-1.1883593207816089E7,-1.1883593207816089E7,-1.1883593207816089E7,-2962553.1130723944,-2962553.1130723944,0.0,0.0
577330.100465583;	0.0,448.0,18204.639331781604,18204.639331781607,-1.1865388568484304E7,-1.1865388568484304E7,-1.1865388568484304E7,-2958141.6537208,-2958141.6537208,0.0,0.0
577941.199241557;	0.0,449.0,2609.329088691651,2609.329088691651,-1.1862779239395613E7,-1.1862779239395613E7,-1.1862779239395613E7,-2957461.4458491947,-2957461.4458491947,0.0,0.0
577971.5251945041;	0.0,450.0,2540.141876175845,2540.141876175845,-1.1860239097519437E7,-1.1860239097519437E7,-1.1860239097519437E7,-2956816.070354139,-2956816.070354139,0.0,0.0
577996.756226515;	0.0,451.0,2342.640934768732,2342.640934768732,-1.1857896456584668E7,-1.1857896456584668E7,-1.1857896456584668E7,-2956217.7196856383,-2956217.7196856383,0.0,0.0
578033.521681463;	0.0,452.0,1979.5430930798702,1979.5430930798702,-1.1855916913491586E7,-1.1855916913491586E7,-1.1855916913491586E7,-2955716.082697003,-2955716.082697003,0.0,0.0
578062.630348247;	0.0,453.0,1715.7048645067662,1715.7048645067662,-1.185420120862708E7,-1.185420120862708E7,-1.185420120862708E7,-2955269.0069659585,-2955269.0069659585,0.0,0.0
578091.010880082;	0.0,454.0,1696.94781951786,1696.94781951786,-1.1852504260807564E7,-1.1852504260807564E7,-1.1852504260807564E7,-2954827.2064496498,-2954827.2064496498,0.0,0.0
578130.3572167701;	0.0,455.0,1684.0022095546592,1684.0022095546592,-1.185082025859801E7,-1.185082025859801E7,-1.185082025859801E7,-2954464.814539231,-2954464.814539231,0.0,0.0
578150.494267298;	0.0,456.0,2525.333223612115,2525.333223612115,-1.1848294925374398E7,-1.1848294925374398E7,-1.1848294925374398E7,-2953816.9384020334,-2953816.9384020334,0.0,0.0
578184.948555549;	0.0,457.0,22560.973115005596,22560.973115005603,-1.1825733952259393E7,-1.1825733952259393E7,-1.1825733952259393E7,-2948112.3457349194,-2948112.3457349194,0.0,0.0
581391.4010155981;	0.0,458.0,18246.876912632513,18246.87691263252,-1.1807487075346762E7,-1.1807487075346762E7,-1.1807487075346762E7,-2943548.7925128425,-2943548.7925128425,0.0,0.0
586093.336863612;	0.0,459.0,12658.537970117353,12658.537970117352,-1.1794828537376644E7,-1.1794828537376644E7,-1.1794828537376644E7,-2940419.7541390616,-2940419.7541390616,0.0,0.0
588085.734993239;	0.0,460.0,2501.6678804112616,2501.6678804112616,-1.1792326869496232E7,-1.1792326869496232E7,-1.1792326869496232E7,-2939789.064989099,-2939789.064989099,0.0,0.0
588156.383099827;	0.0,461.0,4163.775283929753,4163.775283929753,-1.1788163094212303E7,-1.1788163094212303E7,-1.1788163094212303E7,-2938739.6085681044,-2938739.6085681044,0.0,0.0
588249.417230783;	0.0,462.0,1661.2985688443714,1661.2985688443714,-1.1786501795643454E7,-1.1786501795643454E7,-1.1786501795643454E7,-2938287.0896661594,-2938287.0896661594,0.0,0.0
588288.983616449;	0.0,463.0,8240.064758420931,8240.064758420931,-1.177826173088503E7,-1.177826173088503E7,-1.177826173088503E7,-2936187.5028189435,-2936187.5028189435,0.0,0.0
588341.86306906;	0.0,464.0,8191.780328263725,8191.780328263727,-1.1770069950556768E7,-1.1770069950556768E7,-1.1770069950556768E7,-2934152.250958408,-2934152.250958408,0.0,0.0
588438.547980277;	0.0,465.0,10619.529498205824,10619.529498205824,-1.1759450421058564E7,-1.1759450421058564E7,-1.1759450421058564E7,-2931683.2989315754,-2931683.2989315754,0.0,0.0
588841.8907386301;	0.0,466.0,1630.09802995071,1630.09802995071,-1.1757820323028615E7,-1.1757820323028615E7,-1.1757820323028615E7,-2931276.9239316024,-2931276.9239316024,0.0,0.0
588895.6513430161;	0.0,467.0,7329.985384027843,7329.985384027843,-1.1750490337644586E7,-1.1750490337644586E7,-1.1750490337644586E7,-2929607.361668628,-2929607.361668628,0.0,0.0
588990.760032866;	0.0,468.0,10579.100689558833,10579.100689558833,-1.1739911236955026E7,-1.1739911236955026E7,-1.1739911236955026E7,-2927043.5759404423,-2927043.5759404423,0.0,0.0
589103.008323548;	0.0,469.0,7297.567551158214,7297.567551158214,-1.1732613669403868E7,-1.1732613669403868E7,-1.1732613669403868E7,-2925317.996751479,-2925317.996751479,0.0,0.0
589234.001765187;	0.0,470.0,20950.60258667016,20950.60258667016,-1.1711663066817196E7,-1.1711663066817196E7,-1.1711663066817196E7,-2920060.7232017713,-2920060.7232017713,0.0,0.0
589654.1496040841;	0.0,471.0,2058.417843872401,2058.417843872401,-1.1709604648973325E7,-1.1709604648973325E7,-1.1709604648973325E7,-2919587.07877618,-2919587.07877618,0.0,0.0
589693.859403391;	0.0,472.0,1728.1380053697094,1728.1380053697094,-1.1707876510967953E7,-1.1707876510967953E7,-1.1707876510967953E7,-2919135.8405933236,-2919135.8405933236,0.0,0.0
589733.383707111;	0.0,473.0,1669.959752245526,1669.959752245526,-1.170620655121571E7,-1.170620655121571E7,-1.170620655121571E7,-2918739.1082607703,-2918739.1082607703,0.0,0.0
589771.1339650911;	0.0,474.0,4825.161159455713,4825.161159455711,-1.1701381390056252E7,-1.1701381390056252E7,-1.1701381390056252E7,-2917559.5153265954,-2917559.5153265954,0.0,0.0
589832.477683217;	0.0,475.0,10421.4993274784,10421.499327478396,-1.1690959890728772E7,-1.1690959890728772E7,-1.1690959890728772E7,-2914923.1739416057,-2914923.1739416057,0.0,0.0
589937.111914619;	0.0,476.0,1600.3042664626628,1600.3042664626628,-1.1689359586462308E7,-1.1689359586462308E7,-1.1689359586462308E7,-2914538.31486747,-2914538.31486747,0.0,0.0
589973.048771993;	0.0,477.0,10325.379078737487,10325.379078737487,-1.1679034207383577E7,-1.1679034207383577E7,-1.1679034207383577E7,-2911964.878245356,-2911964.878245356,0.0,0.0
590115.8212488521;	0.0,478.0,4736.051276429378,4736.051276429374,-1.1674298156107146E7,-1.1674298156107146E7,-1.1674298156107146E7,-2910790.9634026643,-2910790.9634026643,0.0,0.0
590210.574323622;	0.0,479.0,4727.386185184821,4727.386185184821,-1.1669570769921958E7,-1.1669570769921958E7,-1.1669570769921958E7,-2909603.310656976,-2909603.310656976,0.0,0.0
590305.8869065531;	0.0,480.0,7735.693103310383,7735.693103310383,-1.1661835076818649E7,-1.1661835076818649E7,-1.1661835076818649E7,-2907683.2011466357,-2907683.2011466357,0.0,0.0
591061.2443909261;	0.0,481.0,1539.9708377539846,1539.9708377539846,-1.1660295105980895E7,-1.1660295105980895E7,-1.1660295105980895E7,-2907217.408829677,-2907217.408829677,0.0,0.0
591091.000983019;	0.0,482.0,4573.616463990567,4573.616463990568,-1.1655721489516903E7,-1.1655721489516903E7,-1.1655721489516903E7,-2905962.0806364142,-2905962.0806364142,0.0,0.0
591178.573507388;	0.0,483.0,2267.358814417368,2267.358814417368,-1.1653454130702488E7,-1.1653454130702488E7,-1.1653454130702488E7,-2905425.68551881,-2905425.68551881,0.0,0.0
591359.434623525;	0.0,484.0,5258.594914715022,5258.594914715026,-1.1648195535787772E7,-1.1648195535787772E7,-1.1648195535787772E7,-2903993.317109485,-2903993.317109485,0.0,0.0
591458.559505308;	0.0,485.0,2252.7810382666394,2252.7810382666394,-1.1645942754749507E7,-1.1645942754749507E7,-1.1645942754749507E7,-2903470.574012531,-2903470.574012531,0.0,0.0
591506.563828889;	0.0,486.0,1495.6408153647762,1495.6408153647762,-1.164444711393414E7,-1.164444711393414E7,-1.164444711393414E7,-2903062.530873644,-2903062.530873644,0.0,0.0
591536.46302229;	0.0,487.0,9701.841483537664,9701.841483537664,-1.1634745272450604E7,-1.1634745272450604E7,-1.1634745272450604E7,-2900623.651947936,-2900623.651947936,0.0,0.0
591677.15552943;	0.0,488.0,7439.928146562972,7439.928146562972,-1.162730534430404E7,-1.162730534430404E7,-1.162730534430404E7,-2898777.5181808826,-2898777.5181808826,0.0,0.0
591779.3276093691;	0.0,489.0,20196.661163534503,20196.661163534503,-1.1607108683140505E7,-1.1607108683140505E7,-1.1607108683140505E7,-2893896.9796427353,-2893896.9796427353,0.0,0.0
592436.799100094;	0.0,490.0,1100.7970818408758,1100.7970818408758,-1.1606007886058666E7,-1.1606007886058666E7,-1.1606007886058666E7,-2893618.2821667916,-2893618.2821667916,0.0,0.0
592466.369161415;	0.0,491.0,4914.614330314946,4914.614330314946,-1.1601093271728352E7,-1.1601093271728352E7,-1.1601093271728352E7,-2892358.7502394426,-2892358.7502394426,0.0,0.0
592564.791944979;	0.0,492.0,1534.7863960509544,1534.7863960509544,-1.1599558485332299E7,-1.1599558485332299E7,-1.1599558485332299E7,-2892027.4624753473,-2892027.4624753473,0.0,0.0
592588.587040866;	0.0,493.0,3713.8105283629193,3713.8105283629193,-1.1595844674803931E7,-1.1595844674803931E7,-1.1595844674803931E7,-2891074.0727974577,-2891074.0727974577,0.0,0.0
592680.9754147041;	0.0,494.0,1442.2327888240761,1442.2327888240761,-1.1594402442015108E7,-1.1594402442015108E7,-1.1594402442015108E7,-2890711.4297223864,-2890711.4297223864,0.0,0.0
592703.158974692;	0.0,495.0,5766.314614994735,5766.314614994737,-1.1588636127400113E7,-1.1588636127400113E7,-1.1588636127400113E7,-2889288.121851241,-2889288.121851241,0.0,0.0
592765.6559454601;	0.0,496.0,7160.432065926496,7160.432065926496,-1.1581475695334187E7,-1.1581475695334187E7,-1.1581475695334187E7,-2887455.8391286265,-2887455.8391286265,0.0,0.0
592856.470900442;	0.0,497.0,1424.9448221027815,1424.9448221027815,-1.158005075051208E7,-1.158005075051208E7,-1.158005075051208E7,-2887129.676838728,-2887129.676838728,0.0,0.0
592884.895746667;	0.0,498.0,18511.459126416878,18511.459126416878,-1.1561539291385664E7,-1.1561539291385664E7,-1.1561539291385664E7,-2882684.5308600958,-2882684.5308600958,0.0,0.0
594164.6966130501;	0.0,499.0,4226.515130663365,4226.515130663365,-1.1557312776255002E7,-1.1557312776255002E7,-1.1557312776255002E7,-2881678.7370605883,-2881678.7370605883,0.0,0.0
594227.4371800091;	0.0,500.0,1397.525918923936,1397.525918923936,-1.1555915250336079E7,-1.1555915250336079E7,-1.1555915250336079E7,-2881312.7054815507,-2881312.7054815507,0.0,0.0
594276.9298624131;	0.0,501.0,8382.205191692783,8382.205191692783,-1.1547533045144381E7,-1.1547533045144381E7,-1.1547533045144381E7,-2879223.9210924204,-2879223.9210924204,0.0,0.0
594371.992775821;	0.0,502.0,4146.196148403784,4146.196148403784,-1.1543386848995974E7,-1.1543386848995974E7,-1.1543386848995974E7,-2878153.923250664,-2878153.923250664,0.0,0.0
594448.5431999681;	0.0,503.0,6214.420147664101,6214.420147664101,-1.1537172428848313E7,-1.1537172428848313E7,-1.1537172428848313E7,-2876699.3931970717,-2876699.3931970717,0.0,0.0
594578.587526862;	0.0,504.0,4086.3852388526266,4086.3852388526248,-1.1533086043609457E7,-1.1533086043609457E7,-1.1533086043609457E7,-2875657.0567085375,-2875657.0567085375,0.0,0.0
594673.4747455651;	0.0,505.0,2035.0014772677832,2035.0014772677832,-1.153105104213219E7,-1.153105104213219E7,-1.153105104213219E7,-2875156.293043488,-2875156.293043488,0.0,0.0
594732.48871672;	0.0,506.0,1353.4070544400365,1353.4070544400365,-1.1529697635077754E7,-1.1529697635077754E7,-1.1529697635077754E7,-2874798.481373054,-2874798.481373054,0.0,0.0
594777.404753608;	0.0,507.0,3377.511114920975,3377.511114920975,-1.1526320123962833E7,-1.1526320123962833E7,-1.1526320123962833E7,-2873929.643814527,-2873929.643814527,0.0,0.0
594810.67965122;	0.0,508.0,8716.754509457205,8716.754509457198,-1.1517603369453376E7,-1.1517603369453376E7,-1.1517603369453376E7,-2871741.4108533626,-2871741.4108533626,0.0,0.0
594893.738227412;	0.0,509.0,1340.9509916943816,1340.9509916943816,-1.1516262418461682E7,-1.1516262418461682E7,-1.1516262418461682E7,-2871428.5032404335,-2871428.5032404335,0.0,0.0
594922.8117628801;	0.0,510.0,4021.1030318416906,4021.1030318416906,-1.1512241315429842E7,-1.1512241315429842E7,-1.1512241315429842E7,-2870461.055595571,-2870461.055595571,0.0,0.0
595022.576957175;	0.0,511.0,2008.1097985172455,2008.1097985172455,-1.1510233205631325E7,-1.1510233205631325E7,-1.1510233205631325E7,-2869971.8781220927,-2869971.8781220927,0.0,0.0
595117.659332991;	0.0,512.0,3988.5771284830844,3988.577128483086,-1.1506244628502844E7,-1.1506244628502844E7,-1.1506244628502844E7,-2869043.3395172814,-2869043.3395172814,0.0,0.0
595210.6957736651;	0.0,513.0,7303.32046218793,7303.32046218793,-1.1498941308040654E7,-1.1498941308040654E7,-1.1498941308040654E7,-2867234.6574808285,-2867234.6574808285,0.0,0.0
595299.43144759;	0.0,514.0,1327.1376119191991,1327.1376119191991,-1.1497614170428732E7,-1.1497614170428732E7,-1.1497614170428732E7,-2866928.698581362,-2866928.698581362,0.0,0.0
595336.351693984;	0.0,515.0,1990.648285666899,1990.648285666899,-1.1495623522143064E7,-1.1495623522143064E7,-1.1495623522143064E7,-2866404.773241178,-2866404.773241178,0.0,0.0
595431.965013168;	0.0,516.0,3924.924268889077,3924.924268889077,-1.1491698597874181E7,-1.1491698597874181E7,-1.1491698597874181E7,-2865373.339879773,-2865373.339879773,0.0,0.0
595526.449352792;	0.0,517.0,8493.998403835634,8493.998403835634,-1.1483204599470345E7,-1.1483204599470345E7,-1.1483204599470345E7,-2863242.844856956,-2863242.844856956,0.0,0.0
595681.731236948;	0.0,518.0,1958.4125744557332,1958.4125744557332,-1.148124618689589E7,-1.148124618689589E7,-1.148124618689589E7,-2862739.257191422,-2862739.257191422,0.0,0.0
595776.908531877;	0.0,519.0,3225.899225544754,3225.899225544754,-1.1478020287670342E7,-1.1478020287670342E7,-1.1478020287670342E7,-2861941.248437913,-2861941.248437913,0.0,0.0
595869.5129741761;	0.0,520.0,3868.6282562385622,3868.6282562385622,-1.1474151659414103E7,-1.1474151659414103E7,-1.1474151659414103E7,-2860955.8045199346,-2860955.8045199346,0.0,0.0
595965.300180676;	0.0,521.0,7091.218622749177,7091.218622749177,-1.146706044079136E7,-1.146706044079136E7,-1.146706044079136E7,-2859206.8570781276,-2859206.8570781276,0.0,0.0
596142.537278841;	0.0,522.0,1281.9345721097143,1281.9345721097143,-1.1465778506219247E7,-1.1465778506219247E7,-1.1465778506219247E7,-2858890.791608145,-2858890.791608145,0.0,0.0
596185.294867016;	0.0,523.0,5095.136778324071,5095.136778324075,-1.1460683369440923E7,-1.1460683369440923E7,-1.1460683369440923E7,-2857640.6614864105,-2857640.6614864105,0.0,0.0
596276.6122618921;	0.0,524.0,6983.390824065058,6983.39082406506,-1.1453699978616858E7,-1.1453699978616858E7,-1.1453699978616858E7,-2855881.9043436083,-2855881.9043436083,0.0,0.0
596459.766341286;	0.0,525.0,6327.940785024428,6327.940785024424,-1.1447372037831837E7,-1.1447372037831837E7,-1.1447372037831837E7,-2854261.411559924,-2854261.411559924,0.0,0.0
596576.7918893821;	0.0,526.0,1894.767909488306,1894.767909488306,-1.1445477269922351E7,-1.1445477269922351E7,-1.1445477269922351E7,-2853742.155969053,-2853742.155969053,0.0,0.0
596622.717541939;	0.0,527.0,17037.681314580244,17037.681314580244,-1.1428439588607768E7,-1.1428439588607768E7,-1.1428439588607768E7,-2849683.1214317735,-2849683.1214317735,0.0,0.0
597135.328248412;	0.0,528.0,5015.629017876179,5015.629017876181,-1.1423423959589893E7,-1.1423423959589893E7,-1.1423423959589893E7,-2848417.131240417,-2848417.131240417,0.0,0.0
597510.193024712;	0.0,529.0,3758.4926803937815,3758.492680393785,-1.14196654669095E7,-1.14196654669095E7,-1.14196654669095E7,-2847439.4180364693,-2847439.4180364693,0.0,0.0
597608.553898955;	0.0,530.0,1868.4060447258762,1868.4060447258762,-1.1417797060864775E7,-1.1417797060864775E7,-1.1417797060864775E7,-2847095.0913436254,-2847095.0913436254,0.0,0.0
597647.0214786481;	0.0,531.0,8096.11565996006,8096.11565996006,-1.1409700945204811E7,-1.1409700945204811E7,-1.1409700945204811E7,-2845253.0578035014,-2845253.0578035014,0.0,0.0
597853.8610703921;	0.0,532.0,1866.6762796998373,1866.6762796998373,-1.140783426892511E7,-1.140783426892511E7,-1.140783426892511E7,-2844807.301334565,-2844807.301334565,0.0,0.0
597887.13517032;	0.0,533.0,24864.143203048174,24864.14320304819,-1.1382970125722062E7,-1.1382970125722062E7,-1.1382970125722062E7,-2838528.006130561,-2838528.006130561,0.0,0.0
598836.267532781;	0.0,534.0,4835.7054770918885,4835.7054770918885,-1.1378134420244968E7,-1.1378134420244968E7,-1.1378134420244968E7,-2837300.0032652738,-2837300.0032652738,0.0,0.0
598919.269823064;	0.0,535.0,3351.726386564589,3351.726386564589,-1.1374782693858402E7,-1.1374782693858402E7,-1.1374782693858402E7,-2836485.9007185064,-2836485.9007185064,0.0,0.0
598943.376618474;	0.0,536.0,8038.449722124165,8038.449722124165,-1.1366744244136276E7,-1.1366744244136276E7,-1.1366744244136276E7,-2834509.77614254,-2834509.77614254,0.0,0.0
599065.129384865;	0.0,537.0,3694.338812010328,3694.338812010328,-1.1363049905324267E7,-1.1363049905324267E7,-1.1363049905324267E7,-2833626.207931389,-2833626.207931389,0.0,0.0
599146.115544468;	0.0,538.0,1228.117120543533,1228.117120543533,-1.1361821788203722E7,-1.1361821788203722E7,-1.1361821788203722E7,-2833331.4510633033,-2833331.4510633033,0.0,0.0
599196.610120967;	0.0,539.0,14105.77040752771,14105.770407527714,-1.1347716017796194E7,-1.1347716017796194E7,-1.1347716017796194E7,-2829969.5458547673,-2829969.5458547673,0.0,0.0
599615.4177675;	0.0,540.0,3616.7791148274982,3616.7791148274982,-1.1344099238681367E7,-1.1344099238681367E7,-1.1344099238681367E7,-2829080.3084156853,-2829080.3084156853,0.0,0.0
599654.881693781;	0.0,541.0,2746.8837660068875,2746.8837660068875,-1.134135235491536E7,-1.134135235491536E7,-1.134135235491536E7,-2828403.416946435,-2828403.416946435,0.0,0.0
599692.873033256;	0.0,542.0,1224.8271756889262,1224.8271756889262,-1.1340127527739672E7,-1.1340127527739672E7,-1.1340127527739672E7,-2828129.6577934013,-2828129.6577934013,0.0,0.0
599738.162947322;	0.0,543.0,1212.5902770150412,1212.5902770150412,-1.1338914937462656E7,-1.1338914937462656E7,-1.1338914937462656E7,-2827792.173790572,-2827792.173790572,0.0,0.0
599776.492251875;	0.0,544.0,1796.7874815269533,1796.7874815269533,-1.1337118149981128E7,-1.1337118149981128E7,-1.1337118149981128E7,-2827340.097922221,-2827340.097922221,0.0,0.0
599813.1585651711;	0.0,545.0,1793.942961314835,1793.942961314835,-1.1335324207019815E7,-1.1335324207019815E7,-1.1335324207019815E7,-2826916.9527674457,-2826916.9527674457,0.0,0.0
599836.972085188;	0.0,546.0,1787.8127139727549,1787.8127139727549,-1.1333536394305842E7,-1.1333536394305842E7,-1.1333536394305842E7,-2826466.8380362894,-2826466.8380362894,0.0,0.0
599879.364498664;	0.0,547.0,5958.919948336561,5958.919948336561,-1.1327577474357506E7,-1.1327577474357506E7,-1.1327577474357506E7,-2825016.1947912383,-2825016.1947912383,0.0,0.0
