900112.8428685401;	cycle,it,executionDll, simulationDll, executionTrainLl, simulationTrainLl,realTrainLl, executionValidLl, realValidLl, executionTestLl, realTestLl
900112.843199652;	0.0,0.0,0.0,0.0,-61979.77789538734,-61979.77789538734,-61979.77789538734,-12344.582652558416,-12344.582652558416,0.0,0.0
900121.8642540111;	0.0,1.0,213.30730828105789,213.30730828105789,-61766.47058710628,-61766.47058710628,-61766.47058710628,-12301.887030863916,-12301.887030863916,0.0,0.0
900127.178830308;	0.0,2.0,900.2813911701937,900.2813911701928,-60866.18919593606,-60866.18919593606,-60866.18919593606,-12102.567334085074,-12102.567334085074,0.0,0.0
900131.645116372;	0.0,3.0,295.177302282661,295.177302282661,-60571.01189365339,-60571.01189365339,-60571.01189365339,-12053.413648314621,-12053.413648314621,0.0,0.0
900132.933383652;	0.0,4.0,84.34175740451383,84.34175740451383,-60486.67013624889,-60486.67013624889,-60486.67013624889,-12037.38999298294,-12037.38999298294,0.0,0.0
900133.4485881111;	0.0,5.0,145.92486478622504,145.92486478622504,-60340.74527146266,-60340.74527146266,-60340.74527146266,-12007.780405769307,-12007.780405769307,0.0,0.0
900134.63827312;	0.0,6.0,246.29468983815468,246.29468983815468,-60094.450581624515,-60094.450581624515,-60094.450581624515,-11964.06064379978,-11964.06064379978,0.0,0.0
900139.594643227;	0.0,7.0,287.4994068802778,287.4994068802778,-59806.95117474424,-59806.95117474424,-59806.95117474424,-11907.170389152017,-11907.170389152017,0.0,0.0
900143.6162458941;	0.0,8.0,71.3290467941153,71.3290467941153,-59735.622127950126,-59735.622127950126,-59735.622127950126,-11888.387033443787,-11888.387033443787,0.0,0.0
900145.9869000331;	0.0,9.0,80.01531859992122,80.01531859992122,-59655.6068093502,-59655.6068093502,-59655.6068093502,-11873.026373006358,-11873.026373006358,0.0,0.0
900146.473456611;	0.0,10.0,39.16011223248506,39.16011223248506,-59616.44669711772,-59616.44669711772,-59616.44669711772,-11862.759129597822,-11862.759129597822,0.0,0.0
900147.573606146;	0.0,11.0,57.8003181185436,57.8003181185436,-59558.646378999176,-59558.646378999176,-59558.646378999176,-11848.785270817612,-11848.785270817612,0.0,0.0
900149.2075321521;	0.0,12.0,16.54513790003989,16.54513790003989,-59542.10124109914,-59542.10124109914,-59542.10124109914,-11847.212854520118,-11847.212854520118,0.0,0.0
900151.2535583831;	0.0,13.0,73.62416280841853,73.62416280841853,-59468.47707829072,-59468.47707829072,-59468.47707829072,-11836.031045734588,-11836.031045734588,0.0,0.0
900155.727145773;	0.0,14.0,89.37302572948147,89.37302572948147,-59379.104052561226,-59379.104052561226,-59379.104052561226,-11815.881147707772,-11815.881147707772,0.0,0.0
900161.028952338;	0.0,15.0,706.9229639148325,706.9229639148325,-58672.1810886464,-58672.1810886464,-58672.1810886464,-11662.9218014523,-11662.9218014523,0.0,0.0
900177.4247648701;	0.0,16.0,953.303633470375,953.3036334703751,-57718.877455176014,-57718.877455176014,-57718.877455176014,-11483.687003852669,-11483.687003852669,0.0,0.0
900183.46388842;	0.0,17.0,107.72721669242844,107.72721669242821,-57611.15023848359,-57611.15023848359,-57611.15023848359,-11466.392167397762,-11466.392167397762,0.0,0.0
900193.491925799;	0.0,18.0,18.676836587064457,18.676836587064457,-57592.473401896525,-57592.473401896525,-57592.473401896525,-11457.221638501045,-11457.221638501045,0.0,0.0
900203.2184528051;	0.0,19.0,139.30571969198533,139.30571969198533,-57453.16768220454,-57453.16768220454,-57453.16768220454,-11425.45630472748,-11425.45630472748,0.0,0.0
900209.5765608391;	0.0,20.0,51.68017380673791,51.68017380673791,-57401.4875083978,-57401.4875083978,-57401.4875083978,-11408.612840955046,-11408.612840955046,0.0,0.0
900211.1571853311;	0.0,21.0,92.45488540758453,92.45488540758453,-57309.032622990206,-57309.032622990206,-57309.032622990206,-11380.269419684246,-11380.269419684246,0.0,0.0
900212.784295303;	0.0,22.0,77.15152009051093,77.15152009051093,-57231.881102899686,-57231.881102899686,-57231.881102899686,-11374.382114369668,-11374.382114369668,0.0,0.0
900214.465202094;	0.0,23.0,10.843097588716493,10.843097588716493,-57221.038005310984,-57221.038005310984,-57221.038005310984,-11373.386571616225,-11373.386571616225,0.0,0.0
900215.3060455001;	0.0,24.0,10.553360836176433,10.553360836176433,-57210.48464447481,-57210.48464447481,-57210.48464447481,-11371.805547646647,-11371.805547646647,0.0,0.0
900222.418424088;	0.0,25.0,260.9295176420485,260.92951764204804,-56949.555126832754,-56949.555126832754,-56949.555126832754,-11327.608343332815,-11327.608343332815,0.0,0.0
900234.2779478941;	0.0,26.0,89.9544772502561,89.9544772502561,-56859.60064958251,-56859.60064958251,-56859.60064958251,-11307.707197646303,-11307.707197646303,0.0,0.0
900248.9777907691;	0.0,27.0,321.19132398812025,321.1913239881203,-56538.40932559439,-56538.40932559439,-56538.40932559439,-11253.521243829633,-11253.521243829633,0.0,0.0
900251.634650922;	0.0,28.0,114.53561881457114,114.53561881457114,-56423.87370677981,-56423.87370677981,-56423.87370677981,-11236.9548646805,-11236.9548646805,0.0,0.0
900255.567479379;	0.0,29.0,9.22993562344729,9.22993562344729,-56414.64377115636,-56414.64377115636,-56414.64377115636,-11234.367341099129,-11234.367341099129,0.0,0.0
900256.2160665931;	0.0,30.0,9.024157507923235,9.024157507923235,-56405.61961364845,-56405.61961364845,-56405.61961364845,-11232.779640439907,-11232.779640439907,0.0,0.0
900277.3429701681;	0.0,31.0,21.544167330624532,21.544167330624532,-56384.07544631782,-56384.07544631782,-56384.07544631782,-11224.539299872855,-11224.539299872855,0.0,0.0
900280.208113432;	0.0,32.0,165.22932556714863,165.22932556714863,-56218.84612075066,-56218.84612075066,-56218.84612075066,-11194.2392700183,-11194.2392700183,0.0,0.0
900311.142545621;	0.0,33.0,102.9257287234829,102.9257287234829,-56115.92039202718,-56115.92039202718,-56115.92039202718,-11180.223732079303,-11180.223732079303,0.0,0.0
900342.8658542761;	0.0,34.0,33.29744191794583,33.29744191794583,-56082.62295010923,-56082.62295010923,-56082.62295010923,-11170.891360272777,-11170.891360272777,0.0,0.0
900350.247427913;	0.0,35.0,149.14462008194832,149.14462008194832,-55933.47833002727,-55933.47833002727,-55933.47833002727,-11146.725261051104,-11146.725261051104,0.0,0.0
900360.1599115541;	0.0,36.0,80.38682869194261,80.38682869194261,-55853.09150133531,-55853.09150133531,-55853.09150133531,-11129.69058903425,-11129.69058903425,0.0,0.0
900371.4970505851;	0.0,37.0,224.90875835646602,224.90875835646602,-55628.182742978854,-55628.182742978854,-55628.182742978854,-11095.01482045891,-11095.01482045891,0.0,0.0
900422.214047363;	0.0,38.0,266.80764583410655,266.8076458341066,-55361.37509714477,-55361.37509714477,-55361.37509714477,-11056.740641203665,-11056.740641203665,0.0,0.0
900435.5121968881;	0.0,39.0,63.673038062737476,63.673038062737476,-55297.70205908203,-55297.70205908203,-55297.70205908203,-11047.689729878402,-11047.689729878402,0.0,0.0
900472.614882154;	0.0,40.0,30.067387720641136,30.067387720641136,-55267.634671361375,-55267.634671361375,-55267.634671361375,-11042.148081000712,-11042.148081000712,0.0,0.0
900473.2923639121;	0.0,41.0,69.43130178558413,69.43130178558413,-55198.2033695758,-55198.2033695758,-55198.2033695758,-11029.747166731866,-11029.747166731866,0.0,0.0
900487.2041918711;	0.0,42.0,103.07028242203387,103.07028242203386,-55095.133087153765,-55095.133087153765,-55095.133087153765,-11009.871819101661,-11009.871819101661,0.0,0.0
900503.799954763;	0.0,43.0,84.96074161604163,84.96074161604163,-55010.172345537736,-55010.172345537736,-55010.172345537736,-10989.887289061828,-10989.887289061828,0.0,0.0
900520.4195995621;	0.0,44.0,73.31472448396315,73.31472448396315,-54936.85762105377,-54936.85762105377,-54936.85762105377,-10973.974155894339,-10973.974155894339,0.0,0.0
900534.903434682;	0.0,45.0,46.907919898120724,46.907919898120724,-54889.94970115565,-54889.94970115565,-54889.94970115565,-10974.43214850336,-10974.43214850336,0.0,0.0
900548.836676075;	0.0,46.0,11.305519293135205,11.305519293135205,-54878.64418186252,-54878.64418186252,-54878.64418186252,-10972.76716876579,-10972.76716876579,0.0,0.0
900598.619292926;	0.0,47.0,113.1734839580381,113.17348395803808,-54765.470697904486,-54765.470697904486,-54765.470697904486,-10948.484634142802,-10948.484634142802,0.0,0.0
900660.0642406871;	0.0,48.0,5.865093895657935,5.865093895657935,-54759.60560400883,-54759.60560400883,-54759.60560400883,-10950.682309109205,-10950.682309109205,0.0,0.0
900661.272339676;	0.0,49.0,7.435747498180945,7.435747498180945,-54752.16985651065,-54752.16985651065,-54752.16985651065,-10950.894935996655,-10950.894935996655,0.0,0.0
900661.9142927751;	0.0,50.0,59.12238496227735,59.12238496227735,-54693.04747154839,-54693.04747154839,-54693.04747154839,-10935.97225333141,-10935.97225333141,0.0,0.0
900675.056997456;	0.0,51.0,257.59905232894494,257.5990523289447,-54435.448419219436,-54435.448419219436,-54435.448419219436,-10893.436546108695,-10893.436546108695,0.0,0.0
900740.046548187;	0.0,52.0,88.74158219249937,88.74158219249937,-54346.70683702694,-54346.70683702694,-54346.70683702694,-10879.749026902151,-10879.749026902151,0.0,0.0
900766.153980043;	0.0,53.0,158.73599665126682,158.73599665126682,-54187.97084037567,-54187.97084037567,-54187.97084037567,-10849.407370642235,-10849.407370642235,0.0,0.0
900785.4435694021;	0.0,54.0,106.23993994743213,106.23993994743213,-54081.73090042823,-54081.73090042823,-54081.73090042823,-10831.406271497544,-10831.406271497544,0.0,0.0
900801.964810492;	0.0,55.0,281.85622048776304,281.85622048776304,-53799.87467994046,-53799.87467994046,-53799.87467994046,-10770.14390134353,-10770.14390134353,0.0,0.0
900852.8254337611;	0.0,56.0,206.0412370005778,206.0412370005778,-53593.83344293988,-53593.83344293988,-53593.83344293988,-10722.861762869321,-10722.861762869321,0.0,0.0
900854.321517815;	0.0,57.0,23.741787943657073,23.741787943657073,-53570.09165499623,-53570.09165499623,-53570.09165499623,-10719.210607392542,-10719.210607392542,0.0,0.0
900925.8582466351;	0.0,58.0,150.30128108939954,150.30128108939954,-53419.79037390683,-53419.79037390683,-53419.79037390683,-10690.276210446937,-10690.276210446937,0.0,0.0
900991.395372089;	0.0,59.0,78.06871561880469,78.06871561880469,-53341.72165828804,-53341.72165828804,-53341.72165828804,-10674.877998218799,-10674.877998218799,0.0,0.0
901006.5398007941;	0.0,60.0,6.6996813823948855,6.6996813823948855,-53335.02197690566,-53335.02197690566,-53335.02197690566,-10673.404493607652,-10673.404493607652,0.0,0.0
901085.2344644651;	0.0,61.0,14.349697131071167,14.349697131071167,-53320.672279774575,-53320.672279774575,-53320.672279774575,-10672.029692229633,-10672.029692229633,0.0,0.0
901182.328335638;	0.0,62.0,109.4765349656733,109.4765349656733,-53211.19574480891,-53211.19574480891,-53211.19574480891,-10657.566624760639,-10657.566624760639,0.0,0.0
901292.592623954;	0.0,63.0,77.8622262053608,77.86222620536078,-53133.333518603555,-53133.333518603555,-53133.333518603555,-10646.534172748585,-10646.534172748585,0.0,0.0
901315.233048285;	0.0,64.0,7.264580739228705,7.264580739228705,-53126.068937864315,-53126.068937864315,-53126.068937864315,-10644.429510883947,-10644.429510883947,0.0,0.0
901315.874562307;	0.0,65.0,24.496810124671796,24.496810124671796,-53101.57212773964,-53101.57212773964,-53101.57212773964,-10636.27000726762,-10636.27000726762,0.0,0.0
901343.0859972001;	0.0,66.0,24.56054850013517,24.56054850013517,-53077.01157923951,-53077.01157923951,-53077.01157923951,-10633.318258968548,-10633.318258968548,0.0,0.0
901370.8769072321;	0.0,67.0,34.67253432763445,34.67253432763445,-53042.33904491189,-53042.33904491189,-53042.33904491189,-10628.280266180009,-10628.280266180009,0.0,0.0
901402.51310543;	0.0,68.0,31.48484629737326,31.48484629737326,-53010.8541986145,-53010.8541986145,-53010.8541986145,-10629.198591087832,-10629.198591087832,0.0,0.0
901422.3673206811;	0.0,69.0,46.43674491709214,46.43674491709214,-52964.4174536974,-52964.4174536974,-52964.4174536974,-10618.53786459703,-10618.53786459703,0.0,0.0
901535.5706738491;	0.0,70.0,52.00347786198004,52.00347786198004,-52912.413975835414,-52912.413975835414,-52912.413975835414,-10619.043535720386,-10619.043535720386,0.0,0.0
901584.9470537221;	0.0,71.0,63.28193077644204,63.28193077644204,-52849.13204505897,-52849.13204505897,-52849.13204505897,-10603.501149487449,-10603.501149487449,0.0,0.0
901668.0862079421;	0.0,72.0,105.24954146967907,105.24954146967907,-52743.882503589295,-52743.882503589295,-52743.882503589295,-10586.988703752,-10586.988703752,0.0,0.0
901686.857844598;	0.0,73.0,5.233751711347246,5.233751711348155,-52738.64875187795,-52738.64875187795,-52738.64875187795,-10585.131299792392,-10585.131299792392,0.0,0.0
901806.986800243;	0.0,74.0,50.57979209567401,50.579792095674,-52688.06895978229,-52688.06895978229,-52688.06895978229,-10581.448817263969,-10581.448817263969,0.0,0.0
901855.34896292;	0.0,75.0,18.344192724093197,18.344192724093197,-52669.7247670582,-52669.7247670582,-52669.7247670582,-10577.977026329718,-10577.977026329718,0.0,0.0
901886.194577076;	0.0,76.0,11.753732194870565,11.753732194870565,-52657.97103486334,-52657.97103486334,-52657.97103486334,-10575.50253805557,-10575.50253805557,0.0,0.0
901894.341106471;	0.0,77.0,73.10367403787106,73.10367403787197,-52584.867360825476,-52584.867360825476,-52584.867360825476,-10562.057071569647,-10562.057071569647,0.0,0.0
902040.731440971;	0.0,78.0,46.20858520158555,46.20858520158649,-52538.65877562389,-52538.65877562389,-52538.65877562389,-10543.480416246592,-10543.480416246592,0.0,0.0
902220.1180763631;	0.0,79.0,48.259531561359324,48.259531561359324,-52490.399244062515,-52490.399244062515,-52490.399244062515,-10523.007447236881,-10523.007447236881,0.0,0.0
902248.6051246091;	0.0,80.0,8.424887354705191,8.424887354705191,-52481.97435670781,-52481.97435670781,-52481.97435670781,-10521.06616074477,-10521.06616074477,0.0,0.0
902387.9809439051;	0.0,81.0,67.32659441979928,67.3265944197984,-52414.64776228802,-52414.64776228802,-52414.64776228802,-10511.335348912973,-10511.335348912973,0.0,0.0
902604.47544432;	0.0,82.0,58.07351980272418,58.073519802725116,-52356.57424248528,-52356.57424248528,-52356.57424248528,-10505.941407732305,-10505.941407732305,0.0,0.0
902821.1152043431;	0.0,83.0,56.831016527242205,56.831016527242205,-52299.74322595803,-52299.74322595803,-52299.74322595803,-10501.793109337974,-10501.793109337974,0.0,0.0
902842.403652529;	0.0,84.0,15.07967669513748,15.07967669513748,-52284.66354926291,-52284.66354926291,-52284.66354926291,-10500.023642476786,-10500.023642476786,0.0,0.0
902898.462125845;	0.0,85.0,69.34221282110843,69.34221282110752,-52215.32133644178,-52215.32133644178,-52215.32133644178,-10484.528993823438,-10484.528993823438,0.0,0.0
903085.7484413871;	0.0,86.0,56.400156113591834,56.400156113591834,-52158.921180328194,-52158.921180328194,-52158.921180328194,-10470.587336649694,-10470.587336649694,0.0,0.0
903118.363834655;	0.0,87.0,28.567121215403432,28.567121215403432,-52130.35405911278,-52130.35405911278,-52130.35405911278,-10467.733022226623,-10467.733022226623,0.0,0.0
903149.750774189;	0.0,88.0,2.017694951144014,2.017694951142195,-52128.33636416163,-52128.33636416163,-52128.33636416163,-10467.127108893415,-10467.127108893415,0.0,0.0
903305.4768013811;	0.0,89.0,11.972820187102897,11.972820187102897,-52116.36354397453,-52116.36354397453,-52116.36354397453,-10464.631605962506,-10464.631605962506,0.0,0.0
903365.4394862991;	0.0,90.0,3.848036598281084,3.848036598281084,-52112.51550737624,-52112.51550737624,-52112.51550737624,-10467.192224373659,-10467.192224373659,0.0,0.0
903398.137369398;	0.0,91.0,36.33000651607563,36.33000651607563,-52076.18550086017,-52076.18550086017,-52076.18550086017,-10460.683952319536,-10460.683952319536,0.0,0.0
903458.5254609981;	0.0,92.0,215.58323746191394,215.58323746191394,-51860.60226339826,-51860.60226339826,-51860.60226339826,-10413.915731883395,-10413.915731883395,0.0,0.0
903459.912740321;	0.0,93.0,116.23786526696189,116.23786526696189,-51744.364398131314,-51744.364398131314,-51744.364398131314,-10394.077488946365,-10394.077488946365,0.0,0.0
903472.2668854881;	0.0,94.0,15.405710614293525,15.405710614293525,-51728.95868751702,-51728.95868751702,-51728.95868751702,-10391.073181004798,-10391.073181004798,0.0,0.0
903519.186873376;	0.0,95.0,6.149013249810673,6.149013249810673,-51722.809674267206,-51722.809674267206,-51722.809674267206,-10391.193100240196,-10391.193100240196,0.0,0.0
903520.2028923461;	0.0,96.0,12.005369768010155,12.005369768010155,-51710.804304499194,-51710.804304499194,-51710.804304499194,-10388.510520587399,-10388.510520587399,0.0,0.0
903572.3378903781;	0.0,97.0,6.255901485985525,6.255901485985525,-51704.54840301321,-51704.54840301321,-51704.54840301321,-10384.37329112322,-10384.37329112322,0.0,0.0
903577.2967092411;	0.0,98.0,2.587272862066456,2.587272862066456,-51701.96113015115,-51701.96113015115,-51701.96113015115,-10384.456085752705,-10384.456085752705,0.0,0.0
903620.954814958;	0.0,99.0,4.488059654086896,4.488059654086896,-51697.47307049706,-51697.47307049706,-51697.47307049706,-10384.004627751794,-10384.004627751794,0.0,0.0
903675.918456307;	0.0,100.0,53.15030409654446,53.150304096544346,-51644.32276640051,-51644.32276640051,-51644.32276640051,-10362.908858740388,-10362.908858740388,0.0,0.0
903755.4673211001;	0.0,101.0,88.16065975327479,88.16065975327479,-51556.16210664723,-51556.16210664723,-51556.16210664723,-10336.310814812916,-10336.310814812916,0.0,0.0
903794.6611205171;	0.0,102.0,5.303115891070547,5.303115891070547,-51550.85899075617,-51550.85899075617,-51550.85899075617,-10333.868659135358,-10333.868659135358,0.0,0.0
903801.1628439961;	0.0,103.0,9.772219445909826,9.772219445909826,-51541.08677131025,-51541.08677131025,-51541.08677131025,-10332.148863670758,-10332.148863670758,0.0,0.0
903829.2131913;	0.0,104.0,8.034674294870399,8.034674294870399,-51533.052097015374,-51533.052097015374,-51533.052097015374,-10331.425698061026,-10331.425698061026,0.0,0.0
903831.1478195961;	0.0,105.0,58.610192612324326,58.610192612324326,-51474.44190440305,-51474.44190440305,-51474.44190440305,-10320.610751299586,-10320.610751299586,0.0,0.0
903883.5206255751;	0.0,106.0,78.34031279097361,78.34031279097361,-51396.10159161208,-51396.10159161208,-51396.10159161208,-10306.15799668755,-10306.15799668755,0.0,0.0
903960.0939093621;	0.0,107.0,9.161385881960655,9.161385881960655,-51386.94020573012,-51386.94020573012,-51386.94020573012,-10304.248408959262,-10304.248408959262,0.0,0.0
903999.8827455171;	0.0,108.0,4.2971752980819105,4.2971752980819105,-51382.64303043204,-51382.64303043204,-51382.64303043204,-10303.396745552605,-10303.396745552605,0.0,0.0
904053.5784127481;	0.0,109.0,14.724927411531166,14.724927411531166,-51367.91810302049,-51367.91810302049,-51367.91810302049,-10291.615758820908,-10291.615758820908,0.0,0.0
904054.0029995551;	0.0,110.0,17.23929429034944,17.23929429034944,-51350.678808730154,-51350.678808730154,-51350.678808730154,-10295.057040147476,-10295.057040147476,0.0,0.0
904056.764596143;	0.0,111.0,4.343245555546801,4.343245555546801,-51346.33556317461,-51346.33556317461,-51346.33556317461,-10294.875046424779,-10294.875046424779,0.0,0.0
904057.060857602;	0.0,112.0,9.431456269523142,9.431456269523142,-51336.90410690507,-51336.90410690507,-51336.90410690507,-10292.065973491972,-10292.065973491972,0.0,0.0
904060.478196325;	0.0,113.0,3.287150383727294,3.287150383727294,-51333.61695652135,-51333.61695652135,-51333.61695652135,-10290.072625009392,-10290.072625009392,0.0,0.0
904075.129865934;	0.0,114.0,8.74164729009652,8.74164729009652,-51324.87530923124,-51324.87530923124,-51324.87530923124,-10286.44983889946,-10286.44983889946,0.0,0.0
904119.374506514;	0.0,115.0,7.227508025225802,7.227508025225802,-51317.64780120604,-51317.64780120604,-51317.64780120604,-10286.94199084319,-10286.94199084319,0.0,0.0
904141.9333789911;	0.0,116.0,11.057033117925528,11.057033117925528,-51306.59076808812,-51306.59076808812,-51306.59076808812,-10288.622676453586,-10288.622676453586,0.0,0.0
904175.476551553;	0.0,117.0,4.121110812277919,4.121110812277919,-51302.46965727584,-51302.46965727584,-51302.46965727584,-10288.847050356193,-10288.847050356193,0.0,0.0
904185.8971706551;	0.0,118.0,2.627781290188416,2.627781290188416,-51299.84187598566,-51299.84187598566,-51299.84187598566,-10287.493309335436,-10287.493309335436,0.0,0.0
904212.9372182491;	0.0,119.0,33.86007729009697,33.86007729009697,-51265.98179869556,-51265.98179869556,-51265.98179869556,-10286.917311487568,-10286.917311487568,0.0,0.0
904268.1611610921;	0.0,120.0,56.69531762071587,56.69531762071587,-51209.28648107484,-51209.28648107484,-51209.28648107484,-10277.991780001194,-10277.991780001194,0.0,0.0
904329.89385688;	0.0,121.0,10.421323720757456,10.421323720757456,-51198.865157354085,-51198.865157354085,-51198.865157354085,-10275.236756356158,-10275.236756356158,0.0,0.0
904374.472051784;	0.0,122.0,12.663765304617613,12.663765304617613,-51186.20139204946,-51186.20139204946,-51186.20139204946,-10268.629489970666,-10268.629489970666,0.0,0.0
904375.149885396;	0.0,123.0,11.320166530140458,11.320166530140458,-51174.881225519326,-51174.881225519326,-51174.881225519326,-10265.087243094651,-10265.087243094651,0.0,0.0
904376.5711857;	0.0,124.0,7.534322778678931,7.534322778678931,-51167.34690274066,-51167.34690274066,-51167.34690274066,-10262.116003807152,-10262.116003807152,0.0,0.0
904384.6293881481;	0.0,125.0,3.001351209795814,3.001351209795814,-51164.34555153087,-51164.34555153087,-51164.34555153087,-10261.158132073224,-10261.158132073224,0.0,0.0
904385.082511808;	0.0,126.0,2.927661216479663,2.927661216479663,-51161.41789031439,-51161.41789031439,-51161.41789031439,-10260.930205927147,-10260.930205927147,0.0,0.0
904385.5489251921;	0.0,127.0,6.824953509533167,6.824953509533167,-51154.59293680485,-51154.59293680485,-51154.59293680485,-10261.89715187717,-10261.89715187717,0.0,0.0
904390.7232767771;	0.0,128.0,6.460648470741961,6.460648470741961,-51148.132288334105,-51148.132288334105,-51148.132288334105,-10261.900247697535,-10261.900247697535,0.0,0.0
904393.8806641621;	0.0,129.0,12.704013562942382,12.704013562942382,-51135.42827477117,-51135.42827477117,-51135.42827477117,-10261.728819284957,-10261.728819284957,0.0,0.0
904433.4620961191;	0.0,130.0,2.5341830390423183,2.5341830390423183,-51132.894091732116,-51132.894091732116,-51132.894091732116,-10261.313580094784,-10261.313580094784,0.0,0.0
904433.846307419;	0.0,131.0,35.38414507558787,35.38414507558696,-51097.509946656544,-51097.509946656544,-51097.509946656544,-10255.760408060461,-10255.760408060461,0.0,0.0
904569.906452905;	0.0,132.0,35.25552695602477,35.25552695602477,-51062.25441970051,-51062.25441970051,-51062.25441970051,-10247.328761999945,-10247.328761999945,0.0,0.0
904616.1115741021;	0.0,133.0,27.877152880294396,27.877152880294396,-51034.377266820215,-51034.377266820215,-51034.377266820215,-10240.296885912418,-10240.296885912418,0.0,0.0
904648.5125941321;	0.0,134.0,1.221319092573619,1.221319092573619,-51033.15594772764,-51033.15594772764,-51033.15594772764,-10238.25592651048,-10238.25592651048,0.0,0.0
904651.761367368;	0.0,135.0,4.868631964349296,4.868631964349296,-51028.28731576329,-51028.28731576329,-51028.28731576329,-10238.822640542867,-10238.822640542867,0.0,0.0
904658.379013695;	0.0,136.0,6.908155867446735,6.908155867446735,-51021.37915989585,-51021.37915989585,-51021.37915989585,-10238.854357918204,-10238.854357918204,0.0,0.0
904730.5863886201;	0.0,137.0,3.418900875724404,3.418900875724404,-51017.96025902012,-51017.96025902012,-51017.96025902012,-10238.476037735938,-10238.476037735938,0.0,0.0
904731.192939342;	0.0,138.0,2.272202393402722,2.272202393402722,-51015.688056626714,-51015.688056626714,-51015.688056626714,-10236.852515965464,-10236.852515965464,0.0,0.0
904732.028570221;	0.0,139.0,6.731879321542891,6.731879321542891,-51008.956177305176,-51008.956177305176,-51008.956177305176,-10235.596467842883,-10235.596467842883,0.0,0.0
904790.208731814;	0.0,140.0,20.02541926481405,20.02541926481405,-50988.93075804038,-50988.93075804038,-50988.93075804038,-10233.581112367894,-10233.581112367894,0.0,0.0
904842.5932930871;	0.0,141.0,27.32358675941441,27.323586759414297,-50961.60717128096,-50961.60717128096,-50961.60717128096,-10229.642581093674,-10229.642581093674,0.0,0.0
904905.5823563421;	0.0,142.0,2.1963581481430445,2.196358148142135,-50959.41081313281,-50959.41081313281,-50959.41081313281,-10229.848484353384,-10229.848484353384,0.0,0.0
905008.8165536231;	0.0,143.0,22.373039074494898,22.373039074494898,-50937.037774058306,-50937.037774058306,-50937.037774058306,-10224.503583318286,-10224.503583318286,0.0,0.0
905064.0034785401;	0.0,144.0,34.69992865681263,34.69992865681263,-50902.33784540149,-50902.33784540149,-50902.33784540149,-10215.352017915586,-10215.352017915586,0.0,0.0
905116.13617631;	0.0,145.0,2.6377617961337023,2.6377617961337023,-50899.70008360536,-50899.70008360536,-50899.70008360536,-10214.641144142463,-10214.641144142463,0.0,0.0
905120.0739022491;	0.0,146.0,6.361126636799966,6.361126636799966,-50893.338956968575,-50893.338956968575,-50893.338956968575,-10214.377119158678,-10214.377119158678,0.0,0.0
905163.857935401;	0.0,147.0,34.51176134027952,34.51176134027952,-50858.8271956283,-50858.8271956283,-50858.8271956283,-10207.892082826495,-10207.892082826495,0.0,0.0
905227.5706810231;	0.0,148.0,3.599570733035662,3.599570733035662,-50855.22762489526,-50855.22762489526,-50855.22762489526,-10208.386853259653,-10208.386853259653,0.0,0.0
905229.043280881;	0.0,149.0,2.039438765519776,2.039438765519776,-50853.188186129744,-50853.188186129744,-50853.188186129744,-10209.561239281311,-10209.561239281311,0.0,0.0
905230.2641911531;	0.0,150.0,19.241513932268504,19.241513932268532,-50833.94667219748,-50833.94667219748,-50833.94667219748,-10206.93270758903,-10206.93270758903,0.0,0.0
905413.289114271;	0.0,151.0,19.81069429738678,19.81069429738678,-50814.135977900085,-50814.135977900085,-50814.135977900085,-10204.872175935681,-10204.872175935681,0.0,0.0
905472.9303441801;	0.0,152.0,16.178817123380824,16.178817123380824,-50797.95716077669,-50797.95716077669,-50797.95716077669,-10202.1012134348,-10202.1012134348,0.0,0.0
905524.368395569;	0.0,153.0,0.9876592939639437,0.9876592939639437,-50796.96950148273,-50796.96950148273,-50796.96950148273,-10201.839031415257,-10201.839031415257,0.0,0.0
905639.8943066291;	0.0,154.0,7.891089946251267,7.891089946251267,-50789.07841153648,-50789.07841153648,-50789.07841153648,-10199.801235347155,-10199.801235347155,0.0,0.0
905695.3427709531;	0.0,155.0,0.984813869763177,0.984813869763177,-50788.093597666724,-50788.093597666724,-50788.093597666724,-10199.552010950541,-10199.552010950541,0.0,0.0
905699.7292898251;	0.0,156.0,1.8972658841335175,1.8972658841335175,-50786.1963317826,-50786.1963317826,-50786.1963317826,-10200.66270086295,-10200.66270086295,0.0,0.0
905700.8720375701;	0.0,157.0,0.9393525928663164,0.9393525928663164,-50785.25697918973,-50785.25697918973,-50785.25697918973,-10200.544575779166,-10200.544575779166,0.0,0.0
905701.243324536;	0.0,158.0,1.8305587565608334,1.8305587565608334,-50783.42642043316,-50783.42642043316,-50783.42642043316,-10202.09603142158,-10202.09603142158,0.0,0.0
905701.5685393871;	0.0,159.0,0.9138209389673262,0.9138209389673262,-50782.51259949419,-50782.51259949419,-50782.51259949419,-10201.869242456805,-10201.869242456805,0.0,0.0
905702.0215976691;	0.0,160.0,0.8962280928229143,0.8962280928229143,-50781.616371401375,-50781.616371401375,-50781.616371401375,-10201.712837395087,-10201.712837395087,0.0,0.0
905702.4211438111;	0.0,161.0,1.7830530186672942,1.7830530186672942,-50779.833318382705,-50779.833318382705,-50779.833318382705,-10200.530847781358,-10200.530847781358,0.0,0.0
905709.091151188;	0.0,162.0,5.27322823180825,5.27322823180825,-50774.56009015091,-50774.56009015091,-50774.56009015091,-10200.521788817465,-10200.521788817465,0.0,0.0
905805.8802397271;	0.0,163.0,24.538902104704405,24.53890210470439,-50750.02118804621,-50750.02118804621,-50750.02118804621,-10194.240596063106,-10194.240596063106,0.0,0.0
906008.3503221881;	0.0,164.0,9.44633239070084,9.44633239070084,-50740.5748556555,-50740.5748556555,-50740.5748556555,-10196.398299348739,-10196.398299348739,0.0,0.0
906076.5553758481;	0.0,165.0,1.7013714313290933,1.7013714313290933,-50738.873484224176,-50738.873484224176,-50738.873484224176,-10196.813464034,-10196.813464034,0.0,0.0
906108.7137946731;	0.0,166.0,24.636021488024955,24.636021488024955,-50714.237462736135,-50714.237462736135,-50714.237462736135,-10194.618158399586,-10194.618158399586,0.0,0.0
906180.95713071;	0.0,167.0,0.8347224482619756,0.8347224482619756,-50713.40274028788,-50713.40274028788,-50713.40274028788,-10194.465386868318,-10194.465386868318,0.0,0.0
906181.2841212921;	0.0,168.0,7.386655900961294,7.386655900961294,-50706.016084386916,-50706.016084386916,-50706.016084386916,-10195.302314666718,-10195.302314666718,0.0,0.0
906261.1339455071;	0.0,169.0,1.6267780071721,1.6267780071721,-50704.389306379744,-50704.389306379744,-50704.389306379744,-10196.000984292648,-10196.000984292648,0.0,0.0
906319.238916434;	0.0,170.0,4.522249659340783,4.522249659340783,-50699.8670567204,-50699.8670567204,-50699.8670567204,-10197.179786471903,-10197.179786471903,0.0,0.0
906386.3059951201;	0.0,171.0,0.7390461426867194,0.7390461426867194,-50699.12801057772,-50699.12801057772,-50699.12801057772,-10196.914115710306,-10196.914115710306,0.0,0.0
906540.571986877;	0.0,172.0,1.4090829128249425,1.4090829128249425,-50697.7189276649,-50697.7189276649,-50697.7189276649,-10196.855063311514,-10196.855063311514,0.0,0.0
906544.7849075531;	0.0,173.0,3.483731429478034,3.483731429478034,-50694.23519623543,-50694.23519623543,-50694.23519623543,-10196.022374730244,-10196.022374730244,0.0,0.0
906552.347933501;	0.0,174.0,2.5779410441357706,2.5779410441357706,-50691.6572551913,-50691.6572551913,-50691.6572551913,-10195.829130349286,-10195.829130349286,0.0,0.0
906552.7519127651;	0.0,175.0,33.64556335102304,33.64556335102304,-50658.011691840264,-50658.011691840264,-50658.011691840264,-10186.498129990321,-10186.498129990321,0.0,0.0
906679.2504471331;	0.0,176.0,169.20291249933223,169.20291249933223,-50488.808779340936,-50488.808779340936,-50488.808779340936,-10155.255747100546,-10155.255747100546,0.0,0.0
906752.6086753551;	0.0,177.0,86.65035384836517,86.65035384836517,-50402.15842549258,-50402.15842549258,-50402.15842549258,-10137.679812659164,-10137.679812659164,0.0,0.0
906844.0365489561;	0.0,178.0,110.375381889107,110.375381889107,-50291.78304360346,-50291.78304360346,-50291.78304360346,-10106.539163152975,-10106.539163152975,0.0,0.0
906920.0793623991;	0.0,179.0,128.0444604558168,128.04446045581676,-50163.738583147635,-50163.738583147635,-50163.738583147635,-10073.32495729467,-10073.32495729467,0.0,0.0
906961.0122099441;	0.0,180.0,48.33599791535923,48.33599791535923,-50115.40258523228,-50115.40258523228,-50115.40258523228,-10061.790610978334,-10061.790610978334,0.0,0.0
907017.6875435851;	0.0,181.0,11.267171161037567,11.267171161037567,-50104.13541407126,-50104.13541407126,-50104.13541407126,-10060.97865202534,-10060.97865202534,0.0,0.0
907092.5935409911;	0.0,182.0,21.466128883522167,21.466128883522167,-50082.669285187745,-50082.669285187745,-50082.669285187745,-10058.029468976074,-10058.029468976074,0.0,0.0
907167.0844492661;	0.0,183.0,17.524241169422375,17.524241169422375,-50065.14504401833,-50065.14504401833,-50065.14504401833,-10053.887183151848,-10053.887183151848,0.0,0.0
907239.0508830021;	0.0,184.0,2.6177675459197616,2.6177675459197616,-50062.527276472414,-50062.527276472414,-50062.527276472414,-10054.084248022375,-10054.084248022375,0.0,0.0
907240.151211131;	0.0,185.0,2.4322000260469965,2.4322000260469965,-50060.09507644637,-50060.09507644637,-50060.09507644637,-10053.039167433977,-10053.039167433977,0.0,0.0
907346.76647663;	0.0,186.0,1.8837073203901697,1.8837073203901697,-50058.211369125966,-50058.211369125966,-50058.211369125966,-10052.320266961504,-10052.320266961504,0.0,0.0
907514.394595238;	0.0,187.0,2.9706917725149538,2.9706917725149538,-50055.24067735345,-50055.24067735345,-50055.24067735345,-10051.675030022274,-10051.675030022274,0.0,0.0
907597.180221608;	0.0,188.0,6.477909620611889,6.477909620611889,-50048.76276773284,-50048.76276773284,-50048.76276773284,-10050.078194997055,-10050.078194997055,0.0,0.0
907756.4234282961;	0.0,189.0,6.100884798652187,6.100884798652187,-50042.66188293419,-50042.66188293419,-50042.66188293419,-10050.922064599528,-10050.922064599528,0.0,0.0
907821.8873380041;	0.0,190.0,1.91894162939613,1.91894162939613,-50040.7429413048,-50040.7429413048,-50040.7429413048,-10049.838145520403,-10049.838145520403,0.0,0.0
907822.935880751;	0.0,191.0,1.9965718509736803,1.9965718509736803,-50038.74636945384,-50038.74636945384,-50038.74636945384,-10050.556097265846,-10050.556097265846,0.0,0.0
907823.2179116311;	0.0,192.0,1.905677168994984,1.905677168994984,-50036.84069228484,-50036.84069228484,-50036.84069228484,-10050.744755446953,-10050.744755446953,0.0,0.0
907836.747670031;	0.0,193.0,5.022221369006175,5.022221369006175,-50031.81847091583,-50031.81847091583,-50031.81847091583,-10049.024113518133,-10049.024113518133,0.0,0.0
907931.5731261;	0.0,194.0,1.369153502630084,1.369153502630084,-50030.4493174132,-50030.4493174132,-50030.4493174132,-10051.565045390242,-10051.565045390242,0.0,0.0
907992.974193417;	0.0,195.0,1.3459988040650046,1.3459988040650046,-50029.10331860912,-50029.10331860912,-50029.10331860912,-10050.91714756402,-10050.91714756402,0.0,0.0
907999.7744438951;	0.0,196.0,6.7774574933294724,6.7774574933294724,-50022.3258611158,-50022.3258611158,-50022.3258611158,-10049.602210495896,-10049.602210495896,0.0,0.0
908106.116133327;	0.0,197.0,1.2317168842480886,1.2317168842480886,-50021.09414423155,-50021.09414423155,-50021.09414423155,-10051.14225968588,-10051.14225968588,0.0,0.0
908106.8640521871;	0.0,198.0,1.2195502907305595,1.2195502907305595,-50019.874593940825,-50019.874593940825,-50019.874593940825,-10051.308793319979,-10051.308793319979,0.0,0.0
908117.032844519;	0.0,199.0,2.9426759321037324,2.9426759321037324,-50016.93191800871,-50016.93191800871,-50016.93191800871,-10051.877751256587,-10051.877751256587,0.0,0.0
908122.893177605;	0.0,200.0,17.33049668038985,17.330496680389842,-49999.60142132833,-49999.60142132833,-49999.60142132833,-10052.873514676223,-10052.873514676223,0.0,0.0
908286.0268226181;	0.0,201.0,12.084080458880248,12.084080458880248,-49987.51734086945,-49987.51734086945,-49987.51734086945,-10052.93153966787,-10052.93153966787,0.0,0.0
908351.210417503;	0.0,202.0,9.148341390900578,9.148341390900578,-49978.36899947855,-49978.36899947855,-49978.36899947855,-10053.838676581117,-10053.838676581117,0.0,0.0
908465.089540009;	0.0,203.0,3.936740812516973,3.936740812516973,-49974.432258666035,-49974.432258666035,-49974.432258666035,-10054.233847284739,-10054.233847284739,0.0,0.0
908468.4805260961;	0.0,204.0,3.1312312894450542,3.1312312894450542,-49971.30102737659,-49971.30102737659,-49971.30102737659,-10055.518787579875,-10055.518787579875,0.0,0.0
908469.3250180531;	0.0,205.0,2.6475412213682716,2.6475412213682716,-49968.65348615522,-49968.65348615522,-49968.65348615522,-10057.087861044634,-10057.087861044634,0.0,0.0
908474.592875548;	0.0,206.0,1.6363147039529053,1.6363147039529053,-49967.01717145127,-49967.01717145127,-49967.01717145127,-10057.616760533952,-10057.616760533952,0.0,0.0
908477.6587420211;	0.0,207.0,2.845004421076031,2.845004421076031,-49964.17216703019,-49964.17216703019,-49964.17216703019,-10057.416349690136,-10057.416349690136,0.0,0.0
908623.9995435161;	0.0,208.0,1.7060116844914717,1.7060116844914717,-49962.4661553457,-49962.4661553457,-49962.4661553457,-10057.314873331658,-10057.314873331658,0.0,0.0
908806.863866304;	0.0,209.0,2.84175425094778,2.84175425094778,-49959.62440109475,-49959.62440109475,-49959.62440109475,-10057.021354676675,-10057.021354676675,0.0,0.0
908814.557386673;	0.0,210.0,5.546907320561209,5.546907320561209,-49954.07749377419,-49954.07749377419,-49954.07749377419,-10055.421303084813,-10055.421303084813,0.0,0.0
908899.082039149;	0.0,211.0,1.0771591297763408,1.0771591297763408,-49953.00033464441,-49953.00033464441,-49953.00033464441,-10053.526620956327,-10053.526620956327,0.0,0.0
908901.7055319891;	0.0,212.0,2.121513275855742,2.121513275855742,-49950.878821368555,-49950.878821368555,-49950.878821368555,-10053.546823663644,-10053.546823663644,0.0,0.0
908972.9595768411;	0.0,213.0,18.18539994482896,18.18539994482896,-49932.69342142374,-49932.69342142374,-49932.69342142374,-10060.71470919884,-10060.71470919884,0.0,0.0
909046.044464488;	0.0,214.0,13.93388435283282,13.933884352832877,-49918.759537070895,-49918.759537070895,-49918.759537070895,-10054.59188994893,-10054.59188994893,0.0,0.0
909280.737539142;	0.0,215.0,19.701661514308924,19.701661514308924,-49899.05787555657,-49899.05787555657,-49899.05787555657,-10047.583337206528,-10047.583337206528,0.0,0.0
909341.276112166;	0.0,216.0,9.839188531239916,9.839188531239916,-49889.21868702533,-49889.21868702533,-49889.21868702533,-10045.505118558223,-10045.505118558223,0.0,0.0
909403.2405944751;	0.0,217.0,4.649425108515516,4.649425108515516,-49884.56926191682,-49884.56926191682,-49884.56926191682,-10047.521424088674,-10047.521424088674,0.0,0.0
909479.734565841;	0.0,218.0,3.4793701989249968,3.4793701989249968,-49881.08989171789,-49881.08989171789,-49881.08989171789,-10047.093161118037,-10047.093161118037,0.0,0.0
909558.8326081211;	0.0,219.0,10.172285920701144,10.172285920701142,-49870.917605797214,-49870.917605797214,-49870.917605797214,-10047.429007251128,-10047.429007251128,0.0,0.0
909657.2324194821;	0.0,220.0,17.77326355227359,17.77326355227359,-49853.14434224495,-49853.14434224495,-49853.14434224495,-10038.186264956905,-10038.186264956905,0.0,0.0
909860.528908435;	0.0,221.0,71.18550579240085,71.18550579240085,-49781.95883645255,-49781.95883645255,-49781.95883645255,-10025.718209001225,-10025.718209001225,0.0,0.0
909939.003772367;	0.0,222.0,38.30618502083207,38.30618502083207,-49743.65265143172,-49743.65265143172,-49743.65265143172,-10011.894321111533,-10011.894321111533,0.0,0.0
910046.386769537;	0.0,223.0,10.140473929407742,10.140473929407742,-49733.512177502314,-49733.512177502314,-49733.512177502314,-10012.978562271777,-10012.978562271777,0.0,0.0
910138.302860068;	0.0,224.0,7.521469188204799,7.521469188204799,-49725.99070831411,-49725.99070831411,-49725.99070831411,-10012.143889114674,-10012.143889114674,0.0,0.0
910187.4874498261;	0.0,225.0,5.149544626519486,5.149544626519486,-49720.8411636876,-49720.8411636876,-49720.8411636876,-10012.706762481164,-10012.706762481164,0.0,0.0
910255.715726037;	0.0,226.0,11.31530663888503,11.315306638885028,-49709.525857048706,-49709.525857048706,-49709.525857048706,-10011.566280586469,-10011.566280586469,0.0,0.0
910345.5181272121;	0.0,227.0,5.3381613768051706,5.3381613768051706,-49704.187695671906,-49704.187695671906,-49704.187695671906,-10013.398511172381,-10013.398511172381,0.0,0.0
910441.5138423451;	0.0,228.0,1.1772028652850963,1.1772028652850963,-49703.01049280662,-49703.01049280662,-49703.01049280662,-10013.711030787183,-10013.711030787183,0.0,0.0
910445.1552094611;	0.0,229.0,6.406935497511615,6.406935497511615,-49696.60355730909,-49696.60355730909,-49696.60355730909,-10014.491842069952,-10014.491842069952,0.0,0.0
910534.659156374;	0.0,230.0,0.9614508319527991,0.9614508319527991,-49695.64210647714,-49695.64210647714,-49695.64210647714,-10014.258377050073,-10014.258377050073,0.0,0.0
910535.322071542;	0.0,231.0,0.4928536503676604,0.4928536503676604,-49695.14925282678,-49695.14925282678,-49695.14925282678,-10014.857718971218,-10014.857718971218,0.0,0.0
910589.7510386601;	0.0,232.0,16.182012510677524,16.182012510677524,-49678.9672403161,-49678.9672403161,-49678.9672403161,-10012.33208174675,-10012.33208174675,0.0,0.0
910805.417257803;	0.0,233.0,19.12620118221202,19.12620118221202,-49659.841039133884,-49659.841039133884,-49659.841039133884,-10009.215014519114,-10009.215014519114,0.0,0.0
910901.067523943;	0.0,234.0,4.838895076640199,4.838895076640199,-49655.002144057245,-49655.002144057245,-49655.002144057245,-10006.947155539021,-10006.947155539021,0.0,0.0
910901.758651482;	0.0,235.0,0.7365313413775993,0.7365313413775993,-49654.26561271586,-49654.26561271586,-49654.26561271586,-10006.557272020016,-10006.557272020016,0.0,0.0
911102.5138780591;	0.0,236.0,5.283246780704271,5.283246780704271,-49648.98236593515,-49648.98236593515,-49648.98236593515,-10005.270823636622,-10005.270823636622,0.0,0.0
911153.7435174801;	0.0,237.0,2.4256500184237524,2.4256500184237524,-49646.55671591673,-49646.55671591673,-49646.55671591673,-10007.354743546884,-10007.354743546884,0.0,0.0
911153.8997967581;	0.0,238.0,5.248104173178847,5.248104173178847,-49641.30861174355,-49641.30861174355,-49641.30861174355,-10007.242622095422,-10007.242622095422,0.0,0.0
911249.077159411;	0.0,239.0,2.4578426948920757,2.4578426948920757,-49638.850769048666,-49638.850769048666,-49638.850769048666,-10006.640792751172,-10006.640792751172,0.0,0.0
911250.0677029211;	0.0,240.0,12.820294382509026,12.820294382509026,-49626.03047466614,-49626.03047466614,-49626.03047466614,-10005.921369247635,-10005.921369247635,0.0,0.0
911332.5672448451;	0.0,241.0,1.2708600190990134,1.2708600190990134,-49624.759614647046,-49624.759614647046,-49624.759614647046,-10005.967022409322,-10005.967022409322,0.0,0.0
911429.3889069251;	0.0,242.0,2.344121412575653,2.344121412575653,-49622.41549323447,-49622.41549323447,-49622.41549323447,-10004.580577885255,-10004.580577885255,0.0,0.0
911430.0348362561;	0.0,243.0,0.9349069609085676,0.9349069609085676,-49621.48058627357,-49621.48058627357,-49621.48058627357,-10004.931278710903,-10004.931278710903,0.0,0.0
911446.3579596031;	0.0,244.0,4.633818204589692,4.633818204589692,-49616.84676806896,-49616.84676806896,-49616.84676806896,-10004.819078312159,-10004.819078312159,0.0,0.0
911507.4569231101;	0.0,245.0,10.809488665590145,10.809488665590145,-49606.03727940337,-49606.03727940337,-49606.03727940337,-10004.572959113371,-10004.572959113371,0.0,0.0
911606.9193959611;	0.0,246.0,2.0315597772084253,2.0315597772084253,-49604.005719626155,-49604.005719626155,-49604.005719626155,-10004.723541429656,-10004.723541429656,0.0,0.0
911618.875455987;	0.0,247.0,7.985473143229187,7.985473143229188,-49596.0202464829,-49596.0202464829,-49596.0202464829,-10005.95313568163,-10005.95313568163,0.0,0.0
911660.3634328421;	0.0,248.0,0.44348172728436097,0.44348172728436097,-49595.57676475561,-49595.57676475561,-49595.57676475561,-10005.757608550048,-10005.757608550048,0.0,0.0
911910.5255631021;	0.0,249.0,2.603607060829443,2.603607060829443,-49592.97315769479,-49592.97315769479,-49592.97315769479,-10005.99661128127,-10005.99661128127,0.0,0.0
911998.8798074761;	0.0,250.0,2.5869506925543924,2.5869506925543924,-49590.38620700225,-49590.38620700225,-49590.38620700225,-10006.253398451016,-10006.253398451016,0.0,0.0
912111.4031577071;	0.0,251.0,2.6156742333607994,2.6156742333607994,-49587.77053276889,-49587.77053276889,-49587.77053276889,-10006.270267763435,-10006.270267763435,0.0,0.0
912173.8487486781;	0.0,252.0,8.778212289718908,8.778212289718795,-49578.99232047918,-49578.99232047918,-49578.99232047918,-10007.253742866991,-10007.253742866991,0.0,0.0
912255.6589399261;	0.0,253.0,242.1913037969448,242.1913037969448,-49336.80101668224,-49336.80101668224,-49336.80101668224,-9951.237293027847,-9951.237293027847,0.0,0.0
912479.9695298801;	0.0,254.0,63.53380846947611,63.53380846947611,-49273.267208212754,-49273.267208212754,-49273.267208212754,-9938.89195256641,-9938.89195256641,0.0,0.0
912551.47719597;	0.0,255.0,324.24537452082996,324.2453745208318,-48949.021833691906,-48949.021833691906,-48949.021833691906,-9871.774040612285,-9871.774040612285,0.0,0.0
912752.872398408;	0.0,256.0,67.79402496326009,67.79402496326009,-48881.22780872863,-48881.22780872863,-48881.22780872863,-9855.368918719163,-9855.368918719163,0.0,0.0
912851.316730138;	0.0,257.0,61.16875057892897,61.168750578928965,-48820.059058149716,-48820.059058149716,-48820.059058149716,-9839.184710359048,-9839.184710359048,0.0,0.0
912969.364850281;	0.0,258.0,68.31888193713685,68.31888193713685,-48751.740176212574,-48751.740176212574,-48751.740176212574,-9828.958531551194,-9828.958531551194,0.0,0.0
913028.314106337;	0.0,259.0,82.20465876125037,82.20465876125039,-48669.535517451324,-48669.535517451324,-48669.535517451324,-9810.70160801787,-9810.70160801787,0.0,0.0
913112.638876062;	0.0,260.0,151.47795389636389,151.477953896364,-48518.05756355497,-48518.05756355497,-48518.05756355497,-9782.620412561058,-9782.620412561058,0.0,0.0
913227.3960038581;	0.0,261.0,66.85183884697614,66.85183884697614,-48451.205724708,-48451.205724708,-48451.205724708,-9769.293704520327,-9769.293704520327,0.0,0.0
913228.225378811;	0.0,262.0,15.763302421299414,15.763302421299414,-48435.442422286695,-48435.442422286695,-48435.442422286695,-9765.83820166763,-9765.83820166763,0.0,0.0
913338.3528578761;	0.0,263.0,26.214862612756505,26.214862612756505,-48409.22755967393,-48409.22755967393,-48409.22755967393,-9761.041664386743,-9761.041664386743,0.0,0.0
913464.0233183431;	0.0,264.0,18.25406407373101,18.25406407373101,-48390.97349560021,-48390.97349560021,-48390.97349560021,-9758.364870791775,-9758.364870791775,0.0,0.0
913515.014550074;	0.0,265.0,106.46599340847996,106.46599340848002,-48284.507502191744,-48284.507502191744,-48284.507502191744,-9734.25028339299,-9734.25028339299,0.0,0.0
913725.0610462991;	0.0,266.0,33.31708944103368,33.31708944103367,-48251.1904127507,-48251.1904127507,-48251.1904127507,-9724.211758357562,-9724.211758357562,0.0,0.0
913821.4932060051;	0.0,267.0,24.81614418304993,24.81614418304993,-48226.37426856765,-48226.37426856765,-48226.37426856765,-9717.821596559721,-9717.821596559721,0.0,0.0
913918.7960460751;	0.0,268.0,9.349787643507739,9.349787643507739,-48217.02448092414,-48217.02448092414,-48217.02448092414,-9712.273729265116,-9712.273729265116,0.0,0.0
913984.721306047;	0.0,269.0,4.04854690821017,4.04854690821017,-48212.97593401593,-48212.97593401593,-48212.97593401593,-9712.05388318866,-9712.05388318866,0.0,0.0
913986.071819875;	0.0,270.0,2.4306786267328704,2.4306786267328704,-48210.545255389196,-48210.545255389196,-48210.545255389196,-9711.78124676116,-9711.78124676116,0.0,0.0
913987.55927156;	0.0,271.0,6.383141791927049,6.383141791927049,-48204.16211359726,-48204.16211359726,-48204.16211359726,-9711.095558846107,-9711.095558846107,0.0,0.0
913991.615751334;	0.0,272.0,5.287716001260361,5.287716001260361,-48198.87439759601,-48198.87439759601,-48198.87439759601,-9711.386057593561,-9711.386057593561,0.0,0.0
913992.166179512;	0.0,273.0,4.582738390682508,4.582738390682508,-48194.29165920533,-48194.29165920533,-48194.29165920533,-9713.845909220434,-9713.845909220434,0.0,0.0
913992.5371278181;	0.0,274.0,37.455708489408806,37.455708489408806,-48156.83595071591,-48156.83595071591,-48156.83595071591,-9713.231916979132,-9713.231916979132,0.0,0.0
914269.398154889;	0.0,275.0,10.580946930229429,10.580946930229429,-48146.25500378567,-48146.25500378567,-48146.25500378567,-9711.93339597313,-9711.93339597313,0.0,0.0
914387.5281556511;	0.0,276.0,6.412152333104358,6.412152333104358,-48139.84285145258,-48139.84285145258,-48139.84285145258,-9712.34657320234,-9712.34657320234,0.0,0.0
914456.1973406981;	0.0,277.0,3.163031383401126,3.163031383401126,-48136.67982006918,-48136.67982006918,-48136.67982006918,-9712.104447683156,-9712.104447683156,0.0,0.0
914456.769310888;	0.0,278.0,1.7092778096503487,1.7092778096503487,-48134.97054225952,-48134.97054225952,-48134.97054225952,-9712.094884162008,-9712.094884162008,0.0,0.0
914462.9261997831;	0.0,279.0,0.5515256423627379,0.5515256423627379,-48134.41901661716,-48134.41901661716,-48134.41901661716,-9712.29288039319,-9712.29288039319,0.0,0.0
914728.7611474551;	0.0,280.0,17.073093757197398,17.073093757197398,-48117.34592285996,-48117.34592285996,-48117.34592285996,-9712.124600367613,-9712.124600367613,0.0,0.0
914848.2822998471;	0.0,281.0,43.66347947374352,43.663479473743465,-48073.68244338622,-48073.68244338622,-48073.68244338622,-9700.240561508555,-9700.240561508555,0.0,0.0
914931.144531692;	0.0,282.0,15.399652711097664,15.399652711097664,-48058.282790675126,-48058.282790675126,-48058.282790675126,-9698.9460803256,-9698.9460803256,0.0,0.0
914931.6874107351;	0.0,283.0,1.273325210525467,1.2733252105254103,-48057.00946546461,-48057.00946546461,-48057.00946546461,-9698.542936576829,-9698.542936576829,0.0,0.0
915026.1825745121;	0.0,284.0,2.311102190157527,2.311102190157527,-48054.69836327445,-48054.69836327445,-48054.69836327445,-9698.074412555896,-9698.074412555896,0.0,0.0
915026.6765537141;	0.0,285.0,5.806990232826608,5.806990232826608,-48048.89137304164,-48048.89137304164,-48048.89137304164,-9698.274717468285,-9698.274717468285,0.0,0.0
915134.8572837261;	0.0,286.0,0.9402076096671337,0.9402076096671337,-48047.951165431965,-48047.951165431965,-48047.951165431965,-9698.186230787047,-9698.186230787047,0.0,0.0
915265.5123646511;	0.0,287.0,3.3106521883701774,3.3106521883701774,-48044.64051324358,-48044.64051324358,-48044.64051324358,-9698.391232041378,-9698.391232041378,0.0,0.0
915341.2461638411;	0.0,288.0,3.2489355743566537,3.2489355743566537,-48041.39157766924,-48041.39157766924,-48041.39157766924,-9700.324622043978,-9700.324622043978,0.0,0.0
915502.751180458;	0.0,289.0,9.530829475292677,9.530829475292677,-48031.86074819395,-48031.86074819395,-48031.86074819395,-9698.257896531122,-9698.257896531122,0.0,0.0
915638.612223;	0.0,290.0,4.49522565371098,4.49522565371098,-48027.365522540225,-48027.365522540225,-48027.365522540225,-9699.519743592415,-9699.519743592415,0.0,0.0
915639.2187493001;	0.0,291.0,1.3856339181352766,1.3856339181352766,-48025.97988862209,-48025.97988862209,-48025.97988862209,-9700.514557451394,-9700.514557451394,0.0,0.0
915639.740444281;	0.0,292.0,0.9560383367466003,0.9560383367466003,-48025.02385028534,-48025.02385028534,-48025.02385028534,-9703.855721991065,-9703.855721991065,0.0,0.0
915869.915793898;	0.0,293.0,1.1775262085963654,1.1775262085963654,-48023.846324076745,-48023.846324076745,-48023.846324076745,-9703.543508958208,-9703.543508958208,0.0,0.0
915870.603249461;	0.0,294.0,1.1745946016775601,1.1745946016775601,-48022.671729475056,-48022.671729475056,-48022.671729475056,-9703.841809458243,-9703.841809458243,0.0,0.0
915997.016073993;	0.0,295.0,2.7230596923754793,2.7230596923754793,-48019.9486697827,-48019.9486697827,-48019.9486697827,-9703.153438288267,-9703.153438288267,0.0,0.0
916267.342591386;	0.0,296.0,10.431904911933021,10.431904911933024,-48009.51676487076,-48009.51676487076,-48009.51676487076,-9702.741689360015,-9702.741689360015,0.0,0.0
916643.2678126751;	0.0,297.0,3.764877486861505,3.764877486861505,-48005.7518873839,-48005.7518873839,-48005.7518873839,-9702.20537398972,-9702.20537398972,0.0,0.0
917076.118253123;	0.0,298.0,3.1338115754023512,3.1338115754023512,-48002.61807580848,-48002.61807580848,-48002.61807580848,-9704.35081165152,-9704.35081165152,0.0,0.0
917167.500660015;	0.0,299.0,11.883503118121773,11.883503118121759,-47990.73457269037,-47990.73457269037,-47990.73457269037,-9704.539293966456,-9704.539293966456,0.0,0.0
917331.392857003;	0.0,300.0,23.669035280254594,23.669035280254594,-47967.06553741012,-47967.06553741012,-47967.06553741012,-9691.961927258491,-9691.961927258491,0.0,0.0
917331.775958047;	0.0,301.0,7.505633910895036,7.505633910895036,-47959.55990349922,-47959.55990349922,-47959.55990349922,-9693.142702151696,-9693.142702151696,0.0,0.0
917332.0617179221;	0.0,302.0,4.065405753756226,4.065405753756226,-47955.49449774547,-47955.49449774547,-47955.49449774547,-9688.31027030438,-9688.31027030438,0.0,0.0
917332.841978529;	0.0,303.0,0.38221212820197825,0.38221212820197825,-47955.11228561727,-47955.11228561727,-47955.11228561727,-9688.31027030438,-9688.31027030438,0.0,0.0
917436.910129564;	0.0,304.0,0.7544312310111945,0.7544312310111945,-47954.35785438625,-47954.35785438625,-47954.35785438625,-9688.873006319931,-9688.873006319931,0.0,0.0
917440.778585018;	0.0,305.0,0.37332423869103337,0.37332423869103337,-47953.98453014757,-47953.98453014757,-47953.98453014757,-9688.749059682708,-9688.749059682708,0.0,0.0
917899.848187668;	0.0,306.0,3.9990708844211427,3.9990708844211427,-47949.985459263145,-47949.985459263145,-47949.985459263145,-9688.813302900222,-9688.813302900222,0.0,0.0
918038.756859882;	0.0,307.0,6.904435294638773,6.90443529463877,-47943.08102396851,-47943.08102396851,-47943.08102396851,-9686.920663552693,-9686.920663552693,0.0,0.0
918139.880273754;	0.0,308.0,3.200808776381381,3.200808776381381,-47939.88021519214,-47939.88021519214,-47939.88021519214,-9687.47762037638,-9687.47762037638,0.0,0.0
918142.671988405;	0.0,309.0,2.7006988932059883,2.7006988932059883,-47937.179516298944,-47937.179516298944,-47937.179516298944,-9688.892709461219,-9688.892709461219,0.0,0.0
918143.3612008841;	0.0,310.0,1.816179055056205,1.816179055056205,-47935.36333724389,-47935.36333724389,-47935.36333724389,-9688.53676292763,-9688.53676292763,0.0,0.0
918143.8820705051;	0.0,311.0,1.0456259390849425,1.0456259390849425,-47934.3177113048,-47934.3177113048,-47934.3177113048,-9689.029840862437,-9689.029840862437,0.0,0.0
918255.201937953;	0.0,312.0,0.6888743440536018,0.6888743440536018,-47933.62883696076,-47933.62883696076,-47933.62883696076,-9689.333792347372,-9689.333792347372,0.0,0.0
918273.6462617541;	0.0,313.0,3.1132269708689675,3.1132269708689675,-47930.51560998987,-47930.51560998987,-47930.51560998987,-9690.336529439865,-9690.336529439865,0.0,0.0
918436.34450378;	0.0,314.0,2.705148968046522,2.705148968046522,-47927.810461021836,-47927.810461021836,-47927.810461021836,-9691.123029492881,-9691.123029492881,0.0,0.0
918446.382196367;	0.0,315.0,0.6859581617605386,0.6859581617605386,-47927.12450286008,-47927.12450286008,-47927.12450286008,-9691.55584474157,-9691.55584474157,0.0,0.0
918446.576988945;	0.0,316.0,1.7038501192554136,1.7038501192554136,-47925.42065274084,-47925.42065274084,-47925.42065274084,-9691.016795379684,-9691.016795379684,0.0,0.0
918458.576826071;	0.0,317.0,1.6790108132324981,1.6790108132324981,-47923.74164192761,-47923.74164192761,-47923.74164192761,-9688.812409431128,-9688.812409431128,0.0,0.0
918459.022260035;	0.0,318.0,2.989154452442537,2.989154452442537,-47920.75248747517,-47920.75248747517,-47920.75248747517,-9689.430417308973,-9689.430417308973,0.0,0.0
918563.6528224781;	0.0,319.0,1.9903975936904317,1.9903975936904175,-47918.762089881464,-47918.762089881464,-47918.762089881464,-9689.879559461955,-9689.879559461955,0.0,0.0
918564.1549587271;	0.0,320.0,19.194133375630884,19.194133375630827,-47899.56795650584,-47899.56795650584,-47899.56795650584,-9688.020866400657,-9688.020866400657,0.0,0.0
918717.0252972301;	0.0,321.0,122.93603541062873,122.93603541062873,-47776.63192109519,-47776.63192109519,-47776.63192109519,-9660.590395443105,-9660.590395443105,0.0,0.0
919076.179004578;	0.0,322.0,27.308173639389317,27.308173639389317,-47749.32374745581,-47749.32374745581,-47749.32374745581,-9655.81345419818,-9655.81345419818,0.0,0.0
919184.788567114;	0.0,323.0,30.0611748807317,30.0611748807317,-47719.26257257508,-47719.26257257508,-47719.26257257508,-9650.62102687887,-9650.62102687887,0.0,0.0
919300.196026691;	0.0,324.0,33.913075968015896,33.913075968015896,-47685.34949660705,-47685.34949660705,-47685.34949660705,-9644.18613359226,-9644.18613359226,0.0,0.0
919443.463056119;	0.0,325.0,10.680564587098942,10.680564587098942,-47674.668932019966,-47674.668932019966,-47674.668932019966,-9644.048436663916,-9644.048436663916,0.0,0.0
919444.771254478;	0.0,326.0,5.770985202053335,5.770985202053335,-47668.89794681792,-47668.89794681792,-47668.89794681792,-9643.934240764267,-9643.934240764267,0.0,0.0
919445.4037750971;	0.0,327.0,6.693617464684667,6.693617464684667,-47662.20432935323,-47662.20432935323,-47662.20432935323,-9642.694130732594,-9642.694130732594,0.0,0.0
919446.308466113;	0.0,328.0,5.6661022226097755,5.6661022226097755,-47656.538227130615,-47656.538227130615,-47656.538227130615,-9645.741489378233,-9645.741489378233,0.0,0.0
919451.4439086581;	0.0,329.0,2.33242740403462,2.33242740403462,-47654.20579972658,-47654.20579972658,-47654.20579972658,-9647.176944858862,-9647.176944858862,0.0,0.0
919452.0889259841;	0.0,330.0,2.907907244932579,2.907907244932579,-47651.297892481634,-47651.297892481634,-47651.297892481634,-9647.405124790886,-9647.405124790886,0.0,0.0
919453.8618995331;	0.0,331.0,2.9586229480448862,2.9586229480448862,-47648.3392695336,-47648.3392695336,-47648.3392695336,-9647.408370691695,-9647.408370691695,0.0,0.0
919471.203476479;	0.0,332.0,2.900233051694123,2.900233051694123,-47645.439036481905,-47645.439036481905,-47645.439036481905,-9646.277031085629,-9646.277031085629,0.0,0.0
919607.1959556141;	0.0,333.0,0.9354621969215344,0.9354621969215344,-47644.50357428498,-47644.50357428498,-47644.50357428498,-9644.823841080624,-9644.823841080624,0.0,0.0
919607.527399698;	0.0,334.0,0.3689269828844992,0.3689269828844992,-47644.13464730209,-47644.13464730209,-47644.13464730209,-9645.271480720752,-9645.271480720752,0.0,0.0
919607.8462081801;	0.0,335.0,1.0391611579937443,1.0391611579937443,-47643.095486144106,-47643.095486144106,-47643.095486144106,-9645.47377517206,-9645.47377517206,0.0,0.0
919631.1030308501;	0.0,336.0,1.6901578051225394,1.6901578051225394,-47641.40532833898,-47641.40532833898,-47641.40532833898,-9645.770651471154,-9645.770651471154,0.0,0.0
919638.956288813;	0.0,337.0,1.621632220931225,1.621632220931225,-47639.78369611805,-47639.78369611805,-47639.78369611805,-9647.136805409553,-9647.136805409553,0.0,0.0
919643.035423727;	0.0,338.0,2.5727909211964564,2.5727909211964564,-47637.210905196865,-47637.210905196865,-47637.210905196865,-9648.2959561169,-9648.2959561169,0.0,0.0
919738.9474336981;	0.0,339.0,1.5996886295957102,1.5996886295957102,-47635.611216567275,-47635.611216567275,-47635.611216567275,-9647.586857305743,-9647.586857305743,0.0,0.0
919740.1344240371;	0.0,340.0,1.5744639755602008,1.5744639755602008,-47634.0367525917,-47634.0367525917,-47634.0367525917,-9646.6957559649,-9646.6957559649,0.0,0.0
919745.5167775251;	0.0,341.0,1.8569508421264764,1.8569508421264764,-47632.17980174957,-47632.17980174957,-47632.17980174957,-9643.838234333365,-9643.838234333365,0.0,0.0
919877.982461089;	0.0,342.0,1.499245133680196,1.499245133680196,-47630.680556615895,-47630.680556615895,-47630.680556615895,-9643.961675545115,-9643.961675545115,0.0,0.0
919878.9667118661;	0.0,343.0,1.9558589812475358,1.9558589812475358,-47628.72469763464,-47628.72469763464,-47628.72469763464,-9642.839858029496,-9642.839858029496,0.0,0.0
920021.3162965591;	0.0,344.0,1.4849735481439121,1.4849735481439121,-47627.2397240865,-47627.2397240865,-47627.2397240865,-9639.73257590706,-9639.73257590706,0.0,0.0
920025.1582345121;	0.0,345.0,2.6235662839701845,2.6235662839701845,-47624.61615780253,-47624.61615780253,-47624.61615780253,-9640.193714459434,-9640.193714459434,0.0,0.0
920159.898114932;	0.0,346.0,0.8875687743896457,0.8875687743896457,-47623.72858902814,-47623.72858902814,-47623.72858902814,-9640.8038174459,-9640.8038174459,0.0,0.0
920176.082324816;	0.0,347.0,0.8691105058876776,0.8691105058876776,-47622.85947852226,-47622.85947852226,-47622.85947852226,-9640.833647872234,-9640.833647872234,0.0,0.0
920177.284719827;	0.0,348.0,2.3174594947026446,2.3174594947026446,-47620.54201902758,-47620.54201902758,-47620.54201902758,-9642.351690771915,-9642.351690771915,0.0,0.0
920326.418415287;	0.0,349.0,1.914671935485245,1.914671935485245,-47618.62734709209,-47618.62734709209,-47618.62734709209,-9642.616229268413,-9642.616229268413,0.0,0.0
920335.9169788511;	0.0,350.0,1.5122598682700108,1.5122598682700108,-47617.115087223814,-47617.115087223814,-47617.115087223814,-9642.818566349373,-9642.818566349373,0.0,0.0
920337.8157565771;	0.0,351.0,9.098021363085692,9.098021363085692,-47608.017065860746,-47608.017065860746,-47608.017065860746,-9636.94862662302,-9636.94862662302,0.0,0.0
920725.970819188;	0.0,352.0,4.9115168997352745,4.9115168997352745,-47603.10554896103,-47603.10554896103,-47603.10554896103,-9636.761269904755,-9636.761269904755,0.0,0.0
920885.553475299;	0.0,353.0,3.991839071630705,3.9918390716307046,-47599.1137098894,-47599.1137098894,-47599.1137098894,-9637.271476671753,-9637.271476671753,0.0,0.0
920956.8981289921;	0.0,354.0,2.0695707908138417,2.0695707908138417,-47597.04413909859,-47597.04413909859,-47597.04413909859,-9636.704753978804,-9636.704753978804,0.0,0.0
920957.3156917191;	0.0,355.0,1.794323830475122,1.794323830475122,-47595.249815268115,-47595.249815268115,-47595.249815268115,-9637.062669298508,-9637.062669298508,0.0,0.0
920957.5256952761;	0.0,356.0,3.5279473320612595,3.5279473320612587,-47591.721867936045,-47591.721867936045,-47591.721867936045,-9637.193746564786,-9637.193746564786,0.0,0.0
921134.5825108631;	0.0,357.0,0.817287622707882,0.817287622707882,-47590.90458031334,-47590.90458031334,-47590.90458031334,-9637.129454755666,-9637.129454755666,0.0,0.0
921635.0041225221;	0.0,358.0,1.5636153751903457,1.5636153751903457,-47589.34096493816,-47589.34096493816,-47589.34096493816,-9637.562914948627,-9637.562914948627,0.0,0.0
921792.4833483291;	0.0,359.0,0.8531556519909316,0.8531556519909316,-47588.48780928617,-47588.48780928617,-47588.48780928617,-9637.756037759133,-9637.756037759133,0.0,0.0
922022.602625528;	0.0,360.0,3.1150981589273004,3.1150981589273004,-47585.37271112723,-47585.37271112723,-47585.37271112723,-9633.624210660171,-9633.624210660171,0.0,0.0
922120.8316905451;	0.0,361.0,5.169969140467913,5.1699691404678845,-47580.20274198675,-47580.20274198675,-47580.20274198675,-9633.170260552231,-9633.170260552231,0.0,0.0
922236.8167142081;	0.0,362.0,45.789179075878806,45.789179075878806,-47534.41356291087,-47534.41356291087,-47534.41356291087,-9624.449453564244,-9624.449453564244,0.0,0.0
922237.9463256961;	0.0,363.0,25.94150713740386,25.94150713740386,-47508.47205577346,-47508.47205577346,-47508.47205577346,-9622.233005859038,-9622.233005859038,0.0,0.0
922239.044522756;	0.0,364.0,10.271992867479725,10.271992867479696,-47498.200062905984,-47498.200062905984,-47498.200062905984,-9621.875756127261,-9621.875756127261,0.0,0.0
922365.3469341721;	0.0,365.0,2.184979966569971,2.1849799665699425,-47496.01508293942,-47496.01508293942,-47496.01508293942,-9621.560058665462,-9621.560058665462,0.0,0.0
922506.3581113;	0.0,366.0,0.9287745749664964,0.9287745749664964,-47495.08630836446,-47495.08630836446,-47495.08630836446,-9621.272331359314,-9621.272331359314,0.0,0.0
922506.66786634;	0.0,367.0,2.178087240460741,2.178087240460741,-47492.908221124,-47492.908221124,-47492.908221124,-9620.769132966592,-9620.769132966592,0.0,0.0
922518.8045239091;	0.0,368.0,0.7217837878052293,0.7217837878052293,-47492.18643733619,-47492.18643733619,-47492.18643733619,-9622.50415170511,-9622.50415170511,0.0,0.0
922535.3316216341;	0.0,369.0,1.5369195713199642,1.5369195713199642,-47490.64951776486,-47490.64951776486,-47490.64951776486,-9622.904704676968,-9622.904704676968,0.0,0.0
922668.705011653;	0.0,370.0,2.2014963549596174,2.2014963549596174,-47488.4480214099,-47488.4480214099,-47488.4480214099,-9621.212592892407,-9621.212592892407,0.0,0.0
922824.1439102221;	0.0,371.0,2.4275101587639902,2.4275101587639902,-47486.02051125116,-47486.02051125116,-47486.02051125116,-9621.181362700416,-9621.181362700416,0.0,0.0
922975.181554708;	0.0,372.0,0.7234885245174141,0.7234885245174141,-47485.297022726634,-47485.297022726634,-47485.297022726634,-9620.562446563967,-9620.562446563967,0.0,0.0
922975.349556386;	0.0,373.0,6.237978071517773,6.2379780715178015,-47479.05904465512,-47479.05904465512,-47479.05904465512,-9617.911504277961,-9617.911504277961,0.0,0.0
923092.9791630011;	0.0,374.0,1.49814830183902,1.49814830183902,-47477.56089635328,-47477.56089635328,-47477.56089635328,-9618.143974774204,-9618.143974774204,0.0,0.0
923269.095949237;	0.0,375.0,0.9898610816710867,0.9898610816710869,-47476.571035271605,-47476.571035271605,-47476.571035271605,-9617.822155106393,-9617.822155106393,0.0,0.0
923450.5400901041;	0.0,376.0,2.78961889240532,2.78961889240532,-47473.7814163792,-47473.7814163792,-47473.7814163792,-9618.601780972003,-9618.601780972003,0.0,0.0
923609.8236629961;	0.0,377.0,1.437447753598069,1.437447753598069,-47472.34396862559,-47472.34396862559,-47472.34396862559,-9619.23002558974,-9619.23002558974,0.0,0.0
923831.154494251;	0.0,378.0,4.308606127524015,4.308606127524014,-47468.03536249808,-47468.03536249808,-47468.03536249808,-9621.623161248535,-9621.623161248535,0.0,0.0
923947.69364277;	0.0,379.0,1.1962743461702985,1.1962743461702985,-47466.839088151915,-47466.839088151915,-47466.839088151915,-9620.19401736367,-9620.19401736367,0.0,0.0
923951.9800860081;	0.0,380.0,1.5303845644800163,1.5303845644800163,-47465.30870358743,-47465.30870358743,-47465.30870358743,-9621.042116626293,-9621.042116626293,0.0,0.0
923952.2906822701;	0.0,381.0,2.1452645921971865,2.1452645921971865,-47463.16343899523,-47463.16343899523,-47463.16343899523,-9622.05736234479,-9622.05736234479,0.0,0.0
924099.529600435;	0.0,382.0,0.23685577485636,0.23685577485636,-47462.926583220375,-47462.926583220375,-47462.926583220375,-9622.05736234479,-9622.05736234479,0.0,0.0
924250.413533668;	0.0,383.0,0.7060375708964177,0.7060375708964177,-47462.22054564948,-47462.22054564948,-47462.22054564948,-9622.338168926148,-9622.338168926148,0.0,0.0
924539.7177885021;	0.0,384.0,0.22991931793540188,0.22991931793540188,-47461.99062633154,-47461.99062633154,-47461.99062633154,-9622.604822006739,-9622.604822006739,0.0,0.0
924539.8732043421;	0.0,385.0,3.8772847705074405,3.8772847705074414,-47458.11334156103,-47458.11334156103,-47458.11334156103,-9623.240300967853,-9623.240300967853,0.0,0.0
924662.24446809;	0.0,386.0,1.4289303819761585,1.4289303819761585,-47456.68441117906,-47456.68441117906,-47456.68441117906,-9623.138111570068,-9623.138111570068,0.0,0.0
924662.344464462;	0.0,387.0,4.018699749478811,4.018699749478811,-47452.66571142959,-47452.66571142959,-47452.66571142959,-9623.048498130027,-9623.048498130027,0.0,0.0
924789.9609305691;	0.0,388.0,1.6209138029920958,1.6209138029920958,-47451.04479762661,-47451.04479762661,-47451.04479762661,-9623.174265617397,-9623.174265617397,0.0,0.0
924909.5465292;	0.0,389.0,3.9964719032301588,3.996471903230159,-47447.04832572337,-47447.04832572337,-47447.04832572337,-9626.580037640397,-9626.580037640397,0.0,0.0
925034.6374914531;	0.0,390.0,1.6166618984037715,1.6166618984037715,-47445.43166382496,-47445.43166382496,-47445.43166382496,-9625.635315287453,-9625.635315287453,0.0,0.0
925035.1971394371;	0.0,391.0,1.9510194191463086,1.9510194191463088,-47443.480644405805,-47443.480644405805,-47443.480644405805,-9623.606101534391,-9623.606101534391,0.0,0.0
925197.3405192471;	0.0,392.0,0.8604115892269419,0.8604115892269419,-47442.62023281658,-47442.62023281658,-47442.62023281658,-9623.137685812131,-9623.137685812131,0.0,0.0
925210.926877807;	0.0,393.0,1.4958052777467064,1.4958052777467064,-47441.12442753884,-47441.12442753884,-47441.12442753884,-9624.21362208298,-9624.21362208298,0.0,0.0
925219.78899498;	0.0,394.0,0.6451667548569731,0.6451667548569731,-47440.479260783985,-47440.479260783985,-47440.479260783985,-9624.33383905818,-9624.33383905818,0.0,0.0
925219.970761053;	0.0,395.0,1.0568852902134962,1.0568852902134962,-47439.42237549374,-47439.42237549374,-47439.42237549374,-9624.052559797696,-9624.052559797696,0.0,0.0
925671.2037393161;	0.0,396.0,0.7666896773085341,0.7666896773085341,-47438.655685816455,-47438.655685816455,-47438.655685816455,-9624.760948950085,-9624.760948950085,0.0,0.0
925761.7203862021;	0.0,397.0,2.084357316630893,2.0843573166308933,-47436.57132849983,-47436.57132849983,-47436.57132849983,-9625.147857401764,-9625.147857401764,0.0,0.0
925914.455743098;	0.0,398.0,1.031257038968775,1.031257038968775,-47435.54007146085,-47435.54007146085,-47435.54007146085,-9625.064790529326,-9625.064790529326,0.0,0.0
925924.185554369;	0.0,399.0,1.2296797136456994,1.2296797136456994,-47434.310391747196,-47434.310391747196,-47434.310391747196,-9625.583747512715,-9625.583747512715,0.0,0.0
926123.030319766;	0.0,400.0,2.049810754203534,2.049810754203534,-47432.260580993,-47432.260580993,-47432.260580993,-9625.772261895789,-9625.772261895789,0.0,0.0
926306.5050621501;	0.0,401.0,0.6037693731020681,0.6037693731020681,-47431.65681161988,-47431.65681161988,-47431.65681161988,-9626.246993080187,-9626.246993080187,0.0,0.0
926307.150799063;	0.0,402.0,0.9987294696947515,0.9987294696947515,-47430.65808215021,-47430.65808215021,-47430.65808215021,-9626.96743020201,-9626.96743020201,0.0,0.0
926317.910457747;	0.0,403.0,6.892625721700867,6.892625721700867,-47423.7654564285,-47423.7654564285,-47423.7654564285,-9623.468795587418,-9623.468795587418,0.0,0.0
926656.7658727971;	0.0,404.0,23.288212740200137,23.288212740200137,-47400.4772436883,-47400.4772436883,-47400.4772436883,-9617.263422513674,-9617.263422513674,0.0,0.0
926760.1777058981;	0.0,405.0,3.094473475961248,3.094473475961248,-47397.38277021236,-47397.38277021236,-47397.38277021236,-9618.074192298962,-9618.074192298962,0.0,0.0
926762.4220235681;	0.0,406.0,1.5428838158411082,1.5428838158411082,-47395.839886396534,-47395.839886396534,-47395.839886396534,-9618.8883427043,-9618.8883427043,0.0,0.0
926763.822677206;	0.0,407.0,2.8793208573649807,2.8793208573649807,-47392.960565539164,-47392.960565539164,-47392.960565539164,-9619.620591003171,-9619.620591003171,0.0,0.0
926899.590068525;	0.0,408.0,1.268818643018161,1.268818643018161,-47391.69174689613,-47391.69174689613,-47391.69174689613,-9618.725745878126,-9618.725745878126,0.0,0.0
927052.0020633071;	0.0,409.0,8.579096582852628,8.579096582852628,-47383.112650313284,-47383.112650313284,-47383.112650313284,-9623.314233151148,-9623.314233151148,0.0,0.0
927386.002351728;	0.0,410.0,0.7329722965366061,0.7329722965366061,-47382.37967801675,-47382.37967801675,-47382.37967801675,-9623.41753907467,-9623.41753907467,0.0,0.0
927386.854710476;	0.0,411.0,0.5687530861891847,0.5687530861891847,-47381.810924930556,-47381.810924930556,-47381.810924930556,-9623.41753907467,-9623.41753907467,0.0,0.0
927387.0342528671;	0.0,412.0,0.37793722437729116,0.37793722437729116,-47381.43298770619,-47381.43298770619,-47381.43298770619,-9623.992244575287,-9623.992244575287,0.0,0.0
927387.5138681651;	0.0,413.0,0.5573396446725809,0.5573396446725809,-47380.875648061505,-47380.875648061505,-47380.875648061505,-9623.894979838064,-9623.894979838064,0.0,0.0
927387.828475764;	0.0,414.0,0.7221826458216398,0.7221826458216398,-47380.15346541568,-47380.15346541568,-47380.15346541568,-9623.83873323226,-9623.83873323226,0.0,0.0
927522.4934169201;	0.0,415.0,0.8966573841747589,0.8966573841747589,-47379.25680803151,-47379.25680803151,-47379.25680803151,-9624.194183078236,-9624.194183078236,0.0,0.0
927523.3936232801;	0.0,416.0,0.35556513232953524,0.35556513232953524,-47378.90124289918,-47378.90124289918,-47378.90124289918,-9624.324279155117,-9624.324279155117,0.0,0.0
927690.0764783651;	0.0,417.0,0.8864810495622288,0.8864810495622288,-47378.014761849605,-47378.014761849605,-47378.014761849605,-9624.655979200068,-9624.655979200068,0.0,0.0
927693.156787939;	0.0,418.0,2.997508057286968,2.9975080572869395,-47375.01725379233,-47375.01725379233,-47375.01725379233,-9624.564089486264,-9624.564089486264,0.0,0.0
927857.7623106621;	0.0,419.0,3.732104022562986,3.732104022562986,-47371.28514976976,-47371.28514976976,-47371.28514976976,-9624.262856380434,-9624.262856380434,0.0,0.0
927858.252340201;	0.0,420.0,6.190021148837783,6.190021148837783,-47365.095128620924,-47365.095128620924,-47365.095128620924,-9624.971338656624,-9624.971338656624,0.0,0.0
927858.7338109431;	0.0,421.0,0.8602491888529613,0.8602491888529613,-47364.23487943208,-47364.23487943208,-47364.23487943208,-9625.565617509521,-9625.565617509521,0.0,0.0
928027.878467881;	0.0,422.0,1.3753992176072103,1.3753992176072103,-47362.85948021446,-47362.85948021446,-47362.85948021446,-9624.607156296082,-9624.607156296082,0.0,0.0
928028.3309074211;	0.0,423.0,14.455881302720016,14.455881302720016,-47348.40359891173,-47348.40359891173,-47348.40359891173,-9625.481496917006,-9625.481496917006,0.0,0.0
928186.455018172;	0.0,424.0,2.385666804020419,2.385666804020419,-47346.01793210772,-47346.01793210772,-47346.01793210772,-9626.331058857037,-9626.331058857037,0.0,0.0
928187.630282199;	0.0,425.0,1.0045805718927516,1.0045805718927516,-47345.013351535825,-47345.013351535825,-47345.013351535825,-9626.6627719311,-9626.6627719311,0.0,0.0
928191.685113157;	0.0,426.0,0.8848177762171646,0.8848177762171646,-47344.12853375961,-47344.12853375961,-47344.12853375961,-9627.038554410841,-9627.038554410841,0.0,0.0
928203.8592971091;	0.0,427.0,2.6302485759567666,2.630248575956764,-47341.49828518367,-47341.49828518367,-47341.49828518367,-9625.913750880138,-9625.913750880138,0.0,0.0
928345.1245496251;	0.0,428.0,0.8240409910413892,0.8240409910413892,-47340.674244192625,-47340.674244192625,-47340.674244192625,-9625.611044740477,-9625.611044740477,0.0,0.0
928345.453149941;	0.0,429.0,3.492739463579417,3.492739463579417,-47337.18150472905,-47337.18150472905,-47337.18150472905,-9627.818940839534,-9627.818940839534,0.0,0.0
928494.6201496591;	0.0,430.0,4.935853303292166,4.935853303292166,-47332.24565142574,-47332.24565142574,-47332.24565142574,-9627.420081468597,-9627.420081468597,0.0,0.0
928494.8133179661;	0.0,431.0,0.5753641449035618,0.5753641449035618,-47331.670287280846,-47331.670287280846,-47331.670287280846,-9627.420081468597,-9627.420081468597,0.0,0.0
928494.965874133;	0.0,432.0,1.8943533887323998,1.8943533887323998,-47329.77593389211,-47329.77593389211,-47329.77593389211,-9627.955833215285,-9627.955833215285,0.0,0.0
928617.7014847171;	0.0,433.0,0.6774327120091712,0.6774327120091712,-47329.0985011801,-47329.0985011801,-47329.0985011801,-9628.376136140194,-9628.376136140194,0.0,0.0
928755.293117171;	0.0,434.0,2.0193564476986388,2.0193564476986388,-47327.07914473239,-47327.07914473239,-47327.07914473239,-9628.434110049902,-9628.434110049902,0.0,0.0
928934.6694054831;	0.0,435.0,0.32998430401930534,0.32998430401930534,-47326.74916042836,-47326.74916042836,-47326.74916042836,-9629.066936586913,-9629.066936586913,0.0,0.0
928935.433335524;	0.0,436.0,1.13980512385811,1.13980512385811,-47325.60935530451,-47325.60935530451,-47325.60935530451,-9629.62976676738,-9629.62976676738,0.0,0.0
929109.2872646011;	0.0,437.0,0.8606549150207319,0.8606549150207319,-47324.748700389486,-47324.748700389486,-47324.748700389486,-9631.008312030572,-9631.008312030572,0.0,0.0
929110.139408126;	0.0,438.0,0.1584174036983228,0.1584174036983228,-47324.59028298579,-47324.59028298579,-47324.59028298579,-9630.817501234249,-9630.817501234249,0.0,0.0
929111.0399721221;	0.0,439.0,0.9293822579029404,0.9293822579029403,-47323.66090072788,-47323.66090072788,-47323.66090072788,-9629.508531566915,-9629.508531566915,0.0,0.0
929127.471318503;	0.0,440.0,4.180433407535432,4.180433407535432,-47319.48046732035,-47319.48046732035,-47319.48046732035,-9627.667039062788,-9627.667039062788,0.0,0.0
929307.2497821391;	0.0,441.0,1.7404544541956497,1.7404544541956497,-47317.740012866154,-47317.740012866154,-47317.740012866154,-9627.24569042336,-9627.24569042336,0.0,0.0
929307.861490719;	0.0,442.0,1.439818194933409,1.439818194933409,-47316.30019467122,-47316.30019467122,-47316.30019467122,-9629.883055497738,-9629.883055497738,0.0,0.0
929339.204087506;	0.0,443.0,1.3822672226840405,1.38226722268404,-47314.91792744855,-47314.91792744855,-47314.91792744855,-9629.800920775244,-9629.800920775244,0.0,0.0
929475.302121791;	0.0,444.0,0.18183822085437407,0.18183822085437407,-47314.73608922769,-47314.73608922769,-47314.73608922769,-9630.092412020605,-9630.092412020605,0.0,0.0
929612.391022822;	0.0,445.0,0.24395082084716058,0.24395082084716058,-47314.492138406844,-47314.492138406844,-47314.492138406844,-9630.80089097825,-9630.80089097825,0.0,0.0
929749.805697269;	0.0,446.0,0.3071049748056254,0.3071049748056254,-47314.18503343203,-47314.18503343203,-47314.18503343203,-9630.829032403317,-9630.829032403317,0.0,0.0
929751.066549962;	0.0,447.0,0.46033723678664273,0.46033723678664273,-47313.72469619525,-47313.72469619525,-47313.72469619525,-9631.115392802507,-9631.115392802507,0.0,0.0
929751.743503122;	0.0,448.0,0.459228891535048,0.459228891535048,-47313.2654673037,-47313.2654673037,-47313.2654673037,-9631.28385624991,-9631.28385624991,0.0,0.0
930150.3296878701;	0.0,449.0,0.14843953693767686,0.14843953693767686,-47313.11702776676,-47313.11702776676,-47313.11702776676,-9631.477471813321,-9631.477471813321,0.0,0.0
930323.259260377;	0.0,450.0,0.1836646308279063,0.1836646308279054,-47312.93336313593,-47312.93336313593,-47312.93336313593,-9631.65934567877,-9631.65934567877,0.0,0.0
930497.3325598751;	0.0,451.0,0.7408713464865713,0.7408713464865713,-47312.19249178945,-47312.19249178945,-47312.19249178945,-9632.067251965887,-9632.067251965887,0.0,0.0
930497.6881257731;	0.0,452.0,3.5254975735585674,3.5254975735585674,-47308.666994215906,-47308.666994215906,-47308.666994215906,-9630.742150361491,-9630.742150361491,0.0,0.0
930688.0475537591;	0.0,453.0,10.421772702666246,10.421772702666246,-47298.24522151325,-47298.24522151325,-47298.24522151325,-9629.444380292685,-9629.444380292685,0.0,0.0
930689.274233198;	0.0,454.0,12.501576464264849,12.501576464264849,-47285.74364504899,-47285.74364504899,-47285.74364504899,-9628.809884054872,-9628.809884054872,0.0,0.0
930690.6881403091;	0.0,455.0,2.1970614662489822,2.1970614662489822,-47283.546583582734,-47283.546583582734,-47283.546583582734,-9629.63705781201,-9629.63705781201,0.0,0.0
930713.2496268341;	0.0,456.0,1.6736925829649767,1.6736925829649767,-47281.87289099979,-47281.87289099979,-47281.87289099979,-9628.440644469762,-9628.440644469762,0.0,0.0
930714.667399339;	0.0,457.0,0.7726002385845021,0.7726002385845021,-47281.1002907612,-47281.1002907612,-47281.1002907612,-9628.384802267185,-9628.384802267185,0.0,0.0
930735.4149261591;	0.0,458.0,0.5008648131028224,0.5008648131028224,-47280.59942594808,-47280.59942594808,-47280.59942594808,-9628.632177332545,-9628.632177332545,0.0,0.0
930736.570841094;	0.0,459.0,2.262607878047448,2.262607878047448,-47278.33681807004,-47278.33681807004,-47278.33681807004,-9628.918192722402,-9628.918192722402,0.0,0.0
930755.137106976;	0.0,460.0,0.28961026574480186,0.28961026574480186,-47278.04720780431,-47278.04720780431,-47278.04720780431,-9629.208169884192,-9629.208169884192,0.0,0.0
930755.5168799311;	0.0,461.0,3.5654070111907536,3.5654070111907554,-47274.48180079312,-47274.48180079312,-47274.48180079312,-9629.55541518256,-9629.55541518256,0.0,0.0
930939.166520196;	0.0,462.0,2.409357695065193,2.409357695065193,-47272.07244309805,-47272.07244309805,-47272.07244309805,-9629.651294179843,-9629.651294179843,0.0,0.0
930950.5654122811;	0.0,463.0,1.1759644502281272,1.1759644502281272,-47270.89647864783,-47270.89647864783,-47270.89647864783,-9631.28076822076,-9631.28076822076,0.0,0.0
930959.1850884911;	0.0,464.0,6.766812597873013,6.766812597873013,-47264.129666049965,-47264.129666049965,-47264.129666049965,-9629.821224403444,-9629.821224403444,0.0,0.0
931142.1258140841;	0.0,465.0,135.3309078264021,135.3309078264021,-47128.79875822355,-47128.79875822355,-47128.79875822355,-9604.83021334641,-9604.83021334641,0.0,0.0
931281.863453245;	0.0,466.0,34.086155894751464,34.086155894751464,-47094.7126023288,-47094.7126023288,-47094.7126023288,-9598.630134562682,-9598.630134562682,0.0,0.0
931451.788695467;	0.0,467.0,5.427403809887732,5.427403809887732,-47089.28519851889,-47089.28519851889,-47089.28519851889,-9598.548097865476,-9598.548097865476,0.0,0.0
931593.0623727221;	0.0,468.0,5.727066066629489,5.727066066629489,-47083.55813245225,-47083.55813245225,-47083.55813245225,-9597.434898841097,-9597.434898841097,0.0,0.0
931771.503850794;	0.0,469.0,1.8509365712431816,1.8509365712431816,-47081.70719588101,-47081.70719588101,-47081.70719588101,-9599.146500324043,-9599.146500324043,0.0,0.0
931772.0616353201;	0.0,470.0,0.3031109730874846,0.3031109730874846,-47081.40408490793,-47081.40408490793,-47081.40408490793,-9600.269668495386,-9600.269668495386,0.0,0.0
931772.986235087;	0.0,471.0,1.3537588092291823,1.3537588092291826,-47080.05032609872,-47080.05032609872,-47080.05032609872,-9601.954773794454,-9601.954773794454,0.0,0.0
931893.852333163;	0.0,472.0,1.8228035867875647,1.8228035867875647,-47078.227522511916,-47078.227522511916,-47078.227522511916,-9602.519355963554,-9602.519355963554,0.0,0.0
931894.684992966;	0.0,473.0,0.41763344450100703,0.41763344450100703,-47077.80988906742,-47077.80988906742,-47077.80988906742,-9602.443834858492,-9602.443834858492,0.0,0.0
931896.849464499;	0.0,474.0,0.41673185948863534,0.41673185948863534,-47077.39315720794,-47077.39315720794,-47077.39315720794,-9602.878181878403,-9602.878181878403,0.0,0.0
931897.3547668031;	0.0,475.0,1.0948001424204867,1.0948001424204867,-47076.29835706552,-47076.29835706552,-47076.29835706552,-9603.241431123553,-9603.241431123553,0.0,0.0
932104.882152208;	0.0,476.0,0.8362732195703586,0.8362732195703586,-47075.46208384595,-47075.46208384595,-47075.46208384595,-9602.13548919987,-9602.13548919987,0.0,0.0
932125.9671229661;	0.0,477.0,0.7920454958566907,0.7920454958566907,-47074.6700383501,-47074.6700383501,-47074.6700383501,-9602.32583082574,-9602.32583082574,0.0,0.0
932127.9439775201;	0.0,478.0,0.13670851231414183,0.1367085123141436,-47074.53332983778,-47074.53332983778,-47074.53332983778,-9602.299110216743,-9602.299110216743,0.0,0.0
932279.660462634;	0.0,479.0,0.4080032171697301,0.4080032171697301,-47074.12532662063,-47074.12532662063,-47074.12532662063,-9603.115641941464,-9603.115641941464,0.0,0.0
932279.8090951131;	0.0,480.0,5.940619834895948,5.940619834895944,-47068.18470678573,-47068.18470678573,-47068.18470678573,-9602.459733884592,-9602.459733884592,0.0,0.0
932488.3782416601;	0.0,481.0,1.5323984872063132,1.5323984872063132,-47066.65230829854,-47066.65230829854,-47066.65230829854,-9602.798709251432,-9602.798709251432,0.0,0.0
932488.741033814;	0.0,482.0,0.13581460245322985,0.13581460245322985,-47066.51649369608,-47066.51649369608,-47066.51649369608,-9602.768190336743,-9602.768190336743,0.0,0.0
932642.2978893111;	0.0,483.0,0.4033940206149964,0.4033940206149964,-47066.11309967545,-47066.11309967545,-47066.11309967545,-9602.755868737842,-9602.755868737842,0.0,0.0
932643.4941546641;	0.0,484.0,0.7997778941193125,0.7997778941193125,-47065.31332178133,-47065.31332178133,-47065.31332178133,-9603.245153738384,-9603.245153738384,0.0,0.0
932644.980381121;	0.0,485.0,0.5176832780565164,0.5176832780565164,-47064.795638503274,-47064.795638503274,-47064.795638503274,-9603.784070162412,-9603.784070162412,0.0,0.0
932839.1938501621;	0.0,486.0,0.12907704227514216,0.12907704227514216,-47064.666561460996,-47064.666561460996,-47064.666561460996,-9603.901853198067,-9603.901853198067,0.0,0.0
932839.45734564;	0.0,487.0,0.6446578105267631,0.6446578105267631,-47064.02190365047,-47064.02190365047,-47064.02190365047,-9603.868597630375,-9603.868597630375,0.0,0.0
932839.7369572051;	0.0,488.0,1.1246361892513672,1.1246361892513674,-47062.897267461216,-47062.897267461216,-47062.897267461216,-9603.87003194064,-9603.87003194064,0.0,0.0
932998.5614592971;	0.0,489.0,0.2496663376064987,0.2496663376064987,-47062.647601123615,-47062.647601123615,-47062.647601123615,-9603.896536230615,-9603.896536230615,0.0,0.0
932998.7561441101;	0.0,490.0,0.7489021383929626,0.7489021383929626,-47061.898698985235,-47061.898698985235,-47061.898698985235,-9604.166208276365,-9604.166208276365,0.0,0.0
932998.9325016121;	0.0,491.0,0.7477060660337713,0.7477060660337713,-47061.15099291918,-47061.15099291918,-47061.15099291918,-9604.374213684188,-9604.374213684188,0.0,0.0
932999.163492133;	0.0,492.0,44.139589490292764,44.139589490292764,-47017.0114034289,-47017.0114034289,-47017.0114034289,-9598.893871537986,-9598.893871537986,0.0,0.0
933167.138622515;	0.0,493.0,0.9043540170698972,0.90435401706989,-47016.10704941183,-47016.10704941183,-47016.10704941183,-9599.078497762295,-9599.078497762295,0.0,0.0
933378.386307899;	0.0,494.0,0.12414120639131188,0.12414120639131188,-47015.982908205435,-47015.982908205435,-47015.982908205435,-9599.284906263385,-9599.284906263385,0.0,0.0
933503.2694917561;	0.0,495.0,0.9849556789996448,0.9849556789996448,-47014.99795252644,-47014.99795252644,-47014.99795252644,-9595.887142446683,-9595.887142446683,0.0,0.0
933686.834006567;	0.0,496.0,0.6147046790391162,0.6147046790391162,-47014.383247847414,-47014.383247847414,-47014.383247847414,-9595.027052157753,-9595.027052157753,0.0,0.0
933709.922231822;	0.0,497.0,0.12246598356076532,0.12246598356076532,-47014.26078186385,-47014.26078186385,-47014.26078186385,-9595.027052157753,-9595.027052157753,0.0,0.0
933841.196250905;	0.0,498.0,0.4786914546162109,0.4786914546162109,-47013.78209040925,-47013.78209040925,-47013.78209040925,-9595.138938574826,-9595.138938574826,0.0,0.0
933856.4512439561;	0.0,499.0,0.2592028589181723,0.2592028589181723,-47013.52288755033,-47013.52288755033,-47013.52288755033,-9595.406082460355,-9595.406082460355,0.0,0.0
933858.054343712;	0.0,500.0,0.3563374946052509,0.3563374946052509,-47013.166550055736,-47013.166550055736,-47013.166550055736,-9595.893939893098,-9595.893939893098,0.0,0.0
933858.8260492;	0.0,501.0,3.9516939228806223,3.951693922880594,-47009.21485613284,-47009.21485613284,-47009.21485613284,-9596.66781981695,-9596.66781981695,0.0,0.0
934042.8518411481;	0.0,502.0,4.443338813504596,4.443338813504624,-47004.77151731935,-47004.77151731935,-47004.77151731935,-9596.196286387327,-9596.196286387327,0.0,0.0
934244.7659762651;	0.0,503.0,2.7484247496163796,2.748424749616376,-47002.02309256973,-47002.02309256973,-47002.02309256973,-9595.5253496376,-9595.5253496376,0.0,0.0
934402.717603606;	0.0,504.0,0.6866607425049462,0.6866607425049462,-47001.336431827214,-47001.336431827214,-47001.336431827214,-9596.687706250223,-9596.687706250223,0.0,0.0
934538.1554637171;	0.0,505.0,0.3414982381826297,0.3414982381826297,-47000.99493358905,-47000.99493358905,-47000.99493358905,-9596.687706250223,-9596.687706250223,0.0,0.0
934538.5189542421;	0.0,506.0,0.556827555906734,0.556827555906734,-47000.43810603314,-47000.43810603314,-47000.43810603314,-9596.890797311646,-9596.890797311646,0.0,0.0
934741.487970369;	0.0,507.0,0.5415171987606691,0.5415171987606691,-46999.89658883439,-46999.89658883439,-46999.89658883439,-9597.268696329807,-9597.268696329807,0.0,0.0
934742.0188581621;	0.0,508.0,0.10309643601367924,0.10309643601367924,-46999.79349239836,-46999.79349239836,-46999.79349239836,-9597.268696329807,-9597.268696329807,0.0,0.0
934742.691267556;	0.0,509.0,0.10309643601367924,0.10309643601367924,-46999.69039596235,-46999.69039596235,-46999.69039596235,-9597.248077042605,-9597.248077042605,0.0,0.0
934742.993337024;	0.0,510.0,0.8762800313215375,0.8762800313215375,-46998.814115931025,-46998.814115931025,-46998.814115931025,-9595.185312849911,-9595.185312849911,0.0,0.0
934847.570475146;	0.0,511.0,2.597855804893129,2.597855804893129,-46996.21626012613,-46996.21626012613,-46996.21626012613,-9593.0857224576,-9593.0857224576,0.0,0.0
935021.628805518;	0.0,512.0,0.8934452492674367,0.8934452492674367,-46995.32281487687,-46995.32281487687,-46995.32281487687,-9593.58414286459,-9593.58414286459,0.0,0.0
935022.160912598;	0.0,513.0,0.19168938365530153,0.19168938365530153,-46995.13112549321,-46995.13112549321,-46995.13112549321,-9593.498236614849,-9593.498236614849,0.0,0.0
935022.569416056;	0.0,514.0,0.7039410770573173,0.7039410770573173,-46994.42718441615,-46994.42718441615,-46994.42718441615,-9593.2343446096,-9593.2343446096,0.0,0.0
935023.2934392481;	0.0,515.0,2.2788697125220665,2.2788697125220665,-46992.14831470364,-46992.14831470364,-46992.14831470364,-9593.297880942133,-9593.297880942133,0.0,0.0
935410.037327409;	0.0,516.0,0.3701082697904212,0.3701082697904212,-46991.77820643384,-46991.77820643384,-46991.77820643384,-9593.489644755819,-9593.489644755819,0.0,0.0
935825.8902921;	0.0,517.0,0.37937046149370146,0.37937046149370146,-46991.39883597236,-46991.39883597236,-46991.39883597236,-9593.575337776658,-9593.575337776658,0.0,0.0
936076.8539625391;	0.0,518.0,1.82938076563034,1.82938076563034,-46989.56945520673,-46989.56945520673,-46989.56945520673,-9594.714584422452,-9594.714584422452,0.0,0.0
936097.2352966651;	0.0,519.0,0.4944298644853973,0.4944298644853973,-46989.075025342245,-46989.075025342245,-46989.075025342245,-9595.209275451522,-9595.209275451522,0.0,0.0
936105.5789688231;	0.0,520.0,0.37834831348360964,0.37834831348360964,-46988.696677028754,-46988.696677028754,-46988.696677028754,-9594.71639723874,-9594.71639723874,0.0,0.0
936114.8747352981;	0.0,521.0,0.6557764085214758,0.6557764085214758,-46988.04090062022,-46988.04090062022,-46988.04090062022,-9597.326423248955,-9597.326423248955,0.0,0.0
936224.8135823411;	0.0,522.0,2.4893335939600645,2.4893335939600636,-46985.55156702626,-46985.55156702626,-46985.55156702626,-9597.37506687223,-9597.37506687223,0.0,0.0
936426.2788516061;	0.0,523.0,0.3978366693770514,0.3978366693770514,-46985.153730356884,-46985.153730356884,-46985.153730356884,-9597.756601529727,-9597.756601529727,0.0,0.0
936644.316236753;	0.0,524.0,0.2563276745767513,0.2563276745767522,-46984.897402682305,-46984.897402682305,-46984.897402682305,-9597.465624731765,-9597.465624731765,0.0,0.0
936806.2932655531;	0.0,525.0,2.8806360816477703,2.8806360816477703,-46982.01676660065,-46982.01676660065,-46982.01676660065,-9597.271255891957,-9597.271255891957,0.0,0.0
937183.7133521511;	0.0,526.0,1.7663296354927258,1.7663296354927223,-46980.250436965165,-46980.250436965165,-46980.250436965165,-9600.615032426189,-9600.615032426189,0.0,0.0
937316.013669898;	0.0,527.0,0.2986887580507531,0.2986887580507531,-46979.951748207124,-46979.951748207124,-46979.951748207124,-9600.66358147929,-9600.66358147929,0.0,0.0
937316.2353677311;	0.0,528.0,0.219589116789626,0.219589116789626,-46979.73215909034,-46979.73215909034,-46979.73215909034,-9600.40429888136,-9600.40429888136,0.0,0.0
937316.4904265881;	0.0,529.0,2.706909560707846,2.706909560707846,-46977.02524952962,-46977.02524952962,-46977.02524952962,-9600.984429396765,-9600.984429396765,0.0,0.0
937664.356807776;	0.0,530.0,3.9108422919160555,3.9108422919160555,-46973.11440723771,-46973.11440723771,-46973.11440723771,-9600.972725142445,-9600.972725142445,0.0,0.0
937954.031346509;	0.0,531.0,0.9861536951198282,0.9861536951198282,-46972.128253542585,-46972.128253542585,-46972.128253542585,-9601.149330494187,-9601.149330494187,0.0,0.0
938337.452780846;	0.0,532.0,2.2264859198625118,2.2264859198625118,-46969.90176762275,-46969.90176762275,-46969.90176762275,-9599.715890951535,-9599.715890951535,0.0,0.0
938529.269596316;	0.0,533.0,9.647059462704668,9.647059462704668,-46960.254708160064,-46960.254708160064,-46960.254708160064,-9597.467957026913,-9597.467957026913,0.0,0.0
938531.0044222011;	0.0,534.0,101.90335819169343,101.90335819169354,-46858.351349968376,-46858.351349968376,-46858.351349968376,-9582.057752115606,-9582.057752115606,0.0,0.0
938893.7556619741;	0.0,535.0,26.5387210865714,26.5387210865714,-46831.81262888181,-46831.81262888181,-46831.81262888181,-9571.626374277164,-9571.626374277164,0.0,0.0
939125.701036187;	0.0,536.0,107.60383074070654,107.60383074070648,-46724.2087981411,-46724.2087981411,-46724.2087981411,-9543.955677928678,-9543.955677928678,0.0,0.0
939466.85471211;	0.0,537.0,30.63438836469627,30.63438836469627,-46693.5744097764,-46693.5744097764,-46693.5744097764,-9536.772207569404,-9536.772207569404,0.0,0.0
939683.4488692291;	0.0,538.0,9.206286114161628,9.206286114161628,-46684.36812366224,-46684.36812366224,-46684.36812366224,-9536.61567878855,-9536.61567878855,0.0,0.0
939876.647220614;	0.0,539.0,16.79106157555478,16.791061575554778,-46667.57706208668,-46667.57706208668,-46667.57706208668,-9532.741874691228,-9532.741874691228,0.0,0.0
940073.1545837901;	0.0,540.0,5.86230645817777,5.86230645817777,-46661.7147556285,-46661.7147556285,-46661.7147556285,-9531.449821575228,-9531.449821575228,0.0,0.0
940267.945627189;	0.0,541.0,0.9788245615709834,0.9788245615709834,-46660.73593106693,-46660.73593106693,-46660.73593106693,-9531.218341955399,-9531.218341955399,0.0,0.0
940683.0867033631;	0.0,542.0,56.10614232399172,56.10614232399166,-46604.62978874295,-46604.629788742954,-46604.62978874295,-9517.531990512934,-9517.531990512934,0.0,0.0
941096.3260539981;	0.0,543.0,7.426910774156568,7.426910774156568,-46597.20287796879,-46597.20287796879,-46597.20287796879,-9516.73608193349,-9516.73608193349,0.0,0.0
941297.2733749391;	0.0,544.0,6.613623592694864,6.613623592694864,-46590.589254376086,-46590.589254376086,-46590.589254376086,-9514.62057919563,-9514.62057919563,0.0,0.0
941297.8440337351;	0.0,545.0,5.9554537205028275,5.9554537205028275,-46584.63380065558,-46584.63380065558,-46584.63380065558,-9514.331934889595,-9514.331934889595,0.0,0.0
941538.181233137;	0.0,546.0,3.769994733181838,3.769994733181838,-46580.863805922396,-46580.863805922396,-46580.863805922396,-9514.630162924028,-9514.630162924028,0.0,0.0
941798.9231626131;	0.0,547.0,31.58630144819915,31.58630144819915,-46549.27750447419,-46549.27750447419,-46549.27750447419,-9506.650966090368,-9506.650966090368,0.0,0.0
942163.9876448801;	0.0,548.0,15.67246907346766,15.67246907346766,-46533.605035400724,-46533.605035400724,-46533.605035400724,-9501.297745346666,-9501.297745346666,0.0,0.0
942465.0759136601;	0.0,549.0,9.80676965798601,9.80676965798601,-46523.79826574274,-46523.79826574274,-46523.79826574274,-9501.085384326983,-9501.085384326983,0.0,0.0
942631.960614696;	0.0,550.0,15.59839518930832,15.598395189308322,-46508.199870553435,-46508.199870553435,-46508.199870553435,-9497.062218069004,-9497.062218069004,0.0,0.0
942884.9988919051;	0.0,551.0,4.170596662233834,4.170596662233834,-46504.0292738912,-46504.0292738912,-46504.0292738912,-9495.595117920928,-9495.595117920928,0.0,0.0
943046.43103593;	0.0,552.0,0.9805838123885238,0.9805838123885238,-46503.04869007882,-46503.04869007882,-46503.04869007882,-9496.208746308486,-9496.208746308486,0.0,0.0
943047.3303605671;	0.0,553.0,8.488286274312461,8.488286274312461,-46494.560403804506,-46494.560403804506,-46494.560403804506,-9493.354916203452,-9493.354916203452,0.0,0.0
943326.015435251;	0.0,554.0,1.221427809593031,1.221427809593031,-46493.338975994906,-46493.338975994906,-46493.338975994906,-9493.477360718884,-9493.477360718884,0.0,0.0
943597.174488342;	0.0,555.0,1.105425472715666,1.105425472715666,-46492.233550522185,-46492.233550522185,-46492.233550522185,-9493.584543484409,-9493.584543484409,0.0,0.0
943597.802364137;	0.0,556.0,0.9758037127452184,0.9758037127452184,-46491.25774680944,-46491.25774680944,-46491.25774680944,-9493.379554547093,-9493.379554547093,0.0,0.0
943862.007633593;	0.0,557.0,0.9494749167386054,0.9494749167386054,-46490.30827189269,-46490.30827189269,-46490.30827189269,-9493.782726306192,-9493.782726306192,0.0,0.0
944121.785944235;	0.0,558.0,0.6040010443873687,0.6040010443873687,-46489.70427084829,-46489.70427084829,-46489.70427084829,-9494.291848528661,-9494.291848528661,0.0,0.0
944122.234281072;	0.0,559.0,0.563971784802451,0.563971784802451,-46489.140299063496,-46489.140299063496,-46489.140299063496,-9494.607840321567,-9494.607840321567,0.0,0.0
944405.791047238;	0.0,560.0,1.3884718327383416,1.3884718327383418,-46487.75182723076,-46487.75182723076,-46487.75182723076,-9495.835185909847,-9495.835185909847,0.0,0.0
944673.963773407;	0.0,561.0,1.250049614192493,1.250049614192493,-46486.50177761658,-46486.50177761658,-46486.50177761658,-9495.00269920635,-9495.00269920635,0.0,0.0
944675.9817678451;	0.0,562.0,0.4211024520020583,0.4211024520020583,-46486.08067516458,-46486.08067516458,-46486.08067516458,-9495.237927414983,-9495.237927414983,0.0,0.0
944965.4628224041;	0.0,563.0,0.6940648681875277,0.6940648681875277,-46485.386610296395,-46485.386610296395,-46485.386610296395,-9495.643814673447,-9495.643814673447,0.0,0.0
945203.662815556;	0.0,564.0,3.938666347229711,3.9386663472297165,-46481.44794394918,-46481.44794394918,-46481.44794394918,-9496.60227494603,-9496.60227494603,0.0,0.0
945496.0803917701;	0.0,565.0,2.2018511854756233,2.2018511854756233,-46479.24609276371,-46479.24609276371,-46479.24609276371,-9498.15762490425,-9498.15762490425,0.0,0.0
945542.3471405491;	0.0,566.0,1.0668944390466852,1.0668944390466852,-46478.17919832466,-46478.17919832466,-46478.17919832466,-9497.951558481294,-9497.951558481294,0.0,0.0
945543.1372873691;	0.0,567.0,0.6982460825358178,0.6982460825358178,-46477.48095224213,-46477.48095224213,-46477.48095224213,-9497.802182997717,-9497.802182997717,0.0,0.0
945823.454803057;	0.0,568.0,0.7209332590172259,0.7209332590172259,-46476.7600189831,-46476.7600189831,-46476.7600189831,-9497.534906278708,-9497.534906278708,0.0,0.0
946061.420685369;	0.0,569.0,0.871315861275915,0.871315861275915,-46475.88870312183,-46475.88870312183,-46475.88870312183,-9497.476655613907,-9497.476655613907,0.0,0.0
946064.0429789841;	0.0,570.0,0.10059983737948297,0.10059983737948297,-46475.78810328445,-46475.78810328445,-46475.78810328445,-9497.44433035235,-9497.44433035235,0.0,0.0
946380.8981671721;	0.0,571.0,2.357876902208263,2.357876902208263,-46473.43022638225,-46473.43022638225,-46473.43022638225,-9497.75743434454,-9497.75743434454,0.0,0.0
946642.230675125;	0.0,572.0,0.5725514181692374,0.5725514181692374,-46472.85767496409,-46472.85767496409,-46472.85767496409,-9498.834991953232,-9498.834991953232,0.0,0.0
946712.778252708;	0.0,573.0,0.2740465425485752,0.2740465425485752,-46472.58362842153,-46472.58362842153,-46472.58362842153,-9498.57045910112,-9498.57045910112,0.0,0.0
946713.4890440571;	0.0,574.0,0.18193434900453465,0.18193434900453465,-46472.40169407252,-46472.40169407252,-46472.40169407252,-9498.780263668648,-9498.780263668648,0.0,0.0
946940.6730731081;	0.0,575.0,0.5317709394700645,0.5317709394700645,-46471.869923133054,-46471.869923133054,-46471.869923133054,-9498.92684202294,-9498.92684202294,0.0,0.0
947209.9421090301;	0.0,576.0,0.996608675688851,0.996608675688851,-46470.873314457356,-46470.873314457356,-46470.873314457356,-9498.750593605406,-9498.750593605406,0.0,0.0
947213.880607221;	0.0,577.0,0.6173601316860072,0.6173601316860072,-46470.25595432567,-46470.25595432567,-46470.25595432567,-9498.976620188025,-9498.976620188025,0.0,0.0
